event_id,customer_id,event_ts,event_type,order_id,source
evt_000001,1118.0,2026-07-20T20:02:00+00:00,add_to_cart,,web
evt_000002,1181.0,2026-07-01T18:37:00+00:00,view_product,,ios
evt_000003,1216.0,2026-08-06T11:31:00+00:00,view_product,,web
evt_000004,1007.0,2026-08-01T09:40:00+00:00,purchase,50705,web
evt_000005,1069.0,2026-07-14T09:12:00+00:00,purchase,51179,web
evt_000006,1074.0,2026-07-19T18:10:00+00:00,view_product,,ios
evt_000007,1125.0,2026-07-05T16:30:00+00:00,purchase,50841,web
evt_000008,1066.0,2026-08-05T14:18:00+00:00,add_to_cart,,ios
evt_000009,1069.0,2026-07-09T18:20:00+00:00,view_product,,web
evt_000010,1006.0,2026-07-15T08:31:00+00:00,view_product,,web
evt_000011,1001.0,2026-07-17T06:50:00+00:00,view_product,,web
evt_000012,1100.0,2026-07-11T00:00:00+00:00,view_product,,web
evt_000013,999999.0,bad_ts,purchase,50003,web
evt_000014,1066.0,2026-08-07T19:29:00+00:00,view_product,,android
evt_000015,1054.0,2026-08-02T11:59:00+00:00,view_product,,web
evt_000016,1059.0,2026-07-21T03:58:00+00:00,view_product,,android
evt_000017,1216.0,2026-07-05T23:26:00+00:00,view_product,,web
evt_000018,1147.0,2026-08-02T19:13:00+00:00,add_to_cart,,web
evt_000019,1145.0,2026-07-10T18:08:00+00:00,view_product,,ios
evt_000020,1042.0,2026-08-04T14:53:00+00:00,view_product,,android
evt_000021,1200.0,2026-07-16T00:37:00+00:00,view_product,,web
evt_000022,1044.0,2026-07-20T16:50:00+00:00,add_to_cart,,web
evt_000023,1214.0,2026-07-17T14:15:00+00:00,add_to_cart,,ios
evt_000024,1211.0,2026-07-18T07:36:00+00:00,add_to_cart,,web
evt_000025,1126.0,2026-07-07T06:27:00+00:00,view_product,,ios
evt_000026,1192.0,2026-07-22T00:13:00+00:00,view_product,,android
evt_000027,999999.0,2026-07-16T07:30:00+00:00,add_to_cart,,web
evt_000028,1129.0,2026-08-02T05:08:00+00:00,add_to_cart,,android
evt_000029,1170.0,2026-07-19T03:13:00+00:00,view_product,,web
evt_000030,1131.0,2026-08-06T15:46:00+00:00,checkout_started,,android
evt_000031,1116.0,2026-07-12T06:33:00+00:00,view_product,,android
evt_000032,1074.0,2026-07-13T11:25:00+00:00,view_product,,ios
evt_000033,1145.0,2026-07-02T09:29:00+00:00,purchase,50636,android
evt_000034,1060.0,2026-07-29T01:37:00+00:00,view_product,,android
evt_000035,1043.0,2026-07-03T19:00:00+00:00,checkout_started,,web
evt_000036,1061.0,2026-07-11T20:15:00+00:00,view_product,,web
evt_000037,1003.0,2026-08-04T14:25:00+00:00,checkout_started,,web
evt_000038,1207.0,2026-07-24T05:11:00+00:00,view_product,,web
evt_000039,1057.0,2026-07-22T05:36:00+00:00,checkout_started,,ios
evt_000040,1177.0,2026-07-31T13:58:00+00:00,add_to_cart,,web
evt_000041,1097.0,2026-07-30T07:36:00+00:00,view_product,,ios
evt_000042,1076.0,2026-08-03T16:28:00+00:00,view_product,,web
evt_000043,1051.0,2026-07-26T06:43:00+00:00,view_product,,web
evt_000044,1182.0,2026-07-18T01:13:00+00:00,view_product,,web
evt_000045,1114.0,2026-07-05T23:09:00+00:00,View_Product,50650,android
evt_000046,1100.0,2026-07-15T01:13:00+00:00,view_product,,web
evt_000047,1146.0,2026-07-27T19:10:00+00:00,add_to_cart,,web
evt_000048,1178.0,2026-07-10T15:08:00+00:00,view_product,,web
evt_000049,1145.0,2026-07-26T11:55:00+00:00,view_product,,android
evt_000050,1104.0,2026-07-06T01:40:00+00:00,purchase,51418,web
evt_000051,1198.0,2026-07-03T07:05:00+00:00,view_product,,ios
evt_000052,1198.0,2026-07-14T20:48:00+00:00,view_product,,web
evt_000053,1214.0,2026-07-09T17:38:00+00:00,view_product,,web
evt_000054,1021.0,2026-08-03T03:14:00+00:00,view_product,,ios
evt_000055,1197.0,2026-07-15T08:59:00+00:00,view_product,,ios
evt_000056,1043.0,2026-07-16T21:57:00+00:00,add_to_cart,,ios
evt_000057,1138.0,2026-07-16T07:59:00+00:00,view_product,,web
evt_000058,1146.0,2026-07-13T01:22:00+00:00,add_to_cart,,android
evt_000059,1046.0,2026-08-04T20:57:00+00:00,add_to_cart,,web
evt_000060,1002.0,2026-07-29T02:05:00+00:00,view_product,,android
evt_000061,1209.0,2026-07-07T00:52:00+00:00,view_product,,web
evt_000062,1197.0,2026-07-09T04:36:00+00:00,view_product,,web
evt_000063,1039.0,2026-07-04T01:52:00+00:00,add_to_cart,,web
evt_000064,1133.0,2026-07-10T17:44:00+00:00,view_product,,ios
evt_000065,1034.0,2026-07-25T22:47:00+00:00,view_product,,ios
evt_000066,1126.0,2026-08-05T13:32:00+00:00,view_product,,web
evt_000067,1071.0,2026-07-19T07:15:00+00:00,view_product,,web
evt_000068,1167.0,2026-07-04T02:24:00+00:00,add_to_cart,,web
evt_000069,1127.0,2026-07-02T19:12:00+00:00,view_product,,web
evt_000070,1111.0,2026-07-16T18:08:00+00:00,view_product,,android
evt_000071,1151.0,2026-07-11T01:23:00+00:00,view_product,,web
evt_000072,1106.0,2026-07-22T21:59:00+00:00,add_to_cart,,web
evt_000073,1003.0,2026-07-05T11:52:00+00:00,add_to_cart,,web
evt_000074,1132.0,2026-07-09T17:59:00+00:00,view_product,,web
evt_000075,1172.0,2026-07-22T02:55:00+00:00,view_product,,android
evt_000076,1109.0,2026-07-11T16:17:00+00:00,add_to_cart,,web
evt_000077,1039.0,2026-07-14T20:36:00+00:00,view_product,,android
evt_000078,1002.0,2026-07-09T10:19:00+00:00,view_product,,ios
evt_000079,1066.0,2026-07-02T22:58:00+00:00,view_product,,web
evt_000080,1170.0,2026-07-14T02:48:00+00:00,view_product,,web
evt_000081,1072.0,2026-07-13T12:42:00+00:00,view_product,,ios
evt_000082,1212.0,2026-08-04T03:26:00+00:00,view_product,,ios
evt_000083,1074.0,2026-08-03T22:09:00+00:00,view_product,,web
evt_000084,1095.0,2026-07-17T09:36:00+00:00,view_product,,android
evt_000085,1169.0,2026-07-11T22:38:00+00:00,view_product,,web
evt_000086,1136.0,2026-07-16T21:03:00+00:00,view_product,,web
evt_000087,1010.0,2026-07-24T02:24:00+00:00,view_product,,web
evt_000088,1017.0,2026-07-15T16:33:00+00:00,view_product,,ios
evt_000089,1044.0,2026-07-29T17:36:00+00:00,add_to_cart,,web
evt_000090,1193.0,2026-08-06T15:16:00+00:00,purchase,50684,web
evt_000091,1005.0,2026-07-16T07:51:00+00:00,view_product,,
evt_000092,1016.0,2026-07-05T10:58:00+00:00,view_product,,web
evt_000093,1173.0,2026-07-05T14:10:00+00:00,view_product,,web
evt_000094,1138.0,2026-08-03T03:09:00+00:00,checkout_started,,android
evt_000095,1218.0,2026-07-16T19:28:00+00:00,view_product,,web
evt_000096,1049.0,2026-07-13T10:22:00+00:00,view_product,,android
evt_000097,1146.0,2026-07-24T12:53:00+00:00,add_to_cart,,ios
evt_000098,1030.0,2026-08-06T08:20:00+00:00,view_product,,ios
evt_000099,1131.0,2026-07-17T03:17:00+00:00,view_product,,android
evt_000100,1024.0,2026-07-12T23:29:00+00:00,view_product,,web
evt_000101,1201.0,2026-08-02T18:48:00+00:00,add_to_cart,,web
evt_000102,1092.0,2026-07-04T03:34:00+00:00,add_to_cart,,web
evt_000103,1057.0,2026-08-02T01:58:00+00:00,view_product,,web
evt_000104,1218.0,2026-07-20T18:16:00+00:00,add_to_cart,,web
evt_000105,1015.0,2026-07-01T18:23:00+00:00,view_product,,ios
evt_000106,1177.0,2026-07-09T15:48:00+00:00,view_product,,android
evt_000107,1113.0,2026-07-26T19:27:00+00:00,checkout_started,,web
evt_000108,1152.0,2026-07-29T14:43:00+00:00,add_to_cart,,ios
evt_000109,1058.0,2026-07-08T10:24:00+00:00,purchase,50908,web
evt_000110,1195.0,2026-07-25T23:27:00+00:00,add_to_cart,,web
evt_000111,1100.0,2026-08-07T14:12:00+00:00,view_product,,web
evt_000112,1093.0,2026-07-27T02:03:00+00:00,view_product,,ios
evt_000113,1101.0,2026-07-27T16:38:00+00:00,view_product,,web
evt_000114,1066.0,2026-07-08T08:27:00+00:00,view_product,,web
evt_000115,1071.0,2026-07-25T05:23:00+00:00,view_product,,web
evt_000116,1031.0,2026-07-27T22:16:00+00:00,view_product,,web
evt_000117,1108.0,2026-07-05T04:54:00+00:00,view_product,,android
evt_000118,1105.0,2026-07-12T19:56:00+00:00,checkout_started,,web
evt_000119,1085.0,2026-08-03T12:55:00+00:00,view_product,,ios
evt_000120,1218.0,2026-08-07T22:47:00+00:00,view_product,,ios
evt_000121,1025.0,2026-07-07T13:57:00+00:00,add_to_cart,,web
evt_000122,1202.0,2026-07-28T19:22:00+00:00,view_product,,web
evt_000123,1192.0,2026-07-20T01:28:00+00:00,view_product,,android
evt_000124,1005.0,2026-07-23T10:27:00+00:00,view_product,,web
evt_000125,1155.0,2026-07-20T09:57:00+00:00,add_to_cart,,web
evt_000126,1047.0,2026-08-02T22:48:00+00:00,checkout_started,,android
evt_000127,1010.0,2026-07-17T21:56:00+00:00,view_product,,android
evt_000128,1191.0,2026-07-23T09:27:00+00:00,view_product,,ios
evt_000129,1026.0,2026-07-26T10:22:00+00:00,view_product,,android
evt_000130,1067.0,2026-07-22T00:06:00+00:00,view_product,,web
evt_000131,1022.0,2026-08-03T10:13:00+00:00,add_to_cart,,ios
evt_000132,1032.0,2026-07-10T00:25:00+00:00,add_to_cart,,web
evt_000133,1014.0,2026-08-06T00:34:00+00:00,add_to_cart,,android
evt_000134,1187.0,2026-07-26T18:26:00+00:00,purchase,50133,web
evt_000135,1014.0,2026-08-06T11:34:00+00:00,view_product,,web
evt_000136,1168.0,2026-07-15T05:40:00+00:00,checkout_started,,web
evt_000137,1035.0,2026-07-19T04:42:00+00:00,add_to_cart,,ios
evt_000138,1203.0,2026-07-02T15:17:00+00:00,view_product,,web
evt_000139,1188.0,2026-08-05T02:40:00+00:00,add_to_cart,,ios
evt_000140,1140.0,2026-08-01T00:14:00+00:00,add_to_cart,,web
evt_000141,1184.0,2026-07-12T06:13:00+00:00,purchase,50628,web
evt_000142,1066.0,2026-07-02T23:18:00+00:00,view_product,,web
evt_000143,1174.0,2026-07-27T11:31:00+00:00,view_product,,web
evt_000144,1049.0,2026-07-26T13:08:00+00:00,checkout_started,,ios
evt_000145,1136.0,2026-07-21T01:14:00+00:00,view_product,,android
evt_000146,1204.0,2026-07-06T22:55:00+00:00,add_to_cart,,ios
evt_000147,1160.0,2026-08-04T21:34:00+00:00,view_product,,web
evt_000148,1060.0,2026-07-17T10:30:00+00:00,view_product,,web
evt_000149,1164.0,2026-07-28T12:48:00+00:00,view_product,,android
evt_000150,1196.0,2026-08-02T15:29:00+00:00,add_to_cart,,ios
evt_000151,1197.0,2026-07-21T20:04:00+00:00,view_product,,android
evt_000152,1164.0,2026-07-04T14:06:00+00:00,add_to_cart,,web
evt_000153,1162.0,2026-08-03T17:35:00+00:00,add_to_cart,,ios
evt_000154,1174.0,2026-07-26T08:26:00+00:00,add_to_cart,,web
evt_000155,1163.0,2026-08-03T23:40:00+00:00,view_product,,ios
evt_000156,,2026-07-24T06:42:00+00:00,view_product,,android
evt_000157,1178.0,2026-08-04T11:35:00+00:00,add_to_cart,,android
evt_000158,1040.0,2026-08-02T23:11:00+00:00,view_product,,web
evt_000159,1123.0,2026-07-09T04:39:00+00:00,view_product,,android
evt_000160,1076.0,2026-07-07T13:32:00+00:00,purchase,50455,web
evt_000161,1048.0,2026-07-07T02:07:00+00:00,view_product,,web
evt_000162,1063.0,2026-07-31T09:24:00+00:00,view_product,,ios
evt_000163,1019.0,2026-07-10T03:13:00+00:00,purchase,50798,web
evt_000164,1098.0,2026-07-18T02:30:00+00:00,view_product,,web
evt_000165,1093.0,2026-07-30T22:38:00+00:00,view_product,,ios
evt_000166,1090.0,2026-07-17T06:55:00+00:00,view_product,,ios
evt_000167,1021.0,2026-07-03T08:24:00+00:00,add_to_cart,,ios
evt_000168,1135.0,2026-07-14T17:56:00+00:00,checkout_started,,web
evt_000169,1038.0,2026-07-04T14:15:00+00:00,add_to_cart,,ios
evt_000170,1190.0,2026-07-15T15:38:00+00:00,purchase,51438,web
evt_000171,1006.0,2026-07-28T23:53:00+00:00,view_product,,web
evt_000172,1013.0,2026-07-20T18:12:00+00:00,view_product,,web
evt_000173,1067.0,2026-07-26T15:29:00+00:00,view_product,,ios
evt_000174,1091.0,2026-07-05T01:24:00+00:00,checkout_started,,web
evt_000175,1215.0,2026-07-29T12:07:00+00:00,purchase,51494,web
evt_000176,1117.0,2026-07-17T03:39:00+00:00,view_product,,android
evt_000177,1084.0,2026-07-11T21:44:00+00:00,checkout_started,,android
evt_000178,1186.0,2026-07-25T18:36:00+00:00,add_to_cart,,ios
evt_000179,1054.0,2026-07-06T02:58:00+00:00,view_product,,android
evt_000180,1199.0,2026-07-19T22:21:00+00:00,view_product,,android
evt_000181,1090.0,2026-07-17T01:01:00+00:00,purchase,50460,web
evt_000182,1070.0,2026-07-07T07:14:00+00:00,view_product,,web
evt_000183,1067.0,2026-08-06T04:24:00+00:00,view_product,,ios
evt_000184,1003.0,2026-07-14T19:06:00+00:00,purchase,50982,android
evt_000185,1149.0,2026-07-02T13:10:00+00:00,view_product,,ios
evt_000186,1128.0,2026-07-17T19:58:00+00:00,view_product,,web
evt_000187,1141.0,2026-08-06T17:35:00+00:00,add_to_cart,,android
evt_000188,1145.0,2026-07-26T10:00:00+00:00,view_product,,ios
evt_000189,1007.0,2026-07-25T04:42:00+00:00,view_product,,web
evt_000190,1194.0,2026-08-04T05:29:00+00:00,view_product,,android
evt_000191,1114.0,2026-07-04T04:31:00+00:00,checkout_started,,ios
evt_000192,1153.0,2026-07-21T21:56:00+00:00,view_product,,android
evt_000193,1009.0,2026-07-13T04:35:00+00:00,add_to_cart,,android
evt_000194,1169.0,2026-07-26T16:50:00+00:00,checkout_started,,web
evt_000195,1150.0,2026-08-02T09:41:00+00:00,view_product,,ios
evt_000196,1082.0,2026-07-03T22:23:00+00:00,checkout_started,,web
evt_000197,1207.0,2026-07-07T00:15:00+00:00,add_to_cart,,android
evt_000198,1144.0,2026-08-06T06:28:00+00:00,purchase,51527,android
evt_000199,1201.0,2026-07-19T16:40:00+00:00,view_product,,android
evt_000200,1182.0,2026-07-12T23:28:00+00:00,view_product,,ios
evt_000201,1046.0,2026-07-06T18:50:00+00:00,add_to_cart,,android
evt_000202,999999.0,2026-07-14T11:06:00+00:00,purchase,50367,web
evt_000203,1165.0,2026-07-01T04:33:00+00:00,purchase,50702,web
evt_000204,1042.0,2026-07-09T11:13:00+00:00,view_product,,web
evt_000205,1176.0,2026-07-07T22:54:00+00:00,view_product,,android
evt_000206,1095.0,2026-07-04T05:13:00+00:00,view_product,,ios
evt_000207,1192.0,2026-08-06T19:45:00+00:00,add_to_cart,,ios
evt_000208,1039.0,2026-07-31T00:31:00+00:00,checkout_started,,web
evt_000209,1058.0,2026-08-05T17:37:00+00:00,add_to_cart,,ios
evt_000210,1077.0,2026-07-10T03:19:00+00:00,view_product,,web
evt_000211,1100.0,2026-07-11T23:02:00+00:00,purchase,50801,android
evt_000212,1140.0,2026-07-11T17:48:00+00:00,view_product,,android
evt_000213,1049.0,2026-07-22T05:21:00+00:00,view_product,,web
evt_000214,1156.0,2026-07-07T21:47:00+00:00,view_product,,android
evt_000215,1006.0,2026-07-09T22:45:00+00:00,view_product,,web
evt_000216,1074.0,2026-08-07T01:05:00+00:00,add_to_cart,,web
evt_000217,1146.0,2026-07-14T09:10:00+00:00,view_product,,ios
evt_000218,1059.0,2026-07-30T16:18:00+00:00,view_product,,ios
evt_000219,1096.0,2026-07-09T16:48:00+00:00,view_product,,web
evt_000220,1134.0,2026-08-05T08:04:00+00:00,view_product,,web
evt_000221,1055.0,2026-07-27T08:46:00+00:00,add_to_cart,,web
evt_000222,1214.0,2026-08-02T17:53:00+00:00,view_product,,web
evt_000223,1188.0,2026-07-20T14:55:00+00:00,view_product,,web
evt_000224,1215.0,2026-08-04T10:32:00+00:00,view_product,,web
evt_000225,1110.0,2026-07-14T18:44:00+00:00,add_to_cart,,android
evt_000226,1076.0,2026-07-19T04:52:00+00:00,view_product,,web
evt_000227,1220.0,2026-07-03T08:09:00+00:00,view_product,,web
evt_000228,1161.0,2026-07-07T11:32:00+00:00,view_product,,web
evt_000229,1176.0,2026-07-30T07:19:00+00:00,view_product,,web
evt_000230,1041.0,2026-07-13T10:06:00+00:00,view_product,,ios
evt_000231,1193.0,2026-07-04T21:01:00+00:00,view_product,,web
evt_000232,1117.0,2026-07-12T02:42:00+00:00,add_to_cart,,web
evt_000233,1171.0,2026-07-14T09:45:00+00:00,view_product,,android
evt_000234,1183.0,2026-07-28T06:01:00+00:00,view_product,,android
evt_000235,1024.0,2026-07-04T10:32:00+00:00,purchase,50006,web
evt_000236,1022.0,2026-07-01T23:24:00+00:00,view_product,,web
evt_000237,1015.0,2026-07-28T12:23:00+00:00,view_product,,android
evt_000238,1143.0,2026-07-06T09:32:00+00:00,view_product,,ios
evt_000239,1203.0,2026-07-16T22:43:00+00:00,view_product,,android
evt_000240,1007.0,2026-07-26T22:47:00+00:00,view_product,,web
evt_000241,1031.0,2026-07-20T12:54:00+00:00,checkout_started,,ios
evt_000242,1108.0,2026-07-05T16:34:00+00:00,view_product,,web
evt_000243,1087.0,2026-07-28T10:37:00+00:00,add_to_cart,,web
evt_000244,1023.0,2026-07-02T20:02:00+00:00,purchase,50746,ios
evt_000245,1135.0,2026-07-09T19:52:00+00:00,view_product,,ios
evt_000246,1201.0,2026-07-05T03:36:00+00:00,add_to_cart,,web
evt_000247,1047.0,2026-07-20T11:29:00+00:00,view_product,,web
evt_000248,1001.0,2026-07-27T05:53:00+00:00,view_product,,ios
evt_000249,1050.0,2026-07-25T16:42:00+00:00,checkout_started,,web
evt_000250,1041.0,2026-07-06T07:03:00+00:00,view_product,,web
evt_000251,1104.0,2026-07-14T01:08:00+00:00,purchase,50195,web
evt_000252,1024.0,2026-07-06T13:25:00+00:00,view_product,,web
evt_000253,1080.0,2026-07-14T00:32:00+00:00,view_product,,android
evt_000254,1027.0,2026-07-09T18:02:00+00:00,view_product,,web
evt_000255,1150.0,2026-07-29T03:14:00+00:00,view_product,,web
evt_000256,1104.0,2026-07-29T12:49:00+00:00,view_product,,ios
evt_000257,1017.0,2026-08-01T02:22:00+00:00,view_product,,web
evt_000258,1010.0,2026-07-08T14:43:00+00:00,view_product,,ios
evt_000259,1109.0,2026-07-01T12:18:00+00:00,view_product,,web
evt_000260,1131.0,2026-07-02T08:15:00+00:00,purchase,50497,android
evt_000261,1039.0,2026-08-02T01:15:00+00:00,view_product,,android
evt_000262,1072.0,2026-08-04T10:08:00+00:00,view_product,,android
evt_000263,1135.0,2026-07-09T01:07:00+00:00,add_to_cart,,web
evt_000264,1105.0,2026-08-03T07:12:00+00:00,add_to_cart,,android
evt_000265,1026.0,2026-07-21T03:07:00+00:00,checkout_started,,ios
evt_000266,1087.0,2026-07-08T00:33:00+00:00,purchase,50185,web
evt_000267,1044.0,2026-07-12T21:23:00+00:00,view_product,,web
evt_000268,1205.0,2026-07-11T01:59:00+00:00,view_product,,web
evt_000269,1178.0,2026-07-30T00:25:00+00:00,add_to_cart,,web
evt_000270,1069.0,2026-07-08T03:57:00+00:00,view_product,,web
evt_000271,1052.0,2026-07-07T22:57:00+00:00,add_to_cart,,android
evt_000272,1030.0,2026-07-28T08:12:00+00:00,view_product,,android
evt_000273,1163.0,2026-07-12T11:36:00+00:00,checkout_started,,web
evt_000274,1203.0,2026-07-10T12:00:00+00:00,add_to_cart,,android
evt_000275,1061.0,2026-07-31T16:42:00+00:00,view_product,,ios
evt_000276,1142.0,2026-08-05T09:28:00+00:00,view_product,,web
evt_000277,1052.0,2026-07-22T02:29:00+00:00,purchase,51179,android
evt_000278,1203.0,2026-08-01T10:48:00+00:00,add_to_cart,,ios
evt_000279,1067.0,2026-08-01T23:14:00+00:00,add_to_cart,,ios
evt_000280,1022.0,2026-07-23T08:37:00+00:00,checkout_started,,web
evt_000281,1195.0,2026-08-01T12:41:00+00:00,view_product,,web
evt_000282,1209.0,2026-07-01T08:09:00+00:00,view_product,,android
evt_000283,1088.0,2026-07-02T08:12:00+00:00,view_product,,web
evt_000284,1201.0,2026-08-03T13:54:00+00:00,add_to_cart,,web
evt_000285,1054.0,2026-07-06T08:04:00+00:00,add_to_cart,,web
evt_000286,1060.0,2026-07-28T15:43:00+00:00,view_product,,web
evt_000287,1119.0,2026-07-16T23:09:00+00:00,purchase,51336,web
evt_000288,1133.0,2026-07-30T22:34:00+00:00,view_product,,android
evt_000289,1086.0,2026-07-26T06:40:00+00:00,add_to_cart,,web
evt_000290,1177.0,2026-07-03T17:30:00+00:00,view_product,,android
evt_000291,1175.0,2026-07-13T19:11:00+00:00,view_product,,ios
evt_000292,1027.0,2026-07-27T22:12:00+00:00,view_product,,web
evt_000293,1219.0,2026-08-05T00:27:00+00:00,add_to_cart,,web
evt_000294,1036.0,2026-07-31T13:47:00+00:00,add_to_cart,,web
evt_000295,1117.0,2026-08-03T21:22:00+00:00,view_product,,android
evt_000296,1094.0,2026-08-06T08:27:00+00:00,view_product,,ios
evt_000297,1100.0,2026-08-03T23:31:00+00:00,view_product,,web
evt_000298,1029.0,2026-07-23T01:23:00+00:00,view_product,,android
evt_000299,1076.0,2026-07-13T18:33:00+00:00,view_product,,android
evt_000300,1007.0,2026-07-20T07:20:00+00:00,view_product,,web
evt_000301,1216.0,2026-07-31T05:40:00+00:00,checkout_started,,ios
evt_000302,1032.0,2026-07-17T03:57:00+00:00,add_to_cart,,android
evt_000303,1107.0,2026-08-01T13:42:00+00:00,view_product,,android
evt_000304,1048.0,2026-07-27T15:34:00+00:00,add_to_cart,,web
evt_000305,1040.0,2026-07-08T22:53:00+00:00,view_product,,web
evt_000306,1087.0,2026-08-04T23:47:00+00:00,purchase,50430,web
evt_000307,1215.0,2026-08-02T03:47:00+00:00,view_product,,web
evt_000308,1106.0,2026-07-23T18:58:00+00:00,view_product,,web
evt_000309,1213.0,2026-07-08T09:01:00+00:00,add_to_cart,,ios
evt_000310,1183.0,2026-07-09T15:16:00+00:00,view_product,,web
evt_000311,1097.0,2026-08-01T21:34:00+00:00,checkout_started,,web
evt_000312,1200.0,2026-07-01T16:01:00+00:00,purchase,50065,ios
evt_000313,1077.0,2026-07-19T09:03:00+00:00,add_to_cart,,web
evt_000314,1111.0,2026-07-24T12:37:00+00:00,view_product,,web
evt_000315,1151.0,2026-07-09T20:02:00+00:00,view_product,,android
evt_000316,1131.0,2026-08-02T20:30:00+00:00,view_product,,android
evt_000317,1184.0,2026-07-20T20:21:00+00:00,view_product,,web
evt_000318,1037.0,2026-07-03T12:10:00+00:00,purchase,50789,android
evt_000319,1111.0,2026-07-13T03:59:00+00:00,view_product,,android
evt_000320,1147.0,2026-07-16T02:35:00+00:00,view_product,,ios
evt_000321,1074.0,2026-07-09T11:11:00+00:00,view_product,,android
evt_000322,1192.0,2026-08-05T17:19:00+00:00,purchase,50184,web
evt_000323,1067.0,2026-07-14T16:46:00+00:00,purchase,50706,web
evt_000324,1067.0,2026-07-20T01:31:00+00:00,view_product,,android
evt_000325,1073.0,2026-07-21T08:09:00+00:00,view_product,,web
evt_000326,1150.0,2026-07-09T09:14:00+00:00,add_to_cart,,web
evt_000327,1027.0,2026-07-22T13:56:00+00:00,view_product,,web
evt_000328,1032.0,2026-07-14T10:32:00+00:00,purchase,50871,web
evt_000329,1173.0,2026-07-01T09:24:00+00:00,checkout_started,,web
evt_000330,1046.0,2026-07-16T12:13:00+00:00,add_to_cart,,web
evt_000331,1024.0,2026-07-23T04:27:00+00:00,view_product,,android
evt_000332,1059.0,2026-07-05T10:58:00+00:00,add_to_cart,,web
evt_000333,1089.0,2026-07-30T14:47:00+00:00,purchase,50747,android
evt_000334,1008.0,2026-07-26T02:38:00+00:00,view_product,,web
evt_000335,1185.0,2026-07-12T18:41:00+00:00,checkout_started,,web
evt_000336,1026.0,2026-07-23T12:03:00+00:00,view_product,,android
evt_000337,1090.0,2026-07-12T12:56:00+00:00,purchase,50836,web
evt_000338,1045.0,2026-07-25T14:43:00+00:00,add_to_cart,,web
evt_000339,1066.0,2026-07-06T20:23:00+00:00,view_product,,android
evt_000340,1011.0,2026-07-24T05:02:00+00:00,view_product,,web
evt_000341,1210.0,2026-07-03T02:14:00+00:00,view_product,,web
evt_000342,1208.0,2026-07-01T15:12:00+00:00,view_product,,android
evt_000343,1028.0,2026-07-10T15:55:00+00:00,checkout_started,,web
evt_000344,1044.0,2026-07-07T15:06:00+00:00,view_product,,ios
evt_000345,1196.0,2026-07-19T15:32:00+00:00,purchase,50907,web
evt_000346,1092.0,2026-07-07T07:00:00+00:00,view_product,,web
evt_000347,1014.0,2026-07-10T06:56:00+00:00,add_to_cart,,web
evt_000348,1031.0,2026-07-04T17:19:00+00:00,purchase,50262,ios
evt_000349,1092.0,2026-08-03T16:51:00+00:00,add_to_cart,,web
evt_000350,1124.0,2026-07-28T22:45:00+00:00,checkout_started,,android
evt_000351,1140.0,2026-07-09T06:30:00+00:00,purchase,51094,android
evt_000352,1034.0,2026-07-05T13:33:00+00:00,add_to_cart,,web
evt_000353,1082.0,2026-08-02T07:25:00+00:00,add_to_cart,,web
evt_000354,1058.0,2026-07-26T09:23:00+00:00,view_product,,ios
evt_000355,1119.0,2026-08-03T15:53:00+00:00,view_product,,ios
evt_000356,1072.0,2026-07-07T18:41:00+00:00,view_product,,web
evt_000357,1046.0,2026-07-14T15:12:00+00:00,checkout_started,,android
evt_000358,1181.0,2026-07-05T11:53:00+00:00,add_to_cart,,web
evt_000359,1126.0,2026-07-17T02:05:00+00:00,view_product,,android
evt_000360,1105.0,2026-07-07T04:13:00+00:00,purchase,51070,android
evt_000361,1030.0,2026-07-01T03:47:00+00:00,view_product,,web
evt_000362,1016.0,2026-07-20T07:39:00+00:00,purchase,50229,web
evt_000363,1176.0,2026-08-07T04:54:00+00:00,view_product,,web
evt_000364,1215.0,2026-07-25T12:40:00+00:00,view_product,,web
evt_000365,1130.0,2026-07-29T18:19:00+00:00,add_to_cart,,android
evt_000366,1009.0,2026-07-31T20:28:00+00:00,view_product,,web
evt_000367,1107.0,2026-08-06T22:39:00+00:00,add_to_cart,,ios
evt_000368,1062.0,2026-07-05T21:14:00+00:00,add_to_cart,,android
evt_000369,1013.0,2026-07-10T12:41:00+00:00,checkout_started,,android
evt_000370,1032.0,2026-07-24T09:57:00+00:00,view_product,,web
evt_000371,1111.0,2026-08-01T04:47:00+00:00,view_product,,android
evt_000372,1095.0,2026-07-30T09:44:00+00:00,view_product,,web
evt_000373,1125.0,2026-07-28T15:36:00+00:00,view_product,,web
evt_000374,1154.0,2026-07-12T20:54:00+00:00,view_product,,web
evt_000375,1059.0,2026-07-14T20:43:00+00:00,view_product,,ios
evt_000376,1064.0,2026-07-04T00:42:00+00:00,checkout_started,,web
evt_000377,1150.0,2026-07-12T22:16:00+00:00,purchase,50695,web
evt_000378,1044.0,2026-07-06T22:13:00+00:00,checkout_started,,web
evt_000379,1017.0,2026-08-05T15:35:00+00:00,view_product,,android
evt_000380,1189.0,2026-07-04T11:30:00+00:00,view_product,,ios
evt_000381,1047.0,2026-07-14T19:25:00+00:00,view_product,,ios
evt_000382,1027.0,2026-08-03T17:08:00+00:00,view_product,,ios
evt_000383,1163.0,2026-08-06T07:43:00+00:00,view_product,,web
evt_000384,1118.0,2026-07-15T07:33:00+00:00,purchase,50462,web
evt_000385,1033.0,2026-07-18T16:27:00+00:00,add_to_cart,,web
evt_000386,1188.0,2026-07-20T21:17:00+00:00,view_product,,web
evt_000387,1055.0,2026-08-01T05:51:00+00:00,add_to_cart,,android
evt_000388,1150.0,2026-07-30T05:02:00+00:00,purchase,50636,web
evt_000389,1144.0,2026-07-20T21:59:00+00:00,view_product,,ios
evt_000390,1184.0,2026-07-15T02:48:00+00:00,add_to_cart,,android
evt_000391,1162.0,2026-07-15T03:36:00+00:00,view_product,,android
evt_000392,1156.0,2026-07-25T15:58:00+00:00,view_product,,web
evt_000393,1012.0,2026-08-01T17:46:00+00:00,checkout_started,,android
evt_000394,1208.0,2026-07-03T21:55:00+00:00,view_product,,ios
evt_000395,1028.0,2026-07-30T05:10:00+00:00,add_to_cart,,web
evt_000396,1057.0,2026-07-19T06:35:00+00:00,view_product,,ios
evt_000397,1099.0,2026-07-06T12:25:00+00:00,view_product,,web
evt_000398,1064.0,2026-07-04T16:01:00+00:00,add_to_cart,,android
evt_000399,1132.0,2026-07-13T19:23:00+00:00,checkout_started,,ios
evt_000400,1012.0,2026-07-10T10:26:00+00:00,checkout_started,not_an_order,android
evt_000401,1101.0,2026-07-04T22:57:00+00:00,add_to_cart,,android
evt_000402,1078.0,2026-07-12T03:31:00+00:00,view_product,,ios
evt_000403,1144.0,2026-08-01T16:20:00+00:00,view_product,,web
evt_000404,1115.0,2026-07-28T06:26:00+00:00,add_to_cart,,web
evt_000405,1168.0,2026-07-08T22:38:00+00:00,view_product,,android
evt_000406,1037.0,2026-07-26T14:46:00+00:00,view_product,,ios
evt_000407,1210.0,2026-07-18T03:56:00+00:00,purchase,51237,android
evt_000408,1087.0,2026-07-29T09:20:00+00:00,view_product,,web
evt_000409,1078.0,2026-07-10T09:31:00+00:00,view_product,,web
evt_000410,1122.0,2026-07-03T08:19:00+00:00,checkout_started,,android
evt_000411,1037.0,2026-07-12T21:18:00+00:00,view_product,,ios
evt_000412,1181.0,2026-08-07T18:26:00+00:00,add_to_cart,,web
evt_000413,1059.0,2026-07-22T02:55:00+00:00,view_product,,web
evt_000414,1205.0,2026-07-03T01:37:00+00:00,view_product,,android
evt_000415,1033.0,2026-08-07T01:33:00+00:00,add_to_cart,,android
evt_000416,1191.0,2026-08-01T09:04:00+00:00,view_product,,web
evt_000417,1088.0,2026-07-21T15:51:00+00:00,add_to_cart,,web
evt_000418,1135.0,2026-07-29T03:07:00+00:00,view_product,,web
evt_000419,1193.0,2026-07-08T00:30:00+00:00,view_product,,web
evt_000420,1029.0,2026-07-23T11:41:00+00:00,view_product,,web
evt_000421,1077.0,2026-08-04T16:38:00+00:00,view_product,,web
evt_000422,1210.0,2026-07-17T16:14:00+00:00,view_product,,android
evt_000423,1033.0,2026-07-02T11:31:00+00:00,add_to_cart,,web
evt_000424,1023.0,2026-07-29T18:30:00+00:00,view_product,,android
evt_000425,1116.0,2026-07-28T17:50:00+00:00,view_product,,web
evt_000426,1006.0,2026-07-29T02:45:00+00:00,view_product,,web
evt_000427,1220.0,2026-07-25T15:21:00+00:00,view_product,,web
evt_000428,1200.0,2026-07-06T05:06:00+00:00,view_product,,web
evt_000429,1042.0,2026-07-05T08:27:00+00:00,checkout_started,,ios
evt_000430,1039.0,2026-07-31T02:52:00+00:00,add_to_cart,,android
evt_000431,1172.0,2026-08-02T11:52:00+00:00,add_to_cart,,ios
evt_000432,1116.0,2026-07-03T23:38:00+00:00,view_product,,ios
evt_000433,1182.0,2026-07-23T01:53:00+00:00,view_product,,android
evt_000434,1214.0,2026-07-20T00:29:00+00:00,add_to_cart,,ios
evt_000435,1089.0,2026-07-14T07:14:00+00:00,view_product,,web
evt_000436,1057.0,2026-07-25T12:18:00+00:00,add_to_cart,,ios
evt_000437,1137.0,2026-08-04T17:45:00+00:00,purchase,50955,web
evt_000438,1141.0,2026-08-01T05:22:00+00:00,view_product,,web
evt_000439,1096.0,2026-07-06T19:37:00+00:00,add_to_cart,,ios
evt_000440,1067.0,2026-07-18T14:21:00+00:00,view_product,,ios
evt_000441,1058.0,2026-08-05T13:23:00+00:00,view_product,,web
evt_000442,1116.0,2026-07-10T00:00:00+00:00,view_product,,android
evt_000443,1095.0,2026-08-02T10:54:00+00:00,view_product,,web
evt_000444,1102.0,2026-07-19T15:28:00+00:00,view_product,,ios
evt_000445,1022.0,2026-07-20T19:30:00+00:00,add_to_cart,,android
evt_000446,1195.0,2026-07-10T12:11:00+00:00,add_to_cart,,web
evt_000447,1157.0,2026-08-04T22:23:00+00:00,view_product,,android
evt_000448,1204.0,2026-07-21T02:11:00+00:00,view_product,,android
evt_000449,1184.0,2026-07-22T20:17:00+00:00,add_to_cart,,ios
evt_000450,1137.0,2026-07-18T13:48:00+00:00,view_product,,android
evt_000451,1068.0,2026-07-04T09:26:00+00:00,checkout_started,,ios
evt_000452,1145.0,2026-07-30T15:49:00+00:00,view_product,,web
evt_000453,1126.0,2026-07-13T11:40:00+00:00,purchase,51453,ios
evt_000454,1205.0,2026-07-10T02:57:00+00:00,view_product,,web
evt_000455,1052.0,2026-07-30T17:13:00+00:00,view_product,,web
evt_000456,1006.0,2026-07-08T14:23:00+00:00,add_to_cart,,web
evt_000457,1029.0,2026-07-26T22:39:00+00:00,view_product,,web
evt_000458,1039.0,2026-07-19T00:27:00+00:00,view_product,,android
evt_000459,1147.0,2026-07-31T09:32:00+00:00,view_product,,android
evt_000460,1033.0,2026-07-02T22:03:00+00:00,add_to_cart,,android
evt_000461,1030.0,2026-07-30T10:25:00+00:00,view_product,,web
evt_000462,1088.0,2026-07-09T17:09:00+00:00,view_product,,web
evt_000463,1173.0,2026-08-03T02:00:00+00:00,view_product,,web
evt_000464,1094.0,2026-07-14T10:34:00+00:00,view_product,,web
evt_000465,1061.0,2026-07-01T06:22:00+00:00,purchase,50911,ios
evt_000466,1063.0,2026-07-19T12:43:00+00:00,view_product,,web
evt_000467,1181.0,2026-07-03T01:55:00+00:00,view_product,,android
evt_000468,1096.0,2026-07-11T05:43:00+00:00,view_product,,web
evt_000469,1082.0,2026-07-28T05:36:00+00:00,view_product,,android
evt_000470,1171.0,2026-07-22T07:18:00+00:00,purchase,50072,android
evt_000471,1082.0,2026-07-27T22:23:00+00:00,view_product,,ios
evt_000472,1079.0,2026-08-03T09:06:00+00:00,add_to_cart,,web
evt_000473,1166.0,2026-07-18T18:49:00+00:00,view_product,,web
evt_000474,1073.0,2026-07-21T15:52:00+00:00,add_to_cart,,android
evt_000475,1113.0,2026-07-03T05:07:00+00:00,view_product,,web
evt_000476,1147.0,2026-07-11T21:35:00+00:00,view_product,,web
evt_000477,1045.0,2026-07-28T12:30:00+00:00,view_product,,android
evt_000478,1029.0,2026-07-03T08:31:00+00:00,view_product,,ios
evt_000479,1188.0,2026-07-14T15:36:00+00:00,purchase,51139,ios
evt_000480,1066.0,2026-07-06T04:38:00+00:00,add_to_cart,,web
evt_000481,1076.0,2026-08-02T13:54:00+00:00,view_product,,web
evt_000482,1131.0,2026-07-22T07:49:00+00:00,view_product,,android
evt_000483,1023.0,2026-07-25T11:45:00+00:00,add_to_cart,,web
evt_000484,1011.0,2026-07-26T23:32:00+00:00,view_product,,web
evt_000485,1092.0,2026-07-09T12:34:00+00:00,view_product,,web
evt_000486,1214.0,2026-07-02T21:17:00+00:00,add_to_cart,,ios
evt_000487,1127.0,2026-07-16T02:46:00+00:00,view_product,,web
evt_000488,1128.0,2026-07-08T01:13:00+00:00,view_product,,android
evt_000489,1135.0,2026-07-13T05:39:00+00:00,view_product,,web
evt_000490,1191.0,2026-07-13T03:00:00+00:00,view_product,,web
evt_000491,1185.0,2026-07-30T17:11:00+00:00,add_to_cart,,android
evt_000492,1006.0,2026-07-13T03:37:00+00:00,add_to_cart,,android
evt_000493,1120.0,2026-07-06T18:01:00+00:00,purchase,50118,ios
evt_000494,1121.0,2026-08-06T10:04:00+00:00,view_product,,android
evt_000495,1050.0,2026-07-02T20:45:00+00:00,add_to_cart,,web
evt_000496,1216.0,2026-07-08T17:50:00+00:00,purchase,50548,web
evt_000497,1058.0,2026-07-14T04:42:00+00:00,add_to_cart,,web
evt_000498,1185.0,2026-07-03T09:01:00+00:00,purchase,51495,web
evt_000499,1023.0,2026-08-04T04:16:00+00:00,purchase,51584,android
evt_000500,1133.0,2026-07-14T09:56:00+00:00,add_to_cart,,android
evt_000501,1163.0,2026-07-30T17:24:00+00:00,purchase,50237,web
evt_000502,1112.0,2026-07-06T02:36:00+00:00,add_to_cart,,web
evt_000503,1024.0,2026-07-20T19:43:00+00:00,view_product,,android
evt_000504,1028.0,2026-07-05T19:26:00+00:00,checkout_started,,ios
evt_000505,1134.0,2026-07-09T19:15:00+00:00,checkout_started,,web
evt_000506,1191.0,2026-07-16T11:35:00+00:00,view_product,,web
evt_000507,1132.0,2026-08-02T18:47:00+00:00,view_product,,web
evt_000508,1023.0,2026-07-12T15:25:00+00:00,view_product,,web
evt_000509,1174.0,2026-07-29T16:21:00+00:00,checkout_started,,web
evt_000510,1102.0,2026-07-04T11:39:00+00:00,view_product,,web
evt_000511,1017.0,2026-07-10T13:24:00+00:00,view_product,,web
evt_000512,1082.0,2026-07-23T23:07:00+00:00,view_product,,web
evt_000513,1045.0,2026-07-18T19:02:00+00:00,view_product,,web
evt_000514,1218.0,2026-07-20T01:33:00+00:00,purchase,51577,web
evt_000515,1202.0,2026-07-26T18:35:00+00:00,view_product,,web
evt_000516,1024.0,2026-07-03T22:18:00+00:00,view_product,,android
evt_000517,1127.0,2026-07-27T10:16:00+00:00,view_product,,android
evt_000518,1002.0,2026-08-02T18:49:00+00:00,add_to_cart,,web
evt_000519,1102.0,2026-07-30T02:41:00+00:00,add_to_cart,,web
evt_000520,1035.0,2026-07-11T19:39:00+00:00,view_product,,ios
evt_000521,1166.0,2026-07-14T08:03:00+00:00,view_product,,web
evt_000522,1016.0,2026-08-06T12:46:00+00:00,checkout_started,,ios
evt_000523,1200.0,2026-07-31T00:27:00+00:00,add_to_cart,,android
evt_000524,1052.0,2026-08-05T09:33:00+00:00,add_to_cart,,web
evt_000525,1059.0,2026-08-04T17:05:00+00:00,view_product,,web
evt_000526,1196.0,2026-07-17T11:53:00+00:00,purchase,51567,web
evt_000527,1200.0,2026-07-05T22:02:00+00:00,add_to_cart,,web
evt_000528,1022.0,2026-07-09T16:27:00+00:00,view_product,,web
evt_000529,1025.0,2026-07-12T04:18:00+00:00,purchase,51406,ios
evt_000530,1189.0,2026-08-01T17:23:00+00:00,checkout_started,,web
evt_000531,1217.0,2026-07-11T11:56:00+00:00,add_to_cart,,ios
evt_000532,1109.0,2026-07-14T17:29:00+00:00,add_to_cart,,ios
evt_000533,1037.0,2026-08-02T08:23:00+00:00,view_product,,web
evt_000534,1034.0,2026-07-07T05:09:00+00:00,view_product,,android
evt_000535,1059.0,2026-07-26T05:12:00+00:00,view_product,,android
evt_000536,1152.0,2026-07-21T23:03:00+00:00,view_product,,web
evt_000537,1022.0,2026-08-07T09:49:00+00:00,view_product,,android
evt_000538,1142.0,2026-07-19T14:20:00+00:00,view_product,,android
evt_000539,1178.0,2026-07-20T19:21:00+00:00,purchase,51326,web
evt_000540,1032.0,2026-08-02T07:12:00+00:00,view_product,,ios
evt_000541,1218.0,2026-08-07T16:25:00+00:00,checkout_started,,ios
evt_000542,1219.0,2026-07-28T17:06:00+00:00,view_product,,ios
evt_000543,1066.0,2026-07-27T12:38:00+00:00,view_product,,android
evt_000544,1025.0,2026-08-03T07:02:00+00:00,view_product,,web
evt_000545,1072.0,2026-08-07T05:30:00+00:00,view_product,,web
evt_000546,1058.0,2026-07-28T22:02:00+00:00,view_product,,web
evt_000547,1062.0,2026-07-12T02:38:00+00:00,view_product,,android
evt_000548,1205.0,2026-07-25T09:39:00+00:00,add_to_cart,,web
evt_000549,1035.0,2026-07-09T23:23:00+00:00,view_product,,web
evt_000550,1071.0,2026-07-20T00:09:00+00:00,view_product,,web
evt_000551,1175.0,2026-07-17T21:20:00+00:00,view_product,,ios
evt_000552,1013.0,2026-08-07T12:38:00+00:00,view_product,,web
evt_000553,1014.0,2026-07-22T01:33:00+00:00,view_product,,web
evt_000554,1067.0,2026-08-06T10:45:00+00:00,view_product,,web
evt_000555,1214.0,2026-07-31T17:01:00+00:00,add_to_cart,,web
evt_000556,1186.0,2026-08-02T06:09:00+00:00,add_to_cart,,web
evt_000557,1205.0,2026-07-07T10:22:00+00:00,checkout_started,,web
evt_000558,1191.0,2026-07-30T11:05:00+00:00,add_to_cart,,ios
evt_000559,1027.0,2026-07-10T13:21:00+00:00,view_product,,web
evt_000560,1089.0,2026-07-22T22:44:00+00:00,view_product,,web
evt_000561,1118.0,2026-07-19T11:22:00+00:00,view_product,,ios
evt_000562,1037.0,2026-07-10T20:53:00+00:00,add_to_cart,,web
evt_000563,1220.0,2026-08-07T10:11:00+00:00,view_product,,web
evt_000564,1134.0,2026-08-03T06:24:00+00:00,view_product,,web
evt_000565,1189.0,2026-07-22T19:42:00+00:00,purchase,50121,web
evt_000566,1058.0,2026-07-01T09:51:00+00:00,view_product,,web
evt_000567,1159.0,2026-07-07T23:08:00+00:00,view_product,,android
evt_000568,1024.0,2026-07-09T15:25:00+00:00,purchase,50194,web
evt_000569,1005.0,2026-08-06T22:23:00+00:00,view_product,,web
evt_000570,1142.0,2026-07-16T08:12:00+00:00,view_product,,android
evt_000571,1016.0,2026-07-02T18:37:00+00:00,view_product,,web
evt_000572,1062.0,2026-07-23T06:34:00+00:00,view_product,,android
evt_000573,1176.0,2026-08-06T02:47:00+00:00,purchase,50982,web
evt_000574,1110.0,2026-07-22T07:31:00+00:00,add_to_cart,,ios
evt_000575,1084.0,2026-07-17T20:56:00+00:00,view_product,,android
evt_000576,1065.0,2026-07-07T16:20:00+00:00,view_product,,web
evt_000577,1148.0,2026-08-03T09:27:00+00:00,view_product,,android
evt_000578,1211.0,2026-07-04T23:34:00+00:00,view_product,,web
evt_000579,1164.0,2026-08-05T11:22:00+00:00,view_product,,ios
evt_000580,1080.0,2026-07-09T10:45:00+00:00,view_product,,web
evt_000581,1094.0,2026-07-06T06:00:00+00:00,add_to_cart,,web
evt_000582,1023.0,2026-07-14T06:01:00+00:00,checkout_started,,web
evt_000583,1032.0,2026-07-01T04:31:00+00:00,checkout_started,,android
evt_000584,1060.0,2026-07-01T12:49:00+00:00,checkout_started,,ios
evt_000585,1086.0,2026-07-08T02:03:00+00:00,view_product,,android
evt_000586,1219.0,2026-07-27T07:31:00+00:00,add_to_cart,,web
evt_000587,1193.0,2026-07-31T22:47:00+00:00,purchase,50165,web
evt_000588,1025.0,2026-07-10T09:55:00+00:00,view_product,,web
evt_000589,1074.0,2026-07-25T11:48:00+00:00,view_product,,web
evt_000590,1013.0,2026-07-14T08:28:00+00:00,view_product,,web
evt_000591,1014.0,2026-07-17T10:51:00+00:00,purchase,50402,android
evt_000592,1083.0,2026-07-13T17:25:00+00:00,purchase,51564,android
evt_000593,1212.0,2026-08-03T20:59:00+00:00,add_to_cart,,web
evt_000594,1041.0,2026-07-20T10:47:00+00:00,view_product,,web
evt_000595,1151.0,2026-07-20T05:41:00+00:00,purchase,51457,ios
evt_000596,1087.0,2026-08-02T16:08:00+00:00,view_product,,ios
evt_000597,1120.0,2026-07-25T23:25:00+00:00,view_product,,ios
evt_000598,1193.0,2026-07-06T16:14:00+00:00,view_product,,web
evt_000599,1184.0,2026-07-08T04:10:00+00:00,add_to_cart,,web
evt_000600,1184.0,2026-07-13T22:44:00+00:00,checkout_started,,web
evt_000601,1091.0,2026-07-04T17:16:00+00:00,view_product,,android
evt_000602,1011.0,2026-07-27T07:07:00+00:00,view_product,,ios
evt_000603,1218.0,2026-07-19T19:44:00+00:00,view_product,,android
evt_000604,1220.0,2026-07-02T16:20:00+00:00,view_product,,web
evt_000605,1190.0,2026-07-16T05:13:00+00:00,checkout_started,,web
evt_000606,1106.0,2026-08-01T12:56:00+00:00,view_product,,web
evt_000607,1063.0,2026-08-04T11:13:00+00:00,view_product,,android
evt_000608,1039.0,2026-08-06T13:11:00+00:00,view_product,,web
evt_000609,1083.0,2026-08-05T01:23:00+00:00,add_to_cart,,ios
evt_000610,1074.0,2026-07-24T02:09:00+00:00,checkout_started,,web
evt_000611,1061.0,2026-08-05T05:35:00+00:00,view_product,,web
evt_000612,1211.0,2026-08-06T08:20:00+00:00,view_product,,web
evt_000613,1146.0,2026-07-25T03:22:00+00:00,purchase,50408,web
evt_000614,1050.0,2026-07-16T16:42:00+00:00,view_product,,android
evt_000615,1142.0,2026-08-06T17:04:00+00:00,view_product,,android
evt_000616,1156.0,2026-07-16T18:30:00+00:00,view_product,,ios
evt_000617,1116.0,2026-07-07T07:44:00+00:00,purchase,50862,web
evt_000618,1210.0,2026-07-05T00:53:00+00:00,add_to_cart,,android
evt_000619,1214.0,2026-07-22T13:30:00+00:00,view_product,,web
evt_000620,1096.0,2026-07-02T08:19:00+00:00,view_product,,android
evt_000621,1105.0,2026-07-05T12:09:00+00:00,view_product,,ios
evt_000622,1048.0,2026-07-10T06:59:00+00:00,view_product,,web
evt_000623,1174.0,2026-07-21T03:12:00+00:00,view_product,,web
evt_000624,1206.0,2026-07-19T04:03:00+00:00,view_product,,web
evt_000625,1146.0,2026-07-20T10:12:00+00:00,view_product,,web
evt_000626,1045.0,2026-07-20T07:00:00+00:00,view_product,,android
evt_000627,1115.0,2026-08-07T18:41:00+00:00,view_product,,ios
evt_000628,1176.0,2026-07-09T06:25:00+00:00,view_product,,web
evt_000629,1010.0,2026-07-19T00:19:00+00:00,checkout_started,,web
evt_000630,1131.0,2026-07-24T06:52:00+00:00,view_product,,ios
evt_000631,1146.0,2026-07-11T09:50:00+00:00,checkout_started,,web
evt_000632,1119.0,2026-07-07T21:15:00+00:00,checkout_started,,web
evt_000633,1143.0,2026-07-02T18:32:00+00:00,purchase,50862,ios
evt_000634,1198.0,2026-07-13T09:30:00+00:00,view_product,,web
evt_000635,1028.0,2026-07-10T15:48:00+00:00,view_product,,web
evt_000636,1127.0,2026-07-08T10:29:00+00:00,add_to_cart,,web
evt_000637,1176.0,2026-07-11T07:23:00+00:00,view_product,,web
evt_000638,1182.0,2026-07-27T11:21:00+00:00,view_product,,android
evt_000639,1104.0,2026-08-01T10:41:00+00:00,view_product,,android
evt_000640,999999.0,2026-07-20T15:06:00+00:00,view_product,,android
evt_000641,1072.0,2026-07-03T12:41:00+00:00,add_to_cart,,android
evt_000642,1098.0,2026-07-28T23:19:00+00:00,view_product,,web
evt_000643,1183.0,2026-07-06T18:37:00+00:00,purchase,50421,web
evt_000644,1098.0,2026-07-03T04:12:00+00:00,add_to_cart,,ios
evt_000645,1076.0,2026-07-22T14:26:00+00:00,view_product,,web
evt_000646,1123.0,2026-07-17T03:55:00+00:00,view_product,,android
evt_000647,1138.0,2026-07-12T20:23:00+00:00,view_product,,web
evt_000648,1215.0,2026-08-06T17:51:00+00:00,checkout_started,,web
evt_000649,1137.0,2026-07-04T11:11:00+00:00,add_to_cart,,ios
evt_000650,1041.0,2026-07-03T00:54:00+00:00,add_to_cart,,android
evt_000651,1012.0,2026-07-23T07:47:00+00:00,add_to_cart,,ios
evt_000652,1214.0,2026-07-16T21:33:00+00:00,view_product,,ios
evt_000653,1094.0,2026-07-31T11:00:00+00:00,purchase,50378,web
evt_000654,1045.0,2026-07-02T12:50:00+00:00,purchase,50700,ios
evt_000655,1050.0,2026-07-16T22:28:00+00:00,add_to_cart,,ios
evt_000656,1024.0,2026-07-06T13:44:00+00:00,view_product,,web
evt_000657,1045.0,2026-07-02T13:33:00+00:00,view_product,,ios
evt_000658,1173.0,2026-07-18T13:49:00+00:00,view_product,,web
evt_000659,1145.0,2026-07-28T22:10:00+00:00,view_product,,web
evt_000660,1133.0,2026-07-06T23:39:00+00:00,view_product,,android
evt_000661,1003.0,2026-08-02T00:10:00+00:00,add_to_cart,,web
evt_000662,1149.0,2026-07-20T17:06:00+00:00,purchase,50962,ios
evt_000663,1215.0,2026-07-19T06:12:00+00:00,view_product,,web
evt_000664,1205.0,2026-08-05T01:31:00+00:00,view_product,,android
evt_000665,1088.0,2026-07-13T12:11:00+00:00,view_product,,web
evt_000666,1133.0,2026-07-08T14:46:00+00:00,purchase,51287,web
evt_000667,1067.0,2026-07-30T21:05:00+00:00,add_to_cart,,android
evt_000668,1197.0,2026-07-05T01:45:00+00:00,view_product,,ios
evt_000669,1204.0,2026-08-03T03:21:00+00:00,view_product,,web
evt_000670,1050.0,2026-08-01T08:39:00+00:00,view_product,,web
evt_000671,1108.0,2026-08-07T03:00:00+00:00,view_product,,web
evt_000672,1053.0,2026-07-18T11:45:00+00:00,view_product,,android
evt_000673,1136.0,2026-07-24T15:26:00+00:00,view_product,,ios
evt_000674,1065.0,2026-08-03T12:56:00+00:00,view_product,,android
evt_000675,1154.0,2026-07-06T00:01:00+00:00,view_product,,android
evt_000676,1217.0,2026-07-12T15:11:00+00:00,view_product,,web
evt_000677,1193.0,2026-07-18T22:19:00+00:00,add_to_cart,,ios
evt_000678,1041.0,2026-07-24T20:18:00+00:00,view_product,,ios
evt_000679,1029.0,2026-07-26T19:24:00+00:00,view_product,,android
evt_000680,1181.0,2026-08-05T02:03:00+00:00,purchase,51345,ios
evt_000681,1019.0,2026-07-19T14:16:00+00:00,view_product,,web
evt_000682,1089.0,2026-07-07T12:35:00+00:00,add_to_cart,,android
evt_000683,1220.0,2026-07-08T05:11:00+00:00,view_product,,ios
evt_000684,1100.0,2026-07-31T10:15:00+00:00,add_to_cart,,android
evt_000685,1002.0,2026-07-18T12:27:00+00:00,view_product,,web
evt_000686,1216.0,2026-07-24T23:56:00+00:00,view_product,,web
evt_000687,1157.0,2026-07-22T09:19:00+00:00,view_product,,ios
evt_000688,1074.0,2026-07-31T21:24:00+00:00,add_to_cart,,ios
evt_000689,1136.0,2026-07-09T07:13:00+00:00,add_to_cart,,web
evt_000690,1136.0,2026-07-07T11:40:00+00:00,add_to_cart,,web
evt_000691,1123.0,2026-07-28T20:59:00+00:00,view_product,,ios
evt_000692,1213.0,2026-07-17T11:53:00+00:00,add_to_cart,,android
evt_000693,1174.0,2026-08-01T00:00:00+00:00,view_product,,web
evt_000694,1058.0,2026-07-05T21:29:00+00:00,view_product,,web
evt_000695,1220.0,2026-07-11T07:57:00+00:00,view_product,,web
evt_000696,1213.0,2026-08-06T11:35:00+00:00,view_product,,web
evt_000697,1011.0,2026-08-02T01:25:00+00:00,checkout_started,,web
evt_000698,1066.0,2026-07-03T09:10:00+00:00,view_product,,web
evt_000699,1136.0,2026-08-01T00:58:00+00:00,view_product,,ios
evt_000700,1195.0,2026-07-03T11:43:00+00:00,purchase,50033,web
evt_000701,1159.0,2026-07-05T13:42:00+00:00,checkout_started,,web
evt_000702,1127.0,2026-08-04T03:07:00+00:00,view_product,,android
evt_000703,1068.0,2026-07-05T18:55:00+00:00,checkout_started,,web
evt_000704,1022.0,2026-07-12T10:17:00+00:00,view_product,,android
evt_000705,1198.0,2026-07-06T03:26:00+00:00,checkout_started,,web
evt_000706,1118.0,2026-07-23T16:28:00+00:00,view_product,,android
evt_000707,1101.0,2026-07-03T04:09:00+00:00,view_product,,android
evt_000708,1217.0,2026-07-11T22:10:00+00:00,purchase,51052,web
evt_000709,1037.0,2026-07-13T09:36:00+00:00,view_product,,ios
evt_000710,1057.0,2026-07-25T15:40:00+00:00,checkout_started,,ios
evt_000711,1189.0,2026-07-19T20:49:00+00:00,view_product,,web
evt_000712,1063.0,2026-07-08T07:31:00+00:00,view_product,,ios
evt_000713,1209.0,2026-07-18T15:26:00+00:00,purchase,50986,web
evt_000714,1190.0,2026-07-18T10:29:00+00:00,view_product,,web
evt_000715,1022.0,2026-07-14T10:35:00+00:00,checkout_started,,android
evt_000716,1102.0,2026-07-21T06:32:00+00:00,checkout_started,,web
evt_000717,1167.0,2026-07-13T09:26:00+00:00,view_product,,web
evt_000718,1109.0,2026-07-13T16:16:00+00:00,view_product,,web
evt_000719,1048.0,2026-07-30T18:25:00+00:00,view_product,,android
evt_000720,1010.0,2026-07-10T13:33:00+00:00,view_product,,web
evt_000721,1002.0,2026-07-13T12:03:00+00:00,view_product,,web
evt_000722,1040.0,2026-07-06T07:52:00+00:00,view_product,,ios
evt_000723,1058.0,2026-07-27T12:42:00+00:00,add_to_cart,,ios
evt_000724,1067.0,2026-07-27T20:00:00+00:00,view_product,,web
evt_000725,1189.0,2026-07-26T18:25:00+00:00,add_to_cart,,android
evt_000726,1113.0,2026-07-07T09:28:00+00:00,view_product,,web
evt_000727,1032.0,2026-07-18T03:50:00+00:00,view_product,,ios
evt_000728,1019.0,2026-07-12T02:25:00+00:00,view_product,,ios
evt_000729,1029.0,2026-07-30T00:29:00+00:00,view_product,,web
evt_000730,1070.0,2026-07-13T19:15:00+00:00,view_product,,android
evt_000731,1164.0,2026-07-16T19:21:00+00:00,view_product,,web
evt_000732,1011.0,2026-07-18T06:22:00+00:00,checkout_started,,web
evt_000733,1090.0,2026-07-29T21:50:00+00:00,add_to_cart,,web
evt_000734,1099.0,2026-07-27T16:44:00+00:00,view_product,,web
evt_000735,1033.0,2026-08-01T03:49:00+00:00,checkout_started,,android
evt_000736,1013.0,2026-07-17T06:17:00+00:00,purchase,50075,web
evt_000737,1051.0,2026-08-01T03:28:00+00:00,view_product,,android
evt_000738,1034.0,2026-08-03T02:26:00+00:00,purchase,51336,web
evt_000739,1176.0,2026-07-20T21:48:00+00:00,view_product,,android
evt_000740,1203.0,2026-07-26T19:57:00+00:00,add_to_cart,,android
evt_000741,1138.0,2026-08-04T13:31:00+00:00,view_product,,web
evt_000742,1168.0,2026-08-01T20:41:00+00:00,add_to_cart,,web
evt_000743,1169.0,2026-07-11T12:06:00+00:00,checkout_started,,android
evt_000744,1194.0,2026-07-28T05:18:00+00:00,purchase,50953,web
evt_000745,1022.0,2026-07-17T22:43:00+00:00,purchase,51151,web
evt_000746,999999.0,2026-07-06T15:33:00+00:00,view_product,,android
evt_000747,1102.0,2026-07-15T03:04:00+00:00,add_to_cart,,android
evt_000748,1121.0,2026-08-07T03:52:00+00:00,view_product,,ios
evt_000749,1177.0,2026-08-06T09:35:00+00:00,view_product,,android
evt_000750,1110.0,2026-07-30T21:22:00+00:00,view_product,,web
evt_000751,1059.0,2026-08-07T15:12:00+00:00,purchase,51058,ios
evt_000752,1005.0,2026-07-22T18:19:00+00:00,add_to_cart,,web
evt_000753,1038.0,2026-07-29T18:54:00+00:00,view_product,,android
evt_000754,1019.0,2026-07-07T06:41:00+00:00,purchase,50535,ios
evt_000755,1085.0,2026-07-12T08:28:00+00:00,add_to_cart,,web
evt_000756,1173.0,2026-07-07T13:29:00+00:00,view_product,,android
evt_000757,1074.0,2026-08-05T15:03:00+00:00,view_product,,web
evt_000758,1133.0,2026-07-24T08:16:00+00:00,add_to_cart,,ios
evt_000759,1041.0,2026-08-05T10:31:00+00:00,add_to_cart,,web
evt_000760,1131.0,2026-07-16T19:34:00+00:00,view_product,,web
evt_000761,1211.0,2026-07-16T07:56:00+00:00,view_product,,web
evt_000762,1070.0,2026-07-26T16:23:00+00:00,view_product,,android
evt_000763,1107.0,2026-07-22T13:55:00+00:00,view_product,,web
evt_000764,1213.0,2026-07-15T03:39:00+00:00,view_product,,ios
evt_000765,1135.0,2026-07-13T01:38:00+00:00,view_product,,web
evt_000766,1089.0,2026-07-20T11:42:00+00:00,view_product,,android
evt_000767,1027.0,2026-07-03T20:53:00+00:00,add_to_cart,,ios
evt_000768,1208.0,2026-07-08T03:25:00+00:00,view_product,,web
evt_000769,1135.0,2026-07-02T15:54:00+00:00,view_product,,web
evt_000770,1013.0,2026-07-06T21:32:00+00:00,view_product,,ios
evt_000771,1123.0,2026-07-08T13:10:00+00:00,purchase,50322,web
evt_000772,1215.0,2026-07-03T20:59:00+00:00,view_product,,web
evt_000773,1206.0,2026-07-03T02:34:00+00:00,view_product,,web
evt_000774,1044.0,2026-08-01T03:30:00+00:00,view_product,,web
evt_000775,1092.0,2026-07-07T22:35:00+00:00,add_to_cart,,android
evt_000776,1218.0,2026-07-22T02:30:00+00:00,view_product,,android
evt_000777,1173.0,2026-07-04T17:52:00+00:00,view_product,,ios
evt_000778,1124.0,2026-08-05T23:47:00+00:00,checkout_started,,web
evt_000779,1068.0,2026-07-10T01:56:00+00:00,add_to_cart,,android
evt_000780,1169.0,2026-07-29T11:31:00+00:00,view_product,,ios
evt_000781,1128.0,2026-07-25T08:45:00+00:00,view_product,,android
evt_000782,1116.0,2026-07-30T05:06:00+00:00,purchase,50605,web
evt_000783,1205.0,2026-07-24T21:47:00+00:00,purchase,51220,web
evt_000784,1084.0,2026-07-20T08:15:00+00:00,add_to_cart,,ios
evt_000785,1139.0,2026-07-30T08:10:00+00:00,add_to_cart,,android
evt_000786,1010.0,2026-07-31T23:41:00+00:00,checkout_started,,web
evt_000787,1158.0,2026-07-15T10:29:00+00:00,purchase,51019,web
evt_000788,1121.0,2026-08-05T19:09:00+00:00,view_product,,ios
evt_000789,1194.0,2026-08-07T12:35:00+00:00,purchase,51004,android
evt_000790,1074.0,2026-07-28T10:13:00+00:00,add_to_cart,,android
evt_000791,1205.0,2026-08-05T07:12:00+00:00,view_product,,android
evt_000792,1128.0,2026-07-05T00:17:00+00:00,view_product,,ios
evt_000793,1047.0,2026-07-21T12:47:00+00:00,view_product,,android
evt_000794,1036.0,2026-07-25T17:43:00+00:00,add_to_cart,,web
evt_000795,1044.0,2026-08-05T06:04:00+00:00,add_to_cart,,web
evt_000796,1067.0,2026-07-05T13:50:00+00:00,view_product,,ios
evt_000797,1122.0,2026-07-31T15:08:00+00:00,view_product,,ios
evt_000798,1192.0,2026-07-03T22:25:00+00:00,view_product,,web
evt_000799,999999.0,2026-07-14T14:35:00+00:00,view_product,,web
evt_000800,1150.0,2026-07-27T07:55:00+00:00,view_product,,android
evt_000801,1109.0,2026-07-12T01:22:00+00:00,add_to_cart,,android
evt_000802,1136.0,2026-08-01T17:19:00+00:00,view_product,,web
evt_000803,1074.0,2026-08-05T08:37:00+00:00,view_product,,android
evt_000804,1055.0,2026-07-07T00:51:00+00:00,view_product,,web
evt_000805,1119.0,2026-07-10T19:22:00+00:00,view_product,,web
evt_000806,1183.0,2026-07-03T19:37:00+00:00,purchase,50209,web
evt_000807,1015.0,2026-07-27T23:36:00+00:00,add_to_cart,,web
evt_000808,1025.0,2026-08-03T16:30:00+00:00,add_to_cart,,web
evt_000809,1040.0,2026-07-23T20:40:00+00:00,view_product,,ios
evt_000810,1047.0,2026-07-06T00:34:00+00:00,view_product,,android
evt_000811,1033.0,2026-07-07T14:27:00+00:00,checkout_started,,web
evt_000812,1029.0,2026-07-02T07:59:00+00:00,view_product,,android
evt_000813,1007.0,2026-07-19T14:52:00+00:00,view_product,,android
evt_000814,1077.0,2026-07-28T09:36:00+00:00,view_product,,web
evt_000815,1160.0,2026-07-06T16:48:00+00:00,add_to_cart,,web
evt_000816,1035.0,2026-08-02T05:06:00+00:00,view_product,,web
evt_000817,1072.0,2026-07-10T14:27:00+00:00,view_product,,ios
evt_000818,1216.0,2026-07-20T13:11:00+00:00,add_to_cart,,web
evt_000819,1038.0,2026-07-26T08:53:00+00:00,view_product,,ios
evt_000820,1219.0,2026-07-21T12:24:00+00:00,view_product,,ios
evt_000821,1114.0,2026-07-19T03:49:00+00:00,checkout_started,,ios
evt_000822,1161.0,2026-07-13T19:13:00+00:00,purchase,50016,web
evt_000823,1072.0,2026-07-17T08:10:00+00:00,view_product,,web
evt_000824,1072.0,2026-07-10T01:28:00+00:00,view_product,,web
evt_000825,1087.0,2026-07-12T04:36:00+00:00,view_product,,android
evt_000826,1029.0,2026-07-29T16:46:00+00:00,view_product,,ios
evt_000827,1070.0,2026-08-03T12:55:00+00:00,checkout_started,,ios
evt_000828,1198.0,2026-08-02T06:32:00+00:00,add_to_cart,,ios
evt_000829,1001.0,2026-07-13T13:49:00+00:00,view_product,,web
evt_000830,1127.0,2026-07-13T04:58:00+00:00,add_to_cart,,web
evt_000831,1153.0,2026-07-03T05:10:00+00:00,view_product,,web
evt_000832,1032.0,2026-07-11T09:43:00+00:00,view_product,,web
evt_000833,1025.0,2026-07-23T06:03:00+00:00,purchase,51069,web
evt_000834,1123.0,2026-07-11T04:13:00+00:00,view_product,,web
evt_000835,1049.0,2026-07-28T20:55:00+00:00,view_product,,android
evt_000836,1217.0,2026-07-02T22:08:00+00:00,checkout_started,,web
evt_000837,1043.0,2026-07-16T15:35:00+00:00,view_product,,web
evt_000838,1029.0,2026-07-11T16:20:00+00:00,view_product,,web
evt_000839,1074.0,2026-07-19T18:47:00+00:00,view_product,,web
evt_000840,1074.0,2026-07-01T23:23:00+00:00,view_product,,web
evt_000841,1036.0,2026-07-16T21:55:00+00:00,view_product,,web
evt_000842,1147.0,2026-07-30T23:01:00+00:00,view_product,,web
evt_000843,1077.0,2026-08-02T13:32:00+00:00,view_product,,android
evt_000844,1117.0,2026-07-10T17:24:00+00:00,view_product,,web
evt_000845,1054.0,2026-07-17T07:03:00+00:00,add_to_cart,,web
evt_000846,1022.0,2026-07-27T05:25:00+00:00,checkout_started,,web
evt_000847,1014.0,2026-07-18T14:55:00+00:00,add_to_cart,,web
evt_000848,1012.0,2026-07-21T15:23:00+00:00,add_to_cart,,web
evt_000849,1193.0,2026-07-13T23:27:00+00:00,add_to_cart,,web
evt_000850,1059.0,2026-08-01T19:46:00+00:00,view_product,,android
evt_000851,1068.0,2026-07-24T23:55:00+00:00,view_product,,android
evt_000852,1129.0,2026-08-06T11:51:00+00:00,view_product,,ios
evt_000853,1022.0,2026-07-30T15:11:00+00:00,view_product,,web
evt_000854,1133.0,2026-07-14T22:58:00+00:00,purchase,51521,web
evt_000855,1116.0,2026-07-13T10:58:00+00:00,view_product,,web
evt_000856,1175.0,2026-07-04T08:34:00+00:00,checkout_started,,android
evt_000857,1028.0,2026-07-24T15:41:00+00:00,view_product,,web
evt_000858,1004.0,2026-07-29T11:40:00+00:00,view_product,,ios
evt_000859,1171.0,2026-07-14T11:02:00+00:00,view_product,,web
evt_000860,1082.0,2026-07-01T19:25:00+00:00,view_product,,web
evt_000861,1014.0,2026-08-01T08:53:00+00:00,view_product,,web
evt_000862,1123.0,2026-07-09T11:20:00+00:00,add_to_cart,,web
evt_000863,1103.0,2026-07-23T03:01:00+00:00,view_product,,ios
evt_000864,1211.0,2026-07-03T00:33:00+00:00,checkout_started,,ios
evt_000865,1209.0,2026-07-03T09:14:00+00:00,checkout_started,,web
evt_000866,1120.0,2026-08-04T03:06:00+00:00,view_product,,web
evt_000867,1036.0,2026-07-26T13:18:00+00:00,purchase,50574,android
evt_000868,1166.0,2026-07-01T04:49:00+00:00,view_product,,web
evt_000869,1045.0,2026-07-04T19:47:00+00:00,view_product,,ios
evt_000870,1186.0,2026-07-19T17:22:00+00:00,view_product,,web
evt_000871,1133.0,2026-07-26T20:29:00+00:00,view_product,,ios
evt_000872,1079.0,2026-07-17T02:41:00+00:00,view_product,,ios
evt_000873,1217.0,2026-08-03T03:56:00+00:00,view_product,,web
evt_000874,1114.0,2026-07-25T19:18:00+00:00,checkout_started,,web
evt_000875,1086.0,2026-07-24T08:12:00+00:00,view_product,,web
evt_000876,1042.0,2026-07-12T00:14:00+00:00,add_to_cart,,web
evt_000877,1144.0,2026-07-26T21:56:00+00:00,view_product,,ios
evt_000878,1060.0,2026-08-03T04:48:00+00:00,view_product,,web
evt_000879,1034.0,2026-07-02T20:38:00+00:00,view_product,,web
evt_000880,1027.0,2026-07-28T21:43:00+00:00,view_product,,android
evt_000881,1142.0,2026-08-03T10:18:00+00:00,view_product,,android
evt_000882,1204.0,2026-07-17T10:15:00+00:00,add_to_cart,,web
evt_000883,1056.0,2026-07-30T02:30:00+00:00,view_product,,ios
evt_000884,1049.0,2026-07-14T14:31:00+00:00,view_product,,web
evt_000885,1136.0,2026-07-08T07:54:00+00:00,add_to_cart,,ios
evt_000886,1032.0,2026-08-01T00:05:00+00:00,add_to_cart,,web
evt_000887,1020.0,2026-07-12T19:45:00+00:00,purchase,50713,android
evt_000888,1141.0,2026-07-29T18:26:00+00:00,view_product,,web
evt_000889,1117.0,2026-07-12T23:37:00+00:00,add_to_cart,,web
evt_000890,1007.0,2026-07-16T03:53:00+00:00,view_product,,android
evt_000891,1053.0,2026-07-27T00:48:00+00:00,add_to_cart,,web
evt_000892,1044.0,2026-07-13T23:19:00+00:00,view_product,,web
evt_000893,1151.0,2026-07-31T16:43:00+00:00,view_product,,web
evt_000894,1148.0,2026-07-02T11:27:00+00:00,purchase,51533,ios
evt_000895,1166.0,2026-07-01T10:38:00+00:00,add_to_cart,,web
evt_000896,1022.0,2026-07-04T02:31:00+00:00,view_product,,web
evt_000897,1188.0,2026-07-10T17:42:00+00:00,view_product,,web
evt_000898,1047.0,2026-07-03T01:10:00+00:00,add_to_cart,,ios
evt_000899,1220.0,2026-07-15T11:12:00+00:00,view_product,,android
evt_000900,1193.0,2026-07-01T22:16:00+00:00,view_product,,web
evt_000901,1102.0,2026-07-29T17:43:00+00:00,view_product,,web
evt_000902,1174.0,2026-07-06T19:25:00+00:00,view_product,,web
evt_000903,1149.0,2026-08-06T22:31:00+00:00,view_product,,web
evt_000904,1171.0,2026-08-02T13:42:00+00:00,add_to_cart,,android
evt_000905,1005.0,2026-07-27T09:14:00+00:00,view_product,,android
evt_000906,1019.0,2026-07-31T07:55:00+00:00,checkout_started,,android
evt_000907,1201.0,2026-07-30T10:47:00+00:00,checkout_started,,android
evt_000908,1173.0,2026-08-02T03:09:00+00:00,view_product,,web
evt_000909,1137.0,2026-07-22T02:30:00+00:00,add_to_cart,,ios
evt_000910,1070.0,2026-07-24T16:54:00+00:00,view_product,,web
evt_000911,1094.0,2026-07-18T19:44:00+00:00,checkout_started,,android
evt_000912,1087.0,2026-07-24T17:08:00+00:00,view_product,,ios
evt_000913,1096.0,2026-07-15T11:48:00+00:00,view_product,,web
evt_000914,1139.0,2026-07-05T17:01:00+00:00,view_product,,android
evt_000915,1168.0,2026-08-05T09:11:00+00:00,checkout_started,,ios
evt_000916,1085.0,2026-07-27T13:27:00+00:00,view_product,,android
evt_000917,1185.0,2026-07-27T18:54:00+00:00,checkout_started,,ios
evt_000918,1020.0,2026-07-11T15:23:00+00:00,view_product,,android
evt_000919,1179.0,2026-07-30T07:00:00+00:00,add_to_cart,,web
evt_000920,1150.0,2026-07-20T17:33:00+00:00,view_product,,web
evt_000921,1113.0,2026-07-03T21:54:00+00:00,view_product,,ios
evt_000922,1083.0,2026-08-06T06:42:00+00:00,view_product,,web
evt_000923,1083.0,2026-08-07T16:30:00+00:00,view_product,,web
evt_000924,1080.0,2026-08-03T02:00:00+00:00,add_to_cart,,android
evt_000925,1209.0,2026-07-19T01:10:00+00:00,add_to_cart,,android
evt_000926,1006.0,2026-07-09T20:40:00+00:00,view_product,,android
evt_000927,1141.0,2026-07-01T10:03:00+00:00,view_product,,web
evt_000928,1219.0,2026-07-28T23:49:00+00:00,view_product,,web
evt_000929,1121.0,2026-08-03T20:31:00+00:00,add_to_cart,,android
evt_000930,1142.0,2026-07-04T22:55:00+00:00,add_to_cart,,web
evt_000931,1133.0,2026-07-27T00:08:00+00:00,checkout_started,,web
evt_000932,1112.0,2026-07-02T00:23:00+00:00,checkout_started,,web
evt_000933,1140.0,2026-07-30T12:15:00+00:00,view_product,,android
evt_000934,1200.0,2026-07-02T01:41:00+00:00,view_product,,web
evt_000935,1158.0,2026-08-07T01:30:00+00:00,checkout_started,,web
evt_000936,1188.0,2026-07-07T11:15:00+00:00,view_product,,web
evt_000937,1123.0,2026-07-16T05:04:00+00:00,view_product,,web
evt_000938,1171.0,2026-07-27T09:47:00+00:00,view_product,,ios
evt_000939,1194.0,2026-08-02T03:46:00+00:00,add_to_cart,,ios
evt_000940,1047.0,2026-07-14T19:20:00+00:00,add_to_cart,,ios
evt_000941,1190.0,2026-08-07T06:08:00+00:00,purchase,50372,web
evt_000942,1152.0,2026-07-01T14:32:00+00:00,view_product,,web
evt_000943,1098.0,2026-07-18T21:54:00+00:00,view_product,,web
evt_000944,1172.0,2026-08-07T13:04:00+00:00,view_product,,android
evt_000945,1038.0,2026-07-11T09:59:00+00:00,add_to_cart,,web
evt_000946,1155.0,2026-07-21T06:26:00+00:00,view_product,,web
evt_000947,1128.0,2026-07-17T21:26:00+00:00,purchase,50836,web
evt_000948,1197.0,2026-07-15T23:13:00+00:00,view_product,,android
evt_000949,1138.0,2026-07-30T04:12:00+00:00,add_to_cart,,android
evt_000950,1117.0,2026-07-20T17:11:00+00:00,checkout_started,,web
evt_000951,1116.0,2026-07-28T03:01:00+00:00,view_product,,ios
evt_000952,1123.0,2026-07-20T18:12:00+00:00,add_to_cart,,web
evt_000953,1197.0,2026-08-07T21:37:00+00:00,view_product,,android
evt_000954,1174.0,2026-07-18T20:51:00+00:00,add_to_cart,,android
evt_000955,1021.0,2026-07-31T06:01:00+00:00,checkout_started,,ios
evt_000956,1118.0,2026-07-24T07:00:00+00:00,view_product,,android
evt_000957,1064.0,2026-07-31T10:52:00+00:00,view_product,,web
evt_000958,1037.0,2026-08-03T15:41:00+00:00,purchase,50138,web
evt_000959,1192.0,2026-07-09T14:34:00+00:00,purchase,50422,ios
evt_000960,1190.0,2026-07-12T11:09:00+00:00,view_product,,ios
evt_000961,1208.0,2026-07-12T11:01:00+00:00,purchase,50600,web
evt_000962,1088.0,2026-07-19T12:06:00+00:00,view_product,,web
evt_000963,1095.0,2026-07-19T16:35:00+00:00,view_product,,web
evt_000964,1172.0,2026-07-01T03:19:00+00:00,view_product,,web
evt_000965,1043.0,2026-08-04T00:37:00+00:00,view_product,,android
evt_000966,1013.0,2026-08-02T16:09:00+00:00,view_product,,web
evt_000967,1093.0,2026-07-23T20:09:00+00:00,add_to_cart,,android
evt_000968,1140.0,2026-07-12T14:59:00+00:00,view_product,,web
evt_000969,1101.0,2026-08-01T09:50:00+00:00,view_product,,ios
evt_000970,1047.0,2026-07-11T07:25:00+00:00,add_to_cart,,android
evt_000971,1115.0,2026-07-12T14:54:00+00:00,add_to_cart,,android
evt_000972,1209.0,2026-08-07T21:45:00+00:00,purchase,51097,android
evt_000973,1061.0,2026-08-05T02:36:00+00:00,view_product,,web
evt_000974,1089.0,2026-07-23T04:57:00+00:00,checkout_started,,web
evt_000975,1070.0,2026-07-07T10:20:00+00:00,view_product,,ios
evt_000976,1065.0,2026-07-05T16:12:00+00:00,view_product,,ios
evt_000977,1145.0,2026-08-06T15:24:00+00:00,add_to_cart,,android
evt_000978,1083.0,2026-07-11T02:09:00+00:00,view_product,,ios
evt_000979,1138.0,2026-07-26T21:29:00+00:00,add_to_cart,,web
evt_000980,1005.0,2026-07-14T10:08:00+00:00,view_product,,web
evt_000981,1147.0,2026-07-19T20:56:00+00:00,view_product,,android
evt_000982,1024.0,2026-08-07T11:17:00+00:00,view_product,,web
evt_000983,1084.0,2026-07-23T12:46:00+00:00,view_product,,ios
evt_000984,1193.0,2026-07-17T08:43:00+00:00,view_product,,ios
evt_000985,1075.0,2026-07-16T19:05:00+00:00,view_product,,android
evt_000986,1155.0,2026-07-09T17:52:00+00:00,view_product,,android
evt_000987,1078.0,2026-07-22T03:31:00+00:00,add_to_cart,,web
evt_000988,1200.0,2026-07-22T15:35:00+00:00,view_product,,android
evt_000989,1211.0,2026-07-04T14:38:00+00:00,view_product,,web
evt_000990,1201.0,2026-07-16T09:08:00+00:00,view_product,,web
evt_000991,1088.0,2026-07-25T12:03:00+00:00,view_product,,android
evt_000992,1071.0,2026-07-03T02:07:00+00:00,view_product,,web
evt_000993,1134.0,2026-08-07T02:24:00+00:00,add_to_cart,,web
evt_000994,1181.0,2026-08-02T17:09:00+00:00,checkout_started,,ios
evt_000995,1116.0,2026-07-25T04:51:00+00:00,view_product,,android
evt_000996,1164.0,2026-07-01T14:18:00+00:00,add_to_cart,,web
evt_000997,1194.0,2026-07-20T16:24:00+00:00,view_product,,ios
evt_000998,1167.0,2026-08-04T03:25:00+00:00,view_product,,web
evt_000999,1082.0,2026-07-01T20:42:00+00:00,view_product,,web
evt_001000,1056.0,2026-07-31T02:10:00+00:00,view_product,,ios
evt_001001,1096.0,2026-08-01T21:31:00+00:00,view_product,,web
evt_001002,1128.0,2026-07-03T21:09:00+00:00,view_product,,android
evt_001003,1187.0,2026-07-09T18:06:00+00:00,view_product,,ios
evt_001004,1067.0,2026-07-28T11:55:00+00:00,view_product,,android
evt_001005,1036.0,2026-08-04T15:22:00+00:00,view_product,,android
evt_001006,1070.0,2026-07-30T07:05:00+00:00,add_to_cart,,web
evt_001007,1132.0,2026-07-20T23:24:00+00:00,checkout_started,,ios
evt_001008,1052.0,2026-07-23T21:18:00+00:00,view_product,,ios
evt_001009,1089.0,2026-07-20T22:31:00+00:00,view_product,,web
evt_001010,1057.0,2026-07-22T22:50:00+00:00,view_product,,ios
evt_001011,1218.0,2026-07-30T06:44:00+00:00,checkout_started,,ios
evt_001012,1114.0,2026-07-02T21:18:00+00:00,view_product,,web
evt_001013,1160.0,2026-07-08T23:04:00+00:00,view_product,,web
evt_001014,1115.0,2026-07-03T06:15:00+00:00,purchase,50493,web
evt_001015,1003.0,2026-07-31T06:14:00+00:00,view_product,,web
evt_001016,1059.0,2026-07-28T15:17:00+00:00,view_product,,android
evt_001017,1186.0,2026-07-03T00:25:00+00:00,checkout_started,,web
evt_001018,1113.0,2026-07-05T00:16:00+00:00,purchase,50737,ios
evt_001019,1156.0,2026-07-11T01:32:00+00:00,view_product,,ios
evt_001020,1169.0,2026-07-10T04:33:00+00:00,view_product,,web
evt_001021,1124.0,2026-07-20T17:39:00+00:00,view_product,,web
evt_001022,1128.0,2026-07-19T22:56:00+00:00,view_product,,web
evt_001023,1053.0,2026-07-14T14:12:00+00:00,view_product,,web
evt_001024,1056.0,2026-07-07T05:43:00+00:00,view_product,,web
evt_001025,1033.0,2026-07-25T16:13:00+00:00,add_to_cart,,web
evt_001026,1066.0,2026-07-31T00:20:00+00:00,add_to_cart,,android
evt_001027,1139.0,2026-07-25T07:57:00+00:00,purchase,50477,ios
evt_001028,1206.0,2026-07-31T16:19:00+00:00,checkout_started,,web
evt_001029,1098.0,2026-08-04T17:31:00+00:00,view_product,,web
evt_001030,1134.0,2026-08-02T00:02:00+00:00,view_product,,android
evt_001031,1191.0,2026-07-25T18:12:00+00:00,view_product,,web
evt_001032,1150.0,2026-07-02T21:12:00+00:00,view_product,,ios
evt_001033,1058.0,2026-07-13T17:06:00+00:00,view_product,,web
evt_001034,1063.0,2026-07-17T06:13:00+00:00,add_to_cart,,android
evt_001035,1141.0,2026-07-28T01:48:00+00:00,view_product,,web
evt_001036,1064.0,2026-08-02T04:23:00+00:00,view_product,,web
evt_001037,1055.0,2026-07-25T07:58:00+00:00,view_product,,web
evt_001038,1131.0,2026-07-14T19:15:00+00:00,purchase,50226,web
evt_001039,1141.0,2026-07-30T22:24:00+00:00,add_to_cart,,ios
evt_001040,1056.0,2026-07-27T10:35:00+00:00,view_product,,web
evt_001041,1011.0,2026-07-31T07:48:00+00:00,view_product,,web
evt_001042,1170.0,2026-07-23T09:23:00+00:00,checkout_started,,web
evt_001043,1087.0,2026-07-25T13:49:00+00:00,view_product,,ios
evt_001044,1140.0,2026-07-14T04:39:00+00:00,add_to_cart,,android
evt_001045,1039.0,2026-07-16T04:39:00+00:00,add_to_cart,,web
evt_001046,1070.0,2026-07-11T12:04:00+00:00,add_to_cart,,android
evt_001047,1134.0,2026-07-10T18:15:00+00:00,view_product,,android
evt_001048,1028.0,2026-07-25T19:18:00+00:00,checkout_started,,web
evt_001049,1070.0,2026-07-15T13:54:00+00:00,view_product,,web
evt_001050,1159.0,2026-07-06T01:51:00+00:00,view_product,,web
evt_001051,1171.0,2026-07-02T07:58:00+00:00,view_product,,web
evt_001052,1079.0,2026-08-02T16:25:00+00:00,view_product,,ios
evt_001053,1026.0,2026-07-17T13:00:00+00:00,view_product,,web
evt_001054,1006.0,2026-07-22T21:42:00+00:00,add_to_cart,,web
evt_001055,1123.0,2026-08-04T09:13:00+00:00,checkout_started,,ios
evt_001056,1154.0,2026-07-05T05:41:00+00:00,view_product,,web
evt_001057,1132.0,2026-08-05T14:53:00+00:00,add_to_cart,,android
evt_001058,1090.0,2026-07-27T17:37:00+00:00,purchase,51270,ios
evt_001059,1005.0,2026-07-25T07:49:00+00:00,view_product,,web
evt_001060,1050.0,2026-07-17T09:10:00+00:00,add_to_cart,,web
evt_001061,1008.0,2026-07-27T20:05:00+00:00,purchase,51077,web
evt_001062,1103.0,2026-07-08T18:07:00+00:00,add_to_cart,,android
evt_001063,1069.0,2026-07-12T11:33:00+00:00,view_product,,web
evt_001064,1016.0,2026-08-06T12:29:00+00:00,checkout_started,,android
evt_001065,1135.0,2026-07-11T11:31:00+00:00,add_to_cart,,android
evt_001066,1082.0,2026-07-28T08:19:00+00:00,view_product,,web
evt_001067,1213.0,2026-08-05T08:25:00+00:00,view_product,,ios
evt_001068,1093.0,2026-07-23T12:48:00+00:00,view_product,,web
evt_001069,1021.0,2026-07-12T07:28:00+00:00,view_product,,web
evt_001070,1156.0,2026-08-02T06:10:00+00:00,view_product,,android
evt_001071,1156.0,2026-08-01T09:31:00+00:00,view_product,,web
evt_001072,1206.0,2026-07-21T16:00:00+00:00,checkout_started,,android
evt_001073,1154.0,2026-07-05T08:48:00+00:00,add_to_cart,,ios
evt_001074,1080.0,2026-07-17T18:37:00+00:00,view_product,,web
evt_001075,1148.0,2026-07-17T09:39:00+00:00,view_product,,web
evt_001076,1177.0,2026-07-08T04:46:00+00:00,view_product,,web
evt_001077,1115.0,2026-07-16T06:43:00+00:00,view_product,,web
evt_001078,1176.0,2026-07-06T19:53:00+00:00,add_to_cart,,ios
evt_001079,1214.0,2026-07-27T07:37:00+00:00,view_product,,web
evt_001080,1167.0,2026-07-17T09:57:00+00:00,purchase,51034,android
evt_001081,1111.0,2026-07-28T18:15:00+00:00,view_product,,web
evt_001082,1109.0,2026-07-18T07:50:00+00:00,view_product,,web
evt_001083,1186.0,2026-07-28T02:59:00+00:00,checkout_started,,web
evt_001084,1193.0,2026-07-28T20:46:00+00:00,view_product,,web
evt_001085,1059.0,2026-07-07T02:07:00+00:00,view_product,,ios
evt_001086,1003.0,2026-07-17T19:10:00+00:00,view_product,,web
evt_001087,1179.0,2026-07-29T11:58:00+00:00,add_to_cart,,ios
evt_001088,1053.0,2026-07-23T12:57:00+00:00,view_product,,web
evt_001089,999999.0,2026-07-09T10:09:00+00:00,checkout_started,,web
evt_001090,1008.0,2026-08-01T15:15:00+00:00,add_to_cart,,web
evt_001091,1202.0,2026-07-08T14:18:00+00:00,checkout_started,,web
evt_001092,1150.0,2026-08-07T17:55:00+00:00,add_to_cart,,web
evt_001093,1068.0,2026-07-27T20:38:00+00:00,add_to_cart,,ios
evt_001094,1008.0,2026-07-13T06:08:00+00:00,add_to_cart,,web
evt_001095,1188.0,2026-07-08T09:26:00+00:00,view_product,,web
evt_001096,1027.0,2026-08-04T06:34:00+00:00,add_to_cart,,web
evt_001097,1022.0,2026-07-20T21:25:00+00:00,add_to_cart,,web
evt_001098,1175.0,2026-07-31T15:07:00+00:00,view_product,,android
evt_001099,1150.0,2026-08-01T14:29:00+00:00,add_to_cart,,android
evt_001100,1029.0,2026-07-03T14:01:00+00:00,view_product,,ios
evt_001101,1076.0,2026-07-26T23:36:00+00:00,view_product,,web
evt_001102,1148.0,2026-07-13T16:45:00+00:00,view_product,,web
evt_001103,1146.0,2026-08-04T11:50:00+00:00,view_product,,web
evt_001104,1081.0,2026-07-09T07:46:00+00:00,view_product,,android
evt_001105,1092.0,2026-07-02T06:34:00+00:00,view_product,,web
evt_001106,1018.0,2026-07-26T05:55:00+00:00,view_product,,web
evt_001107,1002.0,2026-07-21T23:26:00+00:00,view_product,,ios
evt_001108,1214.0,2026-07-22T02:25:00+00:00,view_product,,ios
evt_001109,1052.0,2026-07-11T00:08:00+00:00,view_product,,web
evt_001110,1205.0,2026-07-19T19:18:00+00:00,purchase,50933,web
evt_001111,1010.0,2026-08-06T15:21:00+00:00,add_to_cart,,android
evt_001112,1219.0,2026-07-30T00:22:00+00:00,view_product,,web
evt_001113,1095.0,2026-08-07T10:12:00+00:00,view_product,,android
evt_001114,1179.0,2026-07-13T15:58:00+00:00,view_product,,web
evt_001115,1186.0,2026-08-03T01:37:00+00:00,view_product,,android
evt_001116,1078.0,2026-07-15T13:04:00+00:00,view_product,,android
evt_001117,1164.0,2026-08-05T13:19:00+00:00,add_to_cart,,web
evt_001118,1074.0,2026-08-02T21:27:00+00:00,add_to_cart,,android
evt_001119,1175.0,2026-07-07T06:09:00+00:00,view_product,,web
evt_001120,1212.0,2026-08-06T22:39:00+00:00,add_to_cart,,web
evt_001121,1179.0,2026-07-24T01:55:00+00:00,view_product,,web
evt_001122,1161.0,2026-07-30T12:02:00+00:00,checkout_started,,ios
evt_001123,1083.0,2026-07-23T00:04:00+00:00,purchase,50213,web
evt_001124,1025.0,2026-07-09T05:58:00+00:00,view_product,,web
evt_001125,1112.0,2026-08-07T10:05:00+00:00,add_to_cart,,android
evt_001126,1029.0,2026-07-05T06:44:00+00:00,add_to_cart,,android
evt_001127,1113.0,2026-07-31T17:46:00+00:00,view_product,,web
evt_001128,1193.0,2026-07-08T22:47:00+00:00,view_product,,web
evt_001129,1026.0,2026-07-30T20:31:00+00:00,add_to_cart,,web
evt_001130,1200.0,2026-07-17T01:33:00+00:00,view_product,,web
evt_001131,1133.0,2026-07-09T23:41:00+00:00,view_product,,android
evt_001132,1011.0,2026-07-09T23:52:00+00:00,add_to_cart,,android
evt_001133,1160.0,2026-07-13T03:27:00+00:00,view_product,,web
evt_001134,1001.0,2026-08-04T05:44:00+00:00,view_product,,web
evt_001135,1136.0,2026-07-30T05:40:00+00:00,purchase,50825,web
evt_001136,1113.0,2026-07-26T11:41:00+00:00,view_product,,web
evt_001137,1165.0,2026-07-24T22:23:00+00:00,view_product,,web
evt_001138,1084.0,2026-07-16T20:03:00+00:00,add_to_cart,,web
evt_001139,1027.0,2026-08-04T06:09:00+00:00,view_product,,web
evt_001140,1086.0,2026-07-11T09:42:00+00:00,add_to_cart,,web
evt_001141,1169.0,2026-08-05T19:57:00+00:00,add_to_cart,,android
evt_001142,1211.0,2026-07-15T11:09:00+00:00,view_product,,ios
evt_001143,1046.0,2026-07-13T23:23:00+00:00,view_product,,web
evt_001144,1078.0,2026-07-19T02:09:00+00:00,purchase,51133,web
evt_001145,1194.0,2026-07-29T10:40:00+00:00,checkout_started,,android
evt_001146,1070.0,2026-07-28T03:00:00+00:00,view_product,,web
evt_001147,1055.0,2026-07-30T03:14:00+00:00,view_product,,android
evt_001148,1184.0,2026-07-04T09:28:00+00:00,view_product,,web
evt_001149,1109.0,2026-07-07T02:53:00+00:00,checkout_started,,android
evt_001150,1129.0,2026-08-02T06:08:00+00:00,add_to_cart,,web
evt_001151,1108.0,2026-08-07T06:32:00+00:00,view_product,,android
evt_001152,1134.0,2026-07-05T20:20:00+00:00,checkout_started,,web
evt_001153,1060.0,2026-08-04T08:34:00+00:00,view_product,,android
evt_001154,1162.0,2026-07-10T23:21:00+00:00,view_product,,ios
evt_001155,1080.0,2026-08-07T05:07:00+00:00,view_product,,web
evt_001156,1116.0,2026-08-07T18:09:00+00:00,view_product,,ios
evt_001157,1042.0,2026-07-25T04:50:00+00:00,add_to_cart,,web
evt_001158,1003.0,2026-07-08T05:28:00+00:00,view_product,,web
evt_001159,1126.0,2026-07-30T22:52:00+00:00,add_to_cart,,web
evt_001160,1031.0,2026-07-04T20:14:00+00:00,purchase,50792,ios
evt_001161,1202.0,2026-07-13T16:49:00+00:00,view_product,,android
evt_001162,1212.0,2026-07-25T06:13:00+00:00,view_product,,web
evt_001163,1070.0,2026-07-03T13:38:00+00:00,add_to_cart,,ios
evt_001164,1064.0,2026-07-15T22:32:00+00:00,view_product,,android
evt_001165,1113.0,2026-07-31T07:02:00+00:00,add_to_cart,,ios
evt_001166,1046.0,2026-07-04T11:45:00+00:00,view_product,,web
evt_001167,1191.0,2026-07-14T22:29:00+00:00,view_product,,web
evt_001168,1023.0,2026-07-01T03:24:00+00:00,checkout_started,,web
evt_001169,1101.0,2026-07-26T00:19:00+00:00,view_product,,web
evt_001170,1042.0,2026-07-04T00:11:00+00:00,view_product,,web
evt_001171,1184.0,2026-07-11T16:14:00+00:00,view_product,,android
evt_001172,1032.0,2026-07-20T20:44:00+00:00,add_to_cart,,ios
evt_001173,1099.0,2026-07-09T03:38:00+00:00,purchase,51158,ios
evt_001174,1185.0,2026-07-09T18:34:00+00:00,view_product,,web
evt_001175,1098.0,2026-08-01T17:25:00+00:00,view_product,,web
evt_001176,1041.0,2026-07-30T13:07:00+00:00,view_product,,android
evt_001177,1035.0,2026-07-04T01:41:00+00:00,add_to_cart,,web
evt_001178,1134.0,2026-08-02T14:02:00+00:00,view_product,,android
evt_001179,1028.0,2026-07-18T18:58:00+00:00,view_product,,web
evt_001180,1079.0,2026-07-06T12:05:00+00:00,view_product,,web
evt_001181,1136.0,2026-08-04T10:54:00+00:00,view_product,,ios
evt_001182,1084.0,2026-07-13T19:21:00+00:00,add_to_cart,,ios
evt_001183,1183.0,2026-07-13T09:02:00+00:00,view_product,,web
evt_001184,1153.0,2026-07-06T13:40:00+00:00,view_product,,ios
evt_001185,1030.0,2026-08-03T16:17:00+00:00,view_product,,web
evt_001186,1181.0,2026-07-11T21:27:00+00:00,view_product,,web
evt_001187,1202.0,2026-07-23T12:15:00+00:00,view_product,,web
evt_001188,1045.0,2026-07-10T02:09:00+00:00,view_product,,ios
evt_001189,1080.0,2026-08-04T00:41:00+00:00,view_product,,ios
evt_001190,1088.0,2026-07-30T21:37:00+00:00,view_product,,web
evt_001191,1094.0,2026-07-20T02:45:00+00:00,view_product,,android
evt_001192,1103.0,2026-07-14T03:04:00+00:00,add_to_cart,,ios
evt_001193,1198.0,2026-07-25T21:24:00+00:00,view_product,,web
evt_001194,1144.0,2026-07-19T19:57:00+00:00,view_product,,web
evt_001195,1199.0,2026-08-05T18:07:00+00:00,add_to_cart,,web
evt_001196,1078.0,2026-07-26T14:35:00+00:00,view_product,,web
evt_001197,1116.0,2026-07-02T00:47:00+00:00,view_product,,android
evt_001198,1024.0,2026-08-01T05:53:00+00:00,add_to_cart,,android
evt_001199,1062.0,2026-07-08T07:52:00+00:00,view_product,,web
evt_001200,1130.0,2026-07-12T10:42:00+00:00,checkout_started,,web
evt_001201,1038.0,2026-07-17T13:40:00+00:00,view_product,,web
evt_001202,1213.0,2026-07-08T22:48:00+00:00,checkout_started,,web
evt_001203,1061.0,2026-08-05T19:23:00+00:00,add_to_cart,,web
evt_001204,1036.0,2026-08-07T04:20:00+00:00,view_product,,web
evt_001205,1173.0,2026-07-06T21:59:00+00:00,view_product,,web
evt_001206,1020.0,2026-07-13T03:58:00+00:00,add_to_cart,,web
evt_001207,1072.0,2026-07-15T02:07:00+00:00,view_product,,web
evt_001208,1044.0,2026-07-26T12:00:00+00:00,view_product,,web
evt_001209,1154.0,2026-07-23T17:10:00+00:00,purchase,50527,web
evt_001210,1187.0,2026-07-26T18:11:00+00:00,add_to_cart,,web
evt_001211,1044.0,2026-07-02T04:18:00+00:00,purchase,50823,web
evt_001212,1092.0,2026-07-20T12:47:00+00:00,checkout_started,,web
evt_001213,1106.0,2026-07-09T00:21:00+00:00,add_to_cart,,android
evt_001214,1153.0,2026-07-09T16:20:00+00:00,add_to_cart,,web
evt_001215,1078.0,2026-07-30T10:31:00+00:00,add_to_cart,,ios
evt_001216,1116.0,2026-07-06T09:00:00+00:00,checkout_started,,web
evt_001217,1112.0,2026-07-02T04:42:00+00:00,view_product,,web
evt_001218,1003.0,2026-07-19T12:09:00+00:00,view_product,,web
evt_001219,1126.0,2026-07-28T23:02:00+00:00,view_product,,ios
evt_001220,1126.0,2026-07-20T09:58:00+00:00,view_product,,android
evt_001221,1219.0,2026-07-07T03:08:00+00:00,purchase,50610,web
evt_001222,1113.0,2026-07-30T09:18:00+00:00,add_to_cart,,web
evt_001223,1199.0,2026-07-15T12:07:00+00:00,view_product,,android
evt_001224,1078.0,2026-07-27T23:22:00+00:00,view_product,,web
evt_001225,1154.0,2026-07-08T16:16:00+00:00,view_product,,web
evt_001226,1200.0,2026-08-04T15:46:00+00:00,view_product,,android
evt_001227,1034.0,2026-07-11T18:36:00+00:00,add_to_cart,,web
evt_001228,1126.0,2026-08-06T21:25:00+00:00,view_product,,web
evt_001229,1204.0,2026-07-15T08:03:00+00:00,view_product,,web
evt_001230,1123.0,2026-07-28T15:48:00+00:00,view_product,,web
evt_001231,1198.0,2026-07-20T01:52:00+00:00,view_product,,android
evt_001232,1093.0,2026-07-03T21:46:00+00:00,view_product,,web
evt_001233,1196.0,2026-07-04T17:37:00+00:00,checkout_started,,web
evt_001234,1139.0,2026-07-16T09:28:00+00:00,checkout_started,,web
evt_001235,1106.0,2026-07-08T08:02:00+00:00,add_to_cart,,web
evt_001236,1048.0,2026-07-24T03:13:00+00:00,view_product,,web
evt_001237,1038.0,2026-07-06T05:48:00+00:00,view_product,,web
evt_001238,1064.0,2026-07-23T10:15:00+00:00,purchase,51594,web
evt_001239,1167.0,2026-07-08T18:49:00+00:00,purchase,50287,web
evt_001240,1104.0,2026-07-07T21:28:00+00:00,view_product,,android
evt_001241,1086.0,2026-07-14T22:45:00+00:00,add_to_cart,,web
evt_001242,1104.0,2026-07-23T03:38:00+00:00,view_product,,android
evt_001243,1077.0,2026-07-16T04:19:00+00:00,view_product,,web
evt_001244,1179.0,2026-07-14T06:54:00+00:00,purchase,50454,web
evt_001245,1087.0,2026-07-13T22:17:00+00:00,purchase,51090,android
evt_001246,1105.0,2026-07-13T21:06:00+00:00,purchase,50094,android
evt_001247,1124.0,2026-07-16T08:10:00+00:00,view_product,,web
evt_001248,1143.0,2026-08-01T16:36:00+00:00,view_product,,web
evt_001249,1074.0,2026-07-22T23:07:00+00:00,checkout_started,,android
evt_001250,1017.0,2026-07-17T00:48:00+00:00,add_to_cart,,web
evt_001251,1153.0,2026-07-29T11:34:00+00:00,view_product,,web
evt_001252,1124.0,2026-07-21T00:59:00+00:00,view_product,,web
evt_001253,1144.0,2026-08-06T01:31:00+00:00,view_product,,android
evt_001254,1121.0,2026-07-22T09:20:00+00:00,view_product,,web
evt_001255,1113.0,2026-07-09T04:59:00+00:00,checkout_started,,web
evt_001256,1210.0,2026-07-22T09:27:00+00:00,view_product,,android
evt_001257,1012.0,2026-07-30T09:31:00+00:00,view_product,,web
evt_001258,1021.0,2026-07-09T02:22:00+00:00,view_product,,android
evt_001259,1207.0,2026-07-08T16:24:00+00:00,view_product,,web
evt_001260,1196.0,2026-07-23T18:42:00+00:00,view_product,,ios
evt_001261,1091.0,2026-08-03T14:39:00+00:00,view_product,,web
evt_001262,1120.0,2026-07-13T17:10:00+00:00,add_to_cart,,web
evt_001263,1100.0,2026-07-20T06:13:00+00:00,view_product,,web
evt_001264,999999.0,2026-07-25T21:22:00+00:00,add_to_cart,,android
evt_001265,1101.0,2026-07-26T05:07:00+00:00,view_product,,web
evt_001266,1168.0,2026-07-06T12:52:00+00:00,view_product,,web
evt_001267,1081.0,2026-07-16T00:25:00+00:00,view_product,,web
evt_001268,1085.0,2026-08-07T18:38:00+00:00,add_to_cart,,ios
evt_001269,1150.0,2026-08-03T18:20:00+00:00,view_product,,ios
evt_001270,1089.0,2026-07-30T08:06:00+00:00,view_product,,web
evt_001271,1004.0,2026-07-01T22:05:00+00:00,view_product,,web
evt_001272,1039.0,2026-07-16T20:31:00+00:00,view_product,,ios
evt_001273,1194.0,2026-07-02T22:39:00+00:00,view_product,,web
evt_001274,1082.0,2026-07-12T10:49:00+00:00,view_product,,web
evt_001275,1023.0,2026-08-02T20:47:00+00:00,view_product,,web
evt_001276,1208.0,2026-07-15T17:40:00+00:00,view_product,,web
evt_001277,999999.0,2026-07-07T09:37:00+00:00,add_to_cart,,android
evt_001278,1111.0,2026-07-28T09:44:00+00:00,view_product,,ios
evt_001279,1139.0,2026-07-29T20:14:00+00:00,checkout_started,,web
evt_001280,1167.0,2026-07-25T21:43:00+00:00,add_to_cart,,android
evt_001281,1015.0,2026-07-31T17:49:00+00:00,view_product,,web
evt_001282,1066.0,2026-07-27T16:18:00+00:00,add_to_cart,,android
evt_001283,1125.0,2026-07-25T02:49:00+00:00,view_product,,web
evt_001284,1122.0,2026-08-03T18:46:00+00:00,purchase,50821,android
evt_001285,1074.0,2026-07-13T07:36:00+00:00,purchase,50047,android
evt_001286,1001.0,2026-07-18T08:08:00+00:00,checkout_started,,android
evt_001287,1211.0,2026-07-22T09:31:00+00:00,view_product,,web
evt_001288,1136.0,2026-07-26T10:36:00+00:00,checkout_started,,android
evt_001289,1167.0,2026-07-19T02:32:00+00:00,add_to_cart,,ios
evt_001290,1097.0,2026-07-17T18:39:00+00:00,checkout_started,,web
evt_001291,1113.0,2026-07-07T06:46:00+00:00,view_product,,web
evt_001292,1099.0,2026-07-25T05:56:00+00:00,checkout_started,,ios
evt_001293,1095.0,2026-07-05T16:45:00+00:00,add_to_cart,,android
evt_001294,1149.0,2026-07-19T01:02:00+00:00,view_product,,android
evt_001295,999999.0,2026-07-16T12:59:00+00:00,purchase,50845,web
evt_001296,1172.0,2026-07-30T12:19:00+00:00,add_to_cart,,ios
evt_001297,1148.0,2026-07-19T02:37:00+00:00,checkout_started,,web
evt_001298,1003.0,2026-07-01T04:47:00+00:00,view_product,,web
evt_001299,1114.0,2026-07-20T05:29:00+00:00,view_product,,android
evt_001300,1212.0,2026-07-09T04:43:00+00:00,add_to_cart,,ios
evt_001301,1088.0,2026-07-15T10:35:00+00:00,view_product,,android
evt_001302,1122.0,2026-07-12T06:21:00+00:00,add_to_cart,,web
evt_001303,1072.0,2026-07-07T07:56:00+00:00,add_to_cart,,web
evt_001304,1043.0,2026-08-05T22:11:00+00:00,view_product,,ios
evt_001305,1156.0,2026-07-10T15:14:00+00:00,add_to_cart,,web
evt_001306,1070.0,2026-07-20T06:25:00+00:00,view_product,,android
evt_001307,1130.0,2026-08-01T11:15:00+00:00,checkout_started,,android
evt_001308,1132.0,2026-07-14T20:17:00+00:00,checkout_started,,android
evt_001309,1188.0,2026-08-05T14:48:00+00:00,view_product,,android
evt_001310,1208.0,2026-07-16T08:43:00+00:00,view_product,,web
evt_001311,1123.0,2026-08-05T23:28:00+00:00,view_product,,web
evt_001312,1012.0,2026-07-18T04:03:00+00:00,view_product,,android
evt_001313,1129.0,2026-07-01T13:09:00+00:00,checkout_started,,web
evt_001314,1196.0,2026-08-02T23:27:00+00:00,view_product,,android
evt_001315,1106.0,2026-08-02T20:00:00+00:00,view_product,,web
evt_001316,1125.0,2026-08-06T13:39:00+00:00,view_product,,android
evt_001317,1169.0,2026-07-05T17:00:00+00:00,add_to_cart,,web
evt_001318,1098.0,2026-08-02T01:52:00+00:00,add_to_cart,,android
evt_001319,1092.0,2026-07-13T23:31:00+00:00,view_product,,web
evt_001320,1107.0,2026-08-01T23:35:00+00:00,view_product,,ios
evt_001321,1189.0,2026-08-06T14:43:00+00:00,view_product,,android
evt_001322,1108.0,2026-07-08T13:30:00+00:00,view_product,,web
evt_001323,1073.0,2026-07-15T02:33:00+00:00,view_product,,web
evt_001324,1132.0,2026-07-11T05:02:00+00:00,add_to_cart,,web
evt_001325,1154.0,2026-07-12T13:49:00+00:00,view_product,,ios
evt_001326,1202.0,2026-07-23T15:35:00+00:00,view_product,,ios
evt_001327,1198.0,2026-07-16T16:09:00+00:00,add_to_cart,,ios
evt_001328,1174.0,2026-07-25T22:23:00+00:00,add_to_cart,,web
evt_001329,1170.0,2026-07-26T15:02:00+00:00,view_product,,web
evt_001330,1100.0,2026-07-08T16:52:00+00:00,view_product,,android
evt_001331,1076.0,2026-07-02T16:03:00+00:00,add_to_cart,,ios
evt_001332,1125.0,2026-07-29T08:36:00+00:00,view_product,,web
evt_001333,1157.0,2026-07-07T21:36:00+00:00,add_to_cart,,web
evt_001334,1115.0,2026-07-08T14:22:00+00:00,add_to_cart,,web
evt_001335,1046.0,2026-07-23T20:25:00+00:00,checkout_started,,android
evt_001336,1004.0,2026-07-10T23:51:00+00:00,view_product,,ios
evt_001337,1013.0,2026-07-08T05:02:00+00:00,view_product,,ios
evt_001338,1095.0,2026-07-12T15:47:00+00:00,checkout_started,,ios
evt_001339,1175.0,2026-07-20T20:38:00+00:00,view_product,,android
evt_001340,1175.0,2026-08-02T03:32:00+00:00,view_product,,web
evt_001341,1179.0,2026-08-07T13:40:00+00:00,view_product,,web
evt_001342,1157.0,2026-07-28T19:39:00+00:00,view_product,,web
evt_001343,1006.0,2026-08-04T03:46:00+00:00,add_to_cart,,android
evt_001344,1196.0,2026-07-21T03:59:00+00:00,purchase,50513,web
evt_001345,1210.0,2026-07-16T12:23:00+00:00,add_to_cart,,web
evt_001346,1188.0,2026-08-01T03:36:00+00:00,view_product,,android
evt_001347,1099.0,2026-07-12T11:46:00+00:00,purchase,50304,web
evt_001348,1048.0,2026-07-31T21:23:00+00:00,add_to_cart,,web
evt_001349,1201.0,2026-08-07T22:21:00+00:00,view_product,,ios
evt_001350,1041.0,2026-07-15T19:31:00+00:00,add_to_cart,,android
evt_001351,1175.0,2026-07-25T01:40:00+00:00,view_product,,web
evt_001352,1214.0,2026-07-30T16:40:00+00:00,view_product,,web
evt_001353,1200.0,2026-07-30T18:33:00+00:00,view_product,,android
evt_001354,1116.0,2026-07-08T20:05:00+00:00,view_product,,ios
evt_001355,1185.0,2026-08-06T13:53:00+00:00,view_product,,ios
evt_001356,1184.0,2026-07-20T02:56:00+00:00,view_product,,web
evt_001357,1216.0,2026-07-02T14:06:00+00:00,view_product,,web
evt_001358,1080.0,2026-07-05T11:50:00+00:00,view_product,,web
evt_001359,1140.0,2026-07-28T15:34:00+00:00,view_product,,web
evt_001360,1181.0,2026-07-17T05:14:00+00:00,add_to_cart,,android
evt_001361,1051.0,2026-07-20T18:34:00+00:00,checkout_started,,ios
evt_001362,1050.0,2026-07-23T18:47:00+00:00,view_product,,android
evt_001363,1087.0,2026-07-04T00:53:00+00:00,add_to_cart,,web
evt_001364,1080.0,2026-07-14T07:17:00+00:00,view_product,,web
evt_001365,1167.0,2026-07-18T13:54:00+00:00,view_product,,ios
evt_001366,1207.0,2026-07-30T15:39:00+00:00,view_product,,web
evt_001367,1035.0,2026-07-25T18:19:00+00:00,view_product,,web
evt_001368,1072.0,2026-07-04T07:21:00+00:00,view_product,,web
evt_001369,1206.0,2026-07-24T08:02:00+00:00,add_to_cart,,web
evt_001370,1132.0,2026-08-04T07:07:00+00:00,add_to_cart,,web
evt_001371,1046.0,2026-07-03T01:34:00+00:00,purchase,50797,web
evt_001372,1134.0,2026-08-07T11:48:00+00:00,purchase,50530,android
evt_001373,1194.0,2026-07-04T14:56:00+00:00,view_product,,web
evt_001374,1083.0,2026-07-24T15:52:00+00:00,view_product,,web
evt_001375,1107.0,2026-07-14T08:26:00+00:00,view_product,,web
evt_001376,1136.0,2026-07-28T18:28:00+00:00,view_product,,web
evt_001377,1186.0,2026-08-02T00:31:00+00:00,checkout_started,,web
evt_001378,1125.0,2026-08-02T08:53:00+00:00,view_product,,web
evt_001379,1212.0,2026-08-03T01:13:00+00:00,view_product,,web
evt_001380,1167.0,2026-08-01T00:25:00+00:00,view_product,,web
evt_001381,1094.0,2026-07-12T18:22:00+00:00,checkout_started,,android
evt_001382,1108.0,2026-07-18T16:21:00+00:00,view_product,,web
evt_001383,1154.0,2026-07-28T07:37:00+00:00,add_to_cart,,web
evt_001384,1016.0,2026-07-07T09:33:00+00:00,view_product,,android
evt_001385,1051.0,2026-07-22T22:34:00+00:00,view_product,,ios
evt_001386,1053.0,2026-07-21T03:33:00+00:00,view_product,,ios
evt_001387,1177.0,2026-08-07T08:52:00+00:00,add_to_cart,,web
evt_001388,1182.0,2026-07-02T21:20:00+00:00,add_to_cart,,android
evt_001389,1182.0,2026-07-04T14:18:00+00:00,view_product,,ios
evt_001390,1024.0,2026-07-02T03:27:00+00:00,view_product,,ios
evt_001391,1066.0,2026-07-21T19:40:00+00:00,view_product,,android
evt_001392,1069.0,2026-07-21T22:17:00+00:00,view_product,,web
evt_001393,1006.0,2026-07-23T12:23:00+00:00,view_product,,android
evt_001394,1057.0,2026-07-10T04:47:00+00:00,view_product,,android
evt_001395,1096.0,2026-07-12T16:35:00+00:00,add_to_cart,,ios
evt_001396,1196.0,2026-07-16T20:10:00+00:00,add_to_cart,,web
evt_001397,1038.0,2026-07-02T18:49:00+00:00,add_to_cart,,ios
evt_001398,1191.0,2026-07-29T14:15:00+00:00,add_to_cart,,web
evt_001399,1181.0,2026-07-02T23:31:00+00:00,purchase,50126,web
evt_001400,1035.0,2026-07-26T08:12:00+00:00,purchase,50853,web
evt_001401,1058.0,2026-07-18T05:41:00+00:00,view_product,,android
evt_001402,1102.0,2026-08-07T22:55:00+00:00,view_product,,android
evt_001403,1209.0,2026-07-27T07:32:00+00:00,view_product,,web
evt_001404,1174.0,2026-07-19T01:41:00+00:00,checkout_started,,ios
evt_001405,1215.0,2026-07-27T14:33:00+00:00,view_product,,android
evt_001406,1070.0,2026-07-05T10:57:00+00:00,view_product,,web
evt_001407,1201.0,2026-07-07T21:02:00+00:00,view_product,,web
evt_001408,1212.0,2026-07-19T23:02:00+00:00,view_product,,web
evt_001409,1133.0,2026-08-02T14:28:00+00:00,view_product,,android
evt_001410,1035.0,2026-08-01T03:54:00+00:00,add_to_cart,,web
evt_001411,1060.0,2026-07-15T07:58:00+00:00,view_product,,web
evt_001412,1029.0,2026-07-11T18:42:00+00:00,checkout_started,,web
evt_001413,1179.0,2026-08-06T15:30:00+00:00,view_product,,web
evt_001414,1070.0,2026-07-22T11:40:00+00:00,checkout_started,,web
evt_001415,1156.0,2026-07-05T11:45:00+00:00,view_product,,ios
evt_001416,1060.0,2026-07-09T13:08:00+00:00,view_product,,web
evt_001417,1216.0,2026-08-01T18:50:00+00:00,purchase,50906,android
evt_001418,1171.0,2026-08-04T03:11:00+00:00,purchase,51060,ios
evt_001419,1084.0,2026-08-04T12:24:00+00:00,checkout_started,,android
evt_001420,1106.0,2026-07-01T06:18:00+00:00,checkout_started,,web
evt_001421,1013.0,2026-08-01T06:16:00+00:00,view_product,,ios
evt_001422,1031.0,2026-07-05T06:06:00+00:00,view_product,,android
evt_001423,999999.0,2026-07-31T17:39:00+00:00,view_product,,web
evt_001424,1181.0,2026-08-03T11:55:00+00:00,checkout_started,,web
evt_001425,1186.0,2026-07-14T17:30:00+00:00,checkout_started,,web
evt_001426,1143.0,2026-07-08T08:34:00+00:00,purchase,51442,ios
evt_001427,1049.0,2026-07-28T02:34:00+00:00,checkout_started,,web
evt_001428,1024.0,2026-07-03T14:25:00+00:00,add_to_cart,,android
evt_001429,1161.0,2026-07-23T00:21:00+00:00,view_product,,android
evt_001430,1074.0,2026-07-13T14:23:00+00:00,view_product,,ios
evt_001431,1001.0,2026-07-17T03:07:00+00:00,view_product,,android
evt_001432,1005.0,2026-08-01T08:59:00+00:00,add_to_cart,,ios
evt_001433,1124.0,2026-08-07T17:43:00+00:00,view_product,,web
evt_001434,1186.0,2026-07-16T06:47:00+00:00,checkout_started,,web
evt_001435,1081.0,2026-07-12T00:53:00+00:00,add_to_cart,,android
evt_001436,999999.0,2026-08-01T17:00:00+00:00,view_product,,web
evt_001437,1085.0,2026-07-16T16:47:00+00:00,checkout_started,,android
evt_001438,1163.0,2026-07-08T14:15:00+00:00,view_product,,web
evt_001439,1055.0,2026-08-04T07:24:00+00:00,add_to_cart,,web
evt_001440,1135.0,2026-08-07T16:27:00+00:00,view_product,,ios
evt_001441,1061.0,2026-07-11T23:34:00+00:00,view_product,,android
evt_001442,1172.0,2026-07-07T00:05:00+00:00,view_product,,android
evt_001443,1101.0,2026-07-06T19:14:00+00:00,view_product,,web
evt_001444,1010.0,2026-07-23T17:56:00+00:00,add_to_cart,,web
evt_001445,1055.0,2026-07-12T18:43:00+00:00,purchase,51124,ios
evt_001446,1078.0,2026-07-24T16:16:00+00:00,checkout_started,,android
evt_001447,1104.0,2026-07-29T20:29:00+00:00,view_product,,web
evt_001448,1060.0,2026-07-01T05:11:00+00:00,purchase,51275,ios
evt_001449,1128.0,2026-08-02T16:11:00+00:00,view_product,,web
evt_001450,1213.0,2026-07-02T02:35:00+00:00,view_product,,ios
evt_001451,1158.0,2026-07-05T08:22:00+00:00,add_to_cart,,web
evt_001452,1069.0,2026-07-28T13:04:00+00:00,checkout_started,,android
evt_001453,1150.0,2026-07-24T15:00:00+00:00,purchase,51037,web
evt_001454,1214.0,2026-08-07T04:21:00+00:00,checkout_started,,ios
evt_001455,1054.0,2026-07-22T13:21:00+00:00,view_product,,ios
evt_001456,1052.0,2026-07-16T20:25:00+00:00,view_product,,web
evt_001457,1009.0,2026-07-26T09:56:00+00:00,view_product,,web
evt_001458,1187.0,2026-07-29T22:58:00+00:00,view_product,,ios
evt_001459,1185.0,2026-07-26T12:00:00+00:00,view_product,,ios
evt_001460,1092.0,2026-07-15T01:58:00+00:00,view_product,,ios
evt_001461,1193.0,2026-08-06T11:02:00+00:00,view_product,,ios
evt_001462,1144.0,2026-07-12T11:04:00+00:00,view_product,,web
evt_001463,1217.0,2026-07-14T04:02:00+00:00,add_to_cart,,android
evt_001464,1204.0,2026-07-11T13:19:00+00:00,view_product,,web
evt_001465,1213.0,2026-07-12T09:23:00+00:00,view_product,,web
evt_001466,1087.0,2026-07-09T02:14:00+00:00,add_to_cart,,android
evt_001467,1141.0,2026-07-23T02:04:00+00:00,add_to_cart,,android
evt_001468,1037.0,2026-07-28T16:37:00+00:00,view_product,,web
evt_001469,1198.0,2026-07-17T07:37:00+00:00,view_product,,web
evt_001470,1071.0,2026-08-05T01:35:00+00:00,purchase,51076,ios
evt_001471,1100.0,2026-07-19T00:03:00+00:00,add_to_cart,,web
evt_001472,1132.0,2026-07-18T17:54:00+00:00,view_product,,ios
evt_001473,1175.0,2026-07-03T15:10:00+00:00,view_product,,web
evt_001474,1162.0,2026-08-04T08:01:00+00:00,view_product,,web
evt_001475,1212.0,2026-07-06T15:11:00+00:00,view_product,,web
evt_001476,1158.0,2026-07-07T05:56:00+00:00,view_product,,ios
evt_001477,1176.0,2026-08-05T13:03:00+00:00,purchase,51270,android
evt_001478,1127.0,2026-07-20T17:49:00+00:00,view_product,,web
evt_001479,1092.0,2026-07-03T14:16:00+00:00,view_product,,web
evt_001480,1202.0,2026-07-17T18:55:00+00:00,add_to_cart,,web
evt_001481,1084.0,2026-07-23T10:12:00+00:00,view_product,,ios
evt_001482,1138.0,2026-07-01T09:12:00+00:00,add_to_cart,,ios
evt_001483,1065.0,2026-07-29T16:10:00+00:00,view_product,,android
evt_001484,1107.0,2026-07-26T09:41:00+00:00,view_product,,android
evt_001485,1082.0,2026-07-01T10:49:00+00:00,view_product,,web
evt_001486,1058.0,2026-07-24T12:02:00+00:00,purchase,51059,android
evt_001487,1182.0,2026-07-09T11:08:00+00:00,add_to_cart,,web
evt_001488,1170.0,2026-07-28T21:47:00+00:00,checkout_started,,web
evt_001489,1156.0,2026-07-15T07:53:00+00:00,view_product,,web
evt_001490,1019.0,2026-07-08T16:21:00+00:00,add_to_cart,,ios
evt_001491,1056.0,2026-07-20T06:13:00+00:00,view_product,,ios
evt_001492,1049.0,2026-07-17T20:03:00+00:00,add_to_cart,,web
evt_001493,1158.0,2026-07-13T23:32:00+00:00,view_product,,android
evt_001494,1198.0,2026-08-03T09:07:00+00:00,add_to_cart,,android
evt_001495,1084.0,2026-07-25T15:53:00+00:00,view_product,,android
evt_001496,1074.0,2026-07-19T12:30:00+00:00,view_product,,web
evt_001497,1124.0,2026-07-09T14:28:00+00:00,add_to_cart,,android
evt_001498,1219.0,2026-07-22T14:38:00+00:00,view_product,,android
evt_001499,1082.0,2026-07-01T23:14:00+00:00,view_product,,ios
evt_001500,1062.0,2026-08-03T14:53:00+00:00,checkout_started,,web
evt_001501,1116.0,2026-07-01T01:25:00+00:00,view_product,,android
evt_001502,1203.0,2026-07-27T13:20:00+00:00,view_product,,ios
evt_001503,1162.0,2026-07-14T03:06:00+00:00,checkout_started,,ios
evt_001504,1115.0,2026-07-28T07:49:00+00:00,add_to_cart,,android
evt_001505,1162.0,2026-07-14T17:50:00+00:00,view_product,,web
evt_001506,1004.0,2026-07-01T23:50:00+00:00,view_product,,ios
evt_001507,1167.0,2026-08-06T01:07:00+00:00,view_product,,web
evt_001508,1022.0,2026-07-30T02:35:00+00:00,view_product,,web
evt_001509,1087.0,2026-07-02T16:50:00+00:00,add_to_cart,,web
evt_001510,1078.0,2026-07-02T05:58:00+00:00,purchase,50804,web
evt_001511,1153.0,2026-07-21T03:25:00+00:00,view_product,,web
evt_001512,1054.0,2026-08-06T08:24:00+00:00,view_product,,web
evt_001513,1053.0,2026-07-22T22:57:00+00:00,add_to_cart,,web
evt_001514,1196.0,2026-07-01T09:46:00+00:00,view_product,,ios
evt_001515,1106.0,2026-07-27T13:44:00+00:00,add_to_cart,,web
evt_001516,1164.0,2026-07-17T06:07:00+00:00,view_product,,web
evt_001517,1129.0,2026-07-25T06:31:00+00:00,view_product,,web
evt_001518,1137.0,2026-07-14T07:30:00+00:00,add_to_cart,,web
evt_001519,1152.0,2026-07-01T07:25:00+00:00,purchase,51169,web
evt_001520,1148.0,2026-07-01T16:44:00+00:00,view_product,,android
evt_001521,1202.0,2026-07-25T00:15:00+00:00,checkout_started,,web
evt_001522,1174.0,2026-07-25T03:16:00+00:00,view_product,,web
evt_001523,1068.0,2026-07-13T06:01:00+00:00,view_product,,web
evt_001524,1038.0,2026-07-04T03:03:00+00:00,view_product,,web
evt_001525,1187.0,2026-07-30T08:51:00+00:00,view_product,,ios
evt_001526,1083.0,2026-07-06T17:55:00+00:00,add_to_cart,,android
evt_001527,1069.0,2026-07-08T03:47:00+00:00,view_product,,web
evt_001528,1025.0,2026-07-18T04:32:00+00:00,view_product,,web
evt_001529,1122.0,2026-07-28T05:10:00+00:00,view_product,,ios
evt_001530,1114.0,2026-08-07T19:33:00+00:00,checkout_started,,web
evt_001531,1184.0,2026-07-24T18:27:00+00:00,purchase,51545,web
evt_001532,1166.0,2026-08-06T11:52:00+00:00,view_product,,ios
evt_001533,1160.0,2026-07-25T18:53:00+00:00,view_product,,ios
evt_001534,1120.0,2026-08-02T05:16:00+00:00,purchase,50791,web
evt_001535,1191.0,2026-07-07T16:27:00+00:00,view_product,,android
evt_001536,1218.0,2026-07-03T03:25:00+00:00,add_to_cart,,web
evt_001537,1181.0,2026-07-26T10:17:00+00:00,view_product,,web
evt_001538,1077.0,2026-08-07T01:20:00+00:00,checkout_started,,ios
evt_001539,1062.0,2026-07-29T00:07:00+00:00,view_product,,ios
evt_001540,1001.0,2026-07-14T00:59:00+00:00,view_product,,ios
evt_001541,1220.0,2026-07-19T14:20:00+00:00,view_product,,ios
evt_001542,1162.0,2026-07-05T06:20:00+00:00,view_product,,ios
evt_001543,1208.0,2026-07-13T22:24:00+00:00,view_product,,android
evt_001544,1175.0,2026-07-26T22:49:00+00:00,purchase,50362,web
evt_001545,1096.0,2026-07-07T07:53:00+00:00,view_product,,web
evt_001546,1033.0,2026-07-19T07:14:00+00:00,view_product,,ios
evt_001547,1011.0,2026-07-12T00:26:00+00:00,view_product,,web
evt_001548,1176.0,2026-07-19T15:37:00+00:00,view_product,,ios
evt_001549,1068.0,2026-07-30T00:36:00+00:00,view_product,,web
evt_001550,1084.0,2026-08-03T15:00:00+00:00,view_product,,web
evt_001551,1185.0,2026-07-16T13:22:00+00:00,add_to_cart,,ios
evt_001552,1107.0,2026-08-01T10:23:00+00:00,checkout_started,,ios
evt_001553,1211.0,2026-07-27T16:52:00+00:00,view_product,,web
evt_001554,1121.0,2026-08-05T00:41:00+00:00,add_to_cart,,web
evt_001555,1184.0,2026-07-29T02:57:00+00:00,view_product,,android
evt_001556,1028.0,2026-07-21T22:20:00+00:00,view_product,,android
evt_001557,1088.0,2026-07-26T14:50:00+00:00,purchase,50643,web
evt_001558,1041.0,2026-07-13T01:42:00+00:00,checkout_started,,web
evt_001559,1013.0,2026-07-26T14:16:00+00:00,view_product,,web
evt_001560,1220.0,2026-07-27T22:29:00+00:00,view_product,,web
evt_001561,1115.0,2026-07-24T05:03:00+00:00,view_product,,web
evt_001562,1079.0,2026-07-04T21:56:00+00:00,view_product,,android
evt_001563,1084.0,2026-07-20T16:48:00+00:00,add_to_cart,,web
evt_001564,1054.0,2026-07-28T00:19:00+00:00,view_product,,web
evt_001565,1028.0,2026-07-08T12:24:00+00:00,checkout_started,,web
evt_001566,1202.0,2026-07-30T22:05:00+00:00,add_to_cart,,web
evt_001567,1024.0,2026-08-02T00:38:00+00:00,view_product,,web
evt_001568,1086.0,2026-07-21T11:19:00+00:00,checkout_started,,web
evt_001569,1034.0,2026-08-06T15:24:00+00:00,add_to_cart,,web
evt_001570,1206.0,2026-08-02T14:20:00+00:00,view_product,,ios
evt_001571,1046.0,2026-07-18T17:26:00+00:00,view_product,,web
evt_001572,1088.0,2026-08-03T14:30:00+00:00,checkout_started,,web
evt_001573,1167.0,2026-08-05T11:06:00+00:00,purchase,50023,android
evt_001574,1127.0,2026-07-05T02:37:00+00:00,view_product,,web
evt_001575,1085.0,2026-08-07T22:10:00+00:00,add_to_cart,,web
evt_001576,1125.0,2026-07-01T04:32:00+00:00,checkout_started,,android
evt_001577,1097.0,2026-07-19T11:24:00+00:00,purchase,50491,web
evt_001578,1064.0,2026-08-05T15:25:00+00:00,view_product,,web
evt_001579,1133.0,2026-07-28T12:36:00+00:00,view_product,,android
evt_001580,1081.0,2026-07-11T03:17:00+00:00,checkout_started,,ios
evt_001581,1213.0,2026-07-25T11:08:00+00:00,view_product,,android
evt_001582,1103.0,2026-07-09T03:46:00+00:00,view_product,,web
evt_001583,1168.0,2026-07-10T00:23:00+00:00,view_product,,web
evt_001584,1052.0,2026-08-04T15:24:00+00:00,view_product,,web
evt_001585,1143.0,2026-07-02T18:56:00+00:00,add_to_cart,,web
evt_001586,1124.0,2026-08-06T13:31:00+00:00,view_product,,web
evt_001587,1165.0,2026-07-18T05:27:00+00:00,add_to_cart,,web
evt_001588,1103.0,2026-07-03T11:03:00+00:00,view_product,,web
evt_001589,1159.0,2026-07-30T21:55:00+00:00,checkout_started,,web
evt_001590,1013.0,2026-07-02T19:59:00+00:00,view_product,,web
evt_001591,1153.0,2026-07-13T08:31:00+00:00,view_product,,web
evt_001592,1167.0,2026-07-10T03:35:00+00:00,purchase,51420,ios
evt_001593,1110.0,2026-07-30T19:24:00+00:00,add_to_cart,,web
evt_001594,1008.0,2026-07-16T01:46:00+00:00,view_product,,ios
evt_001595,1126.0,2026-07-25T21:10:00+00:00,view_product,,web
evt_001596,1173.0,2026-07-03T17:49:00+00:00,view_product,,web
evt_001597,1102.0,2026-07-27T10:20:00+00:00,purchase,50160,android
evt_001598,1021.0,2026-07-28T00:19:00+00:00,view_product,,android
evt_001599,1088.0,2026-07-11T20:35:00+00:00,purchase,51421,web
evt_001600,1220.0,2026-08-03T11:43:00+00:00,view_product,,web
evt_001601,1060.0,2026-07-18T20:40:00+00:00,add_to_cart,,android
evt_001602,1118.0,2026-07-26T08:30:00+00:00,view_product,,web
evt_001603,1079.0,2026-07-07T21:42:00+00:00,view_product,,web
evt_001604,1158.0,2026-08-05T10:44:00+00:00,purchase,50900,web
evt_001605,1095.0,2026-07-10T08:52:00+00:00,view_product,,web
evt_001606,1085.0,2026-07-24T19:00:00+00:00,purchase,50510,android
evt_001607,1129.0,2026-07-04T09:56:00+00:00,view_product,,ios
evt_001608,1127.0,2026-07-02T16:47:00+00:00,view_product,,web
evt_001609,1111.0,2026-07-05T19:37:00+00:00,purchase,50757,web
evt_001610,1058.0,2026-08-05T19:49:00+00:00,add_to_cart,,web
evt_001611,1024.0,2026-07-08T23:59:00+00:00,view_product,,ios
evt_001612,1153.0,2026-08-03T10:10:00+00:00,view_product,,android
evt_001613,1076.0,2026-07-23T01:10:00+00:00,view_product,,web
evt_001614,1136.0,2026-07-04T08:51:00+00:00,checkout_started,,ios
evt_001615,1084.0,2026-07-17T18:23:00+00:00,view_product,,web
evt_001616,1189.0,2026-07-19T05:05:00+00:00,view_product,,ios
evt_001617,1157.0,2026-07-11T03:26:00+00:00,view_product,,web
evt_001618,1090.0,2026-07-23T22:56:00+00:00,add_to_cart,,web
evt_001619,1074.0,2026-08-02T17:20:00+00:00,purchase,51406,web
evt_001620,1166.0,2026-08-03T13:57:00+00:00,checkout_started,,android
evt_001621,1002.0,2026-07-20T22:56:00+00:00,view_product,,web
evt_001622,1013.0,2026-08-03T22:52:00+00:00,view_product,,web
evt_001623,1019.0,2026-08-05T01:52:00+00:00,view_product,,android
evt_001624,1077.0,2026-07-04T08:16:00+00:00,checkout_started,,android
evt_001625,1110.0,2026-07-25T03:05:00+00:00,view_product,,web
evt_001626,1065.0,2026-07-30T09:13:00+00:00,add_to_cart,,web
evt_001627,1042.0,2026-07-01T14:23:00+00:00,view_product,,android
evt_001628,1070.0,2026-07-23T22:18:00+00:00,purchase,50191,web
evt_001629,1110.0,2026-08-04T17:05:00+00:00,view_product,,web
evt_001630,1066.0,2026-07-11T04:36:00+00:00,view_product,,web
evt_001631,1127.0,2026-08-02T14:00:00+00:00,checkout_started,,web
evt_001632,1085.0,2026-08-05T11:42:00+00:00,purchase,50906,ios
evt_001633,1207.0,2026-07-25T03:22:00+00:00,view_product,,android
evt_001634,1220.0,2026-07-24T22:06:00+00:00,add_to_cart,,web
evt_001635,1145.0,2026-07-21T07:42:00+00:00,add_to_cart,,android
evt_001636,1123.0,2026-07-16T13:01:00+00:00,view_product,,ios
evt_001637,1007.0,2026-07-18T05:04:00+00:00,view_product,,ios
evt_001638,1138.0,2026-07-20T20:24:00+00:00,add_to_cart,,web
evt_001639,1085.0,2026-07-19T07:44:00+00:00,add_to_cart,,web
evt_001640,1065.0,2026-08-01T09:21:00+00:00,view_product,,web
evt_001641,1176.0,2026-07-30T05:31:00+00:00,view_product,,ios
evt_001642,1010.0,2026-07-14T05:00:00+00:00,add_to_cart,,web
evt_001643,1058.0,2026-07-20T11:59:00+00:00,view_product,,web
evt_001644,1172.0,2026-07-09T04:17:00+00:00,add_to_cart,,web
evt_001645,1205.0,2026-07-07T16:32:00+00:00,add_to_cart,,web
evt_001646,1114.0,2026-07-15T00:23:00+00:00,view_product,,web
evt_001647,1117.0,2026-07-03T05:03:00+00:00,view_product,,web
evt_001648,1214.0,2026-08-02T11:23:00+00:00,view_product,,web
evt_001649,1021.0,2026-07-05T19:04:00+00:00,view_product,,android
evt_001650,1107.0,2026-07-13T09:48:00+00:00,view_product,,android
evt_001651,1054.0,2026-07-10T13:18:00+00:00,add_to_cart,,web
evt_001652,1106.0,2026-07-08T20:37:00+00:00,checkout_started,,web
evt_001653,1201.0,2026-07-14T23:22:00+00:00,view_product,,web
evt_001654,1132.0,2026-07-28T07:57:00+00:00,add_to_cart,,web
evt_001655,1220.0,2026-08-03T21:53:00+00:00,view_product,,android
evt_001656,1112.0,2026-07-08T04:07:00+00:00,checkout_started,,web
evt_001657,1191.0,2026-07-10T02:02:00+00:00,view_product,,android
evt_001658,1038.0,2026-07-18T20:19:00+00:00,view_product,,web
evt_001659,1071.0,2026-07-13T03:28:00+00:00,view_product,,android
evt_001660,1061.0,2026-07-31T09:35:00+00:00,view_product,,ios
evt_001661,1170.0,2026-07-09T11:23:00+00:00,purchase,50430,ios
evt_001662,1114.0,2026-07-16T06:59:00+00:00,view_product,,android
evt_001663,1050.0,2026-07-21T17:42:00+00:00,view_product,,web
evt_001664,1039.0,2026-07-15T11:55:00+00:00,add_to_cart,,web
evt_001665,1085.0,2026-07-24T10:46:00+00:00,view_product,,web
evt_001666,1034.0,2026-07-31T09:08:00+00:00,view_product,,android
evt_001667,1155.0,2026-07-21T05:18:00+00:00,view_product,,android
evt_001668,1188.0,2026-07-18T08:38:00+00:00,view_product,,web
evt_001669,1215.0,2026-08-06T04:05:00+00:00,checkout_started,,ios
evt_001670,1053.0,2026-08-07T07:22:00+00:00,view_product,,web
evt_001671,1098.0,2026-08-07T19:47:00+00:00,view_product,,web
evt_001672,1112.0,2026-07-01T14:59:00+00:00,view_product,,ios
evt_001673,1110.0,2026-08-01T19:42:00+00:00,checkout_started,,web
evt_001674,1101.0,2026-08-04T03:38:00+00:00,checkout_started,,web
evt_001675,1049.0,2026-07-31T14:25:00+00:00,view_product,,ios
evt_001676,1025.0,2026-07-29T11:35:00+00:00,add_to_cart,,web
evt_001677,1090.0,2026-07-14T21:50:00+00:00,view_product,,web
evt_001678,1021.0,2026-07-28T14:06:00+00:00,view_product,,web
evt_001679,1014.0,2026-07-23T00:45:00+00:00,checkout_started,,web
evt_001680,1116.0,2026-08-01T14:18:00+00:00,checkout_started,,ios
evt_001681,1190.0,2026-07-14T08:32:00+00:00,view_product,,android
evt_001682,1120.0,2026-07-29T05:16:00+00:00,checkout_started,,web
evt_001683,1006.0,2026-07-30T19:19:00+00:00,add_to_cart,,android
evt_001684,1186.0,2026-08-01T16:28:00+00:00,add_to_cart,,android
evt_001685,1152.0,2026-07-07T12:42:00+00:00,add_to_cart,,android
evt_001686,1067.0,2026-08-02T19:44:00+00:00,view_product,,ios
evt_001687,1061.0,2026-07-09T05:36:00+00:00,purchase,50866,web
evt_001688,1199.0,2026-08-05T14:37:00+00:00,view_product,,ios
evt_001689,1106.0,2026-07-02T11:17:00+00:00,view_product,,web
evt_001690,1032.0,2026-07-09T11:55:00+00:00,view_product,,web
evt_001691,1063.0,2026-07-24T03:21:00+00:00,checkout_started,,web
evt_001692,1059.0,2026-07-21T15:32:00+00:00,view_product,,web
evt_001693,1089.0,2026-07-27T03:56:00+00:00,view_product,,web
evt_001694,1077.0,2026-07-16T08:02:00+00:00,add_to_cart,,android
evt_001695,1121.0,2026-07-01T03:03:00+00:00,view_product,,web
evt_001696,1072.0,2026-07-24T11:19:00+00:00,view_product,,web
evt_001697,1142.0,2026-07-20T09:50:00+00:00,view_product,,android
evt_001698,1109.0,2026-07-20T07:54:00+00:00,add_to_cart,,web
evt_001699,1208.0,2026-07-15T07:42:00+00:00,view_product,,web
evt_001700,1184.0,2026-08-03T20:09:00+00:00,view_product,,android
evt_001701,1074.0,2026-07-31T02:39:00+00:00,view_product,,android
evt_001702,1010.0,2026-07-07T21:16:00+00:00,purchase,51260,ios
evt_001703,1130.0,2026-07-02T11:28:00+00:00,add_to_cart,,web
evt_001704,1075.0,2026-07-07T21:24:00+00:00,view_product,,web
evt_001705,1200.0,2026-07-02T20:17:00+00:00,checkout_started,,android
evt_001706,1090.0,2026-07-27T22:52:00+00:00,checkout_started,,android
evt_001707,1065.0,2026-07-24T13:37:00+00:00,add_to_cart,,web
evt_001708,1075.0,2026-07-18T14:14:00+00:00,view_product,,android
evt_001709,1192.0,2026-07-23T11:34:00+00:00,view_product,,ios
evt_001710,1025.0,2026-07-31T17:12:00+00:00,add_to_cart,,web
evt_001711,1212.0,2026-08-01T13:57:00+00:00,view_product,,web
evt_001712,1052.0,2026-07-17T12:17:00+00:00,view_product,,web
evt_001713,1188.0,2026-07-23T12:08:00+00:00,view_product,,android
evt_001714,1121.0,2026-07-22T22:09:00+00:00,view_product,,web
evt_001715,1126.0,2026-08-06T01:49:00+00:00,view_product,,ios
evt_001716,1046.0,2026-07-29T22:29:00+00:00,view_product,,web
evt_001717,1160.0,2026-07-12T22:43:00+00:00,add_to_cart,,android
evt_001718,1144.0,2026-08-03T16:53:00+00:00,add_to_cart,,web
evt_001719,1107.0,2026-07-16T02:54:00+00:00,view_product,,android
evt_001720,1102.0,2026-07-29T19:03:00+00:00,view_product,,web
evt_001721,1132.0,2026-08-07T03:38:00+00:00,view_product,,android
evt_001722,1105.0,2026-07-31T17:44:00+00:00,view_product,,ios
evt_001723,1216.0,2026-07-05T02:03:00+00:00,add_to_cart,,web
evt_001724,1010.0,2026-07-08T19:36:00+00:00,add_to_cart,,android
evt_001725,1056.0,2026-07-31T05:51:00+00:00,checkout_started,,web
evt_001726,1189.0,2026-07-05T16:29:00+00:00,purchase,51475,android
evt_001727,1176.0,2026-07-01T10:33:00+00:00,view_product,,web
evt_001728,1077.0,2026-07-10T19:22:00+00:00,add_to_cart,,ios
evt_001729,1112.0,2026-07-19T11:42:00+00:00,view_product,,android
evt_001730,1006.0,2026-07-05T21:06:00+00:00,view_product,,android
evt_001731,1040.0,2026-07-06T19:54:00+00:00,view_product,,web
evt_001732,1209.0,2026-07-13T21:03:00+00:00,view_product,,web
evt_001733,1143.0,2026-07-23T18:09:00+00:00,add_to_cart,,android
evt_001734,1009.0,2026-07-21T16:31:00+00:00,add_to_cart,,web
evt_001735,1176.0,2026-07-31T07:55:00+00:00,view_product,,android
evt_001736,1090.0,2026-08-07T06:26:00+00:00,view_product,,web
evt_001737,1126.0,2026-07-02T06:08:00+00:00,view_product,,web
evt_001738,1190.0,2026-07-27T03:43:00+00:00,add_to_cart,,ios
evt_001739,1186.0,2026-07-07T05:21:00+00:00,view_product,,web
evt_001740,1031.0,2026-07-14T16:44:00+00:00,view_product,,web
evt_001741,1081.0,2026-07-14T00:27:00+00:00,view_product,,web
evt_001742,1061.0,2026-07-27T15:04:00+00:00,add_to_cart,,android
evt_001743,1202.0,2026-07-10T17:17:00+00:00,add_to_cart,,web
evt_001744,1173.0,2026-08-03T23:51:00+00:00,view_product,,android
evt_001745,1144.0,2026-07-15T13:29:00+00:00,view_product,,web
evt_001746,1013.0,2026-07-31T23:21:00+00:00,view_product,,web
evt_001747,1178.0,2026-08-06T04:06:00+00:00,add_to_cart,,web
evt_001748,1124.0,2026-07-20T09:42:00+00:00,view_product,,web
evt_001749,1061.0,2026-07-04T20:17:00+00:00,add_to_cart,,web
evt_001750,1098.0,2026-07-27T15:41:00+00:00,purchase,50409,web
evt_001751,1099.0,2026-07-17T02:01:00+00:00,view_product,,web
evt_001752,1066.0,2026-07-13T20:34:00+00:00,view_product,,ios
evt_001753,1202.0,2026-07-18T08:52:00+00:00,view_product,,web
evt_001754,1203.0,2026-07-12T09:24:00+00:00,view_product,,web
evt_001755,1012.0,2026-07-11T15:40:00+00:00,purchase,51062,web
evt_001756,1207.0,2026-08-07T14:33:00+00:00,purchase,50682,web
evt_001757,1090.0,2026-07-11T13:59:00+00:00,view_product,,ios
evt_001758,1177.0,2026-07-18T10:16:00+00:00,checkout_started,,android
evt_001759,1173.0,2026-07-28T03:51:00+00:00,view_product,,android
evt_001760,1133.0,2026-07-09T09:29:00+00:00,view_product,,web
evt_001761,1165.0,2026-07-24T11:28:00+00:00,add_to_cart,,web
evt_001762,1151.0,2026-08-04T00:42:00+00:00,view_product,,android
evt_001763,1189.0,2026-07-31T21:18:00+00:00,view_product,,android
evt_001764,1094.0,2026-07-02T02:03:00+00:00,add_to_cart,,web
evt_001765,1164.0,2026-07-16T09:25:00+00:00,view_product,,web
evt_001766,1217.0,2026-07-01T00:14:00+00:00,purchase,50805,ios
evt_001767,1210.0,2026-07-24T01:19:00+00:00,view_product,,android
evt_001768,1033.0,2026-07-13T08:32:00+00:00,view_product,,web
evt_001769,1111.0,2026-08-03T22:57:00+00:00,purchase,50259,web
evt_001770,1113.0,2026-07-07T16:05:00+00:00,view_product,,android
evt_001771,1138.0,2026-08-02T08:24:00+00:00,view_product,,ios
evt_001772,1143.0,2026-07-14T00:10:00+00:00,view_product,,web
evt_001773,1188.0,2026-08-04T23:03:00+00:00,view_product,,web
evt_001774,1118.0,2026-07-08T14:01:00+00:00,view_product,,web
evt_001775,1156.0,2026-07-11T05:18:00+00:00,view_product,,ios
evt_001776,1199.0,2026-07-14T08:08:00+00:00,view_product,,android
evt_001777,1023.0,2026-08-07T10:42:00+00:00,view_product,,web
evt_001778,1143.0,2026-07-28T21:21:00+00:00,checkout_started,,web
evt_001779,1082.0,2026-08-01T00:32:00+00:00,checkout_started,,ios
evt_001780,1201.0,2026-07-22T00:15:00+00:00,view_product,,web
evt_001781,1123.0,2026-07-31T04:51:00+00:00,purchase,51371,web
evt_001782,1134.0,2026-07-24T19:42:00+00:00,checkout_started,,web
evt_001783,1167.0,2026-07-26T08:49:00+00:00,purchase,50272,web
evt_001784,1054.0,2026-08-01T19:32:00+00:00,add_to_cart,,android
evt_001785,1121.0,2026-08-07T08:44:00+00:00,view_product,,web
evt_001786,1171.0,2026-07-22T21:09:00+00:00,view_product,,ios
evt_001787,1172.0,2026-07-17T18:42:00+00:00,checkout_started,,ios
evt_001788,1051.0,2026-07-25T19:39:00+00:00,view_product,,web
evt_001789,1186.0,2026-07-29T04:17:00+00:00,checkout_started,,android
evt_001790,1036.0,2026-08-07T11:32:00+00:00,add_to_cart,,web
evt_001791,1059.0,2026-07-27T13:18:00+00:00,view_product,,android
evt_001792,1190.0,2026-08-06T06:33:00+00:00,view_product,,web
evt_001793,1137.0,2026-07-28T19:39:00+00:00,purchase,50064,android
evt_001794,1120.0,2026-08-06T03:55:00+00:00,view_product,,web
evt_001795,1124.0,2026-07-29T13:20:00+00:00,add_to_cart,,web
evt_001796,1215.0,2026-08-03T15:04:00+00:00,purchase,51211,web
evt_001797,1051.0,2026-07-08T05:58:00+00:00,view_product,,web
evt_001798,1067.0,2026-08-07T17:12:00+00:00,view_product,,web
evt_001799,1109.0,2026-07-14T06:20:00+00:00,view_product,,web
evt_001800,1187.0,2026-07-31T07:23:00+00:00,checkout_started,,web
evt_001801,1122.0,2026-07-15T21:44:00+00:00,view_product,,web
evt_001802,1161.0,2026-07-18T09:42:00+00:00,view_product,,ios
evt_001803,1181.0,2026-07-29T10:10:00+00:00,view_product,,web
evt_001804,1198.0,2026-07-21T13:02:00+00:00,view_product,,web
evt_001805,1102.0,2026-07-28T05:13:00+00:00,view_product,,android
evt_001806,1102.0,2026-07-04T00:04:00+00:00,view_product,,ios
evt_001807,1018.0,2026-08-01T16:01:00+00:00,checkout_started,,web
evt_001808,1018.0,2026-07-16T12:30:00+00:00,view_product,,web
evt_001809,1108.0,2026-07-30T23:07:00+00:00,checkout_started,,web
evt_001810,1166.0,2026-07-11T20:24:00+00:00,purchase,50649,web
evt_001811,1186.0,2026-07-23T15:34:00+00:00,add_to_cart,,android
evt_001812,1091.0,2026-07-23T08:29:00+00:00,add_to_cart,,ios
evt_001813,1127.0,2026-07-06T07:37:00+00:00,view_product,,android
evt_001814,1180.0,2026-07-19T00:28:00+00:00,view_product,,ios
evt_001815,1071.0,2026-07-25T03:32:00+00:00,view_product,,android
evt_001816,1036.0,2026-08-01T18:34:00+00:00,view_product,,web
evt_001817,1204.0,2026-08-03T16:59:00+00:00,view_product,,ios
evt_001818,1121.0,2026-07-15T14:40:00+00:00,view_product,,ios
evt_001819,1035.0,2026-07-25T10:34:00+00:00,view_product,,ios
evt_001820,1056.0,2026-07-07T15:18:00+00:00,add_to_cart,,web
evt_001821,1073.0,2026-08-04T00:48:00+00:00,view_product,,web
evt_001822,1045.0,2026-08-02T23:41:00+00:00,view_product,,web
evt_001823,1097.0,2026-08-07T23:08:00+00:00,view_product,,web
evt_001824,1180.0,2026-07-19T11:27:00+00:00,view_product,,android
evt_001825,1164.0,2026-07-14T15:35:00+00:00,view_product,,ios
evt_001826,1203.0,2026-07-29T19:09:00+00:00,view_product,,web
evt_001827,1185.0,2026-07-28T11:38:00+00:00,view_product,,web
evt_001828,1069.0,2026-07-09T01:23:00+00:00,view_product,,web
evt_001829,1013.0,2026-07-21T12:26:00+00:00,purchase,50107,android
evt_001830,1034.0,2026-07-25T11:08:00+00:00,view_product,,android
evt_001831,1176.0,2026-07-18T06:56:00+00:00,view_product,,web
evt_001832,1076.0,2026-07-15T02:30:00+00:00,add_to_cart,,web
evt_001833,1160.0,2026-07-10T02:45:00+00:00,checkout_started,,android
evt_001834,1102.0,2026-07-16T15:21:00+00:00,purchase,51090,ios
evt_001835,1198.0,2026-07-10T08:16:00+00:00,view_product,,android
evt_001836,1113.0,2026-07-12T09:58:00+00:00,view_product,,web
evt_001837,1199.0,2026-07-08T00:41:00+00:00,view_product,,web
evt_001838,1056.0,2026-07-15T07:14:00+00:00,add_to_cart,,ios
evt_001839,1172.0,2026-07-24T23:54:00+00:00,view_product,,web
evt_001840,1116.0,2026-07-15T08:25:00+00:00,checkout_started,,android
evt_001841,1043.0,2026-07-06T09:33:00+00:00,view_product,,ios
evt_001842,1052.0,2026-07-31T10:37:00+00:00,view_product,,web
evt_001843,1070.0,2026-07-17T09:25:00+00:00,view_product,,web
evt_001844,1035.0,2026-07-23T04:26:00+00:00,view_product,,android
evt_001845,1207.0,2026-07-20T21:16:00+00:00,view_product,,android
evt_001846,1048.0,2026-07-20T05:43:00+00:00,add_to_cart,,web
evt_001847,1133.0,2026-07-17T15:40:00+00:00,view_product,,android
evt_001848,1127.0,2026-07-29T17:09:00+00:00,view_product,,web
evt_001849,1120.0,2026-08-02T11:41:00+00:00,add_to_cart,,android
evt_001850,1139.0,2026-08-04T08:20:00+00:00,purchase,50457,ios
evt_001851,1203.0,2026-07-17T20:10:00+00:00,add_to_cart,,web
evt_001852,1214.0,2026-07-13T22:54:00+00:00,add_to_cart,,ios
evt_001853,1194.0,2026-07-04T03:32:00+00:00,view_product,,ios
evt_001854,1102.0,2026-07-17T19:45:00+00:00,checkout_started,,ios
evt_001855,1161.0,2026-08-07T16:53:00+00:00,view_product,,web
evt_001856,1042.0,2026-07-10T21:20:00+00:00,purchase,51562,ios
evt_001857,1195.0,2026-08-02T02:37:00+00:00,add_to_cart,,android
evt_001858,1044.0,2026-07-29T18:02:00+00:00,view_product,,web
evt_001859,1026.0,2026-07-26T01:57:00+00:00,view_product,,web
evt_001860,1184.0,2026-07-22T11:31:00+00:00,add_to_cart,,android
evt_001861,1168.0,2026-07-29T17:46:00+00:00,add_to_cart,,ios
evt_001862,1031.0,2026-07-04T17:45:00+00:00,view_product,,web
evt_001863,1214.0,2026-07-05T20:54:00+00:00,purchase,51570,android
evt_001864,1025.0,2026-07-08T10:29:00+00:00,view_product,,web
evt_001865,1011.0,2026-07-30T02:30:00+00:00,view_product,,android
evt_001866,1212.0,2026-07-17T10:02:00+00:00,view_product,,web
evt_001867,1050.0,2026-07-08T21:28:00+00:00,view_product,,web
evt_001868,1052.0,2026-07-02T16:56:00+00:00,view_product,,android
evt_001869,1176.0,2026-07-19T13:56:00+00:00,checkout_started,,ios
evt_001870,1135.0,2026-07-16T03:34:00+00:00,view_product,,web
evt_001871,1115.0,2026-07-07T18:19:00+00:00,checkout_started,,android
evt_001872,1219.0,2026-07-01T21:14:00+00:00,add_to_cart,,android
evt_001873,1020.0,2026-07-29T15:27:00+00:00,view_product,,android
evt_001874,1205.0,2026-07-30T14:45:00+00:00,checkout_started,,web
evt_001875,1060.0,2026-07-10T08:17:00+00:00,add_to_cart,,web
evt_001876,1138.0,2026-07-19T18:15:00+00:00,view_product,,ios
evt_001877,1072.0,2026-07-10T14:55:00+00:00,view_product,,android
evt_001878,1065.0,2026-07-16T12:53:00+00:00,view_product,,web
evt_001879,1071.0,2026-07-05T03:36:00+00:00,view_product,,web
evt_001880,1124.0,2026-08-05T22:59:00+00:00,view_product,,web
evt_001881,1194.0,2026-07-28T09:11:00+00:00,view_product,,web
evt_001882,1025.0,2026-08-04T05:46:00+00:00,purchase,50881,ios
evt_001883,1147.0,2026-07-12T05:48:00+00:00,add_to_cart,,web
evt_001884,1191.0,2026-08-03T04:04:00+00:00,add_to_cart,,ios
evt_001885,1163.0,2026-07-20T16:40:00+00:00,purchase,50762,ios
evt_001886,1217.0,2026-07-08T12:41:00+00:00,view_product,,web
evt_001887,1003.0,2026-07-13T15:00:00+00:00,view_product,,android
evt_001888,1081.0,2026-07-31T20:06:00+00:00,add_to_cart,,web
evt_001889,1095.0,2026-07-30T10:31:00+00:00,view_product,,web
evt_001890,1119.0,2026-07-28T08:51:00+00:00,view_product,,web
evt_001891,1071.0,2026-07-09T14:33:00+00:00,add_to_cart,,web
evt_001892,1056.0,2026-07-25T14:45:00+00:00,view_product,,web
evt_001893,1189.0,2026-08-05T18:02:00+00:00,view_product,,android
evt_001894,1052.0,2026-07-02T20:27:00+00:00,view_product,,web
evt_001895,1211.0,2026-07-13T05:03:00+00:00,add_to_cart,,web
evt_001896,1009.0,2026-07-04T01:16:00+00:00,view_product,,android
evt_001897,1094.0,2026-07-04T22:42:00+00:00,view_product,,android
evt_001898,1135.0,2026-08-07T21:59:00+00:00,checkout_started,,web
evt_001899,1216.0,2026-07-10T03:09:00+00:00,purchase,50712,web
evt_001900,1169.0,2026-07-07T19:35:00+00:00,view_product,,web
evt_001901,1004.0,2026-07-03T19:26:00+00:00,view_product,,web
evt_001902,1166.0,2026-08-07T06:40:00+00:00,view_product,,web
evt_001903,1072.0,2026-07-18T19:29:00+00:00,view_product,,ios
evt_001904,1191.0,2026-07-31T01:44:00+00:00,view_product,,web
evt_001905,1172.0,2026-07-10T12:13:00+00:00,view_product,,web
evt_001906,1043.0,2026-07-25T08:30:00+00:00,view_product,,ios
evt_001907,1080.0,2026-08-03T16:04:00+00:00,view_product,,web
evt_001908,1182.0,2026-07-26T12:04:00+00:00,view_product,,web
evt_001909,1204.0,2026-07-20T15:37:00+00:00,checkout_started,,android
evt_001910,1134.0,2026-07-09T00:00:00+00:00,view_product,,web
evt_001911,1049.0,2026-07-09T20:49:00+00:00,view_product,,web
evt_001912,1087.0,2026-07-23T16:19:00+00:00,view_product,,web
evt_001913,1176.0,2026-07-18T03:33:00+00:00,checkout_started,,web
evt_001914,1133.0,2026-07-02T18:21:00+00:00,view_product,,ios
evt_001915,1045.0,2026-07-08T10:44:00+00:00,view_product,,web
evt_001916,1064.0,2026-07-17T09:59:00+00:00,add_to_cart,,web
evt_001917,1044.0,2026-07-07T19:00:00+00:00,add_to_cart,,web
evt_001918,1104.0,2026-07-22T01:11:00+00:00,add_to_cart,,web
evt_001919,1099.0,2026-07-12T10:11:00+00:00,view_product,,android
evt_001920,1120.0,2026-07-12T01:52:00+00:00,view_product,,android
evt_001921,1209.0,2026-07-05T02:46:00+00:00,view_product,,web
evt_001922,1144.0,2026-07-20T02:56:00+00:00,view_product,,web
evt_001923,1130.0,2026-07-08T04:02:00+00:00,view_product,,android
evt_001924,1081.0,2026-07-24T22:55:00+00:00,view_product,,web
evt_001925,1141.0,2026-08-05T15:29:00+00:00,view_product,,web
evt_001926,1212.0,2026-08-04T15:57:00+00:00,purchase,50970,android
evt_001927,1003.0,2026-07-26T08:07:00+00:00,view_product,,web
evt_001928,1078.0,2026-07-31T16:23:00+00:00,view_product,,web
evt_001929,1013.0,2026-08-05T00:02:00+00:00,purchase,51455,web
evt_001930,1046.0,2026-07-26T21:45:00+00:00,add_to_cart,,ios
evt_001931,1015.0,2026-07-10T18:14:00+00:00,view_product,,ios
evt_001932,1131.0,2026-07-20T00:45:00+00:00,add_to_cart,,web
evt_001933,1182.0,2026-08-02T13:35:00+00:00,view_product,,ios
evt_001934,1208.0,2026-07-26T09:12:00+00:00,add_to_cart,,web
evt_001935,1053.0,2026-07-14T18:23:00+00:00,view_product,,android
evt_001936,1155.0,2026-07-07T09:35:00+00:00,purchase,51026,web
evt_001937,1073.0,2026-07-06T11:30:00+00:00,view_product,,web
evt_001938,1070.0,2026-07-15T07:50:00+00:00,add_to_cart,,web
evt_001939,1135.0,2026-07-31T13:53:00+00:00,view_product,,web
evt_001940,1151.0,2026-07-21T23:58:00+00:00,view_product,,ios
evt_001941,1130.0,2026-07-03T06:24:00+00:00,view_product,,web
evt_001942,1023.0,2026-08-04T21:36:00+00:00,add_to_cart,,web
evt_001943,1091.0,2026-07-16T09:13:00+00:00,view_product,,web
evt_001944,1064.0,2026-07-15T20:13:00+00:00,purchase,50159,web
evt_001945,1001.0,2026-08-01T03:12:00+00:00,view_product,,web
evt_001946,1009.0,2026-07-15T07:47:00+00:00,add_to_cart,,web
evt_001947,1100.0,2026-07-24T10:52:00+00:00,view_product,,web
evt_001948,1023.0,2026-08-05T00:06:00+00:00,view_product,,android
evt_001949,1164.0,2026-07-20T16:28:00+00:00,add_to_cart,,ios
evt_001950,1013.0,2026-07-24T08:04:00+00:00,add_to_cart,,web
evt_001951,1052.0,2026-07-14T10:30:00+00:00,view_product,,web
evt_001952,1218.0,2026-08-03T20:17:00+00:00,view_product,,web
evt_001953,1157.0,2026-07-03T20:27:00+00:00,view_product,,web
evt_001954,1124.0,2026-07-11T12:02:00+00:00,view_product,,web
evt_001955,1004.0,2026-08-07T15:45:00+00:00,view_product,,web
evt_001956,1010.0,2026-07-19T09:31:00+00:00,view_product,,android
evt_001957,1201.0,2026-07-07T15:23:00+00:00,view_product,,android
evt_001958,1177.0,2026-07-16T17:19:00+00:00,purchase,50314,web
evt_001959,1210.0,2026-07-10T16:50:00+00:00,view_product,,web
evt_001960,1179.0,2026-07-20T23:03:00+00:00,view_product,,web
evt_001961,1001.0,2026-07-09T23:09:00+00:00,view_product,,web
evt_001962,1179.0,2026-07-16T04:11:00+00:00,view_product,,web
evt_001963,1102.0,2026-08-04T12:02:00+00:00,add_to_cart,,web
evt_001964,1154.0,2026-07-04T03:07:00+00:00,add_to_cart,,web
evt_001965,1092.0,2026-07-30T00:29:00+00:00,add_to_cart,,web
evt_001966,1160.0,2026-07-03T23:18:00+00:00,add_to_cart,,ios
evt_001967,1187.0,2026-07-18T09:05:00+00:00,view_product,,web
evt_001968,1216.0,2026-07-26T09:31:00+00:00,view_product,,android
evt_001969,1120.0,2026-08-06T07:20:00+00:00,view_product,,web
evt_001970,1062.0,2026-07-10T12:04:00+00:00,purchase,51008,web
evt_001971,1136.0,2026-07-03T00:08:00+00:00,add_to_cart,,web
evt_001972,1111.0,2026-07-29T12:46:00+00:00,view_product,,web
evt_001973,1045.0,2026-08-03T23:01:00+00:00,view_product,,web
evt_001974,1161.0,2026-07-22T11:19:00+00:00,view_product,,web
evt_001975,1018.0,2026-07-03T07:06:00+00:00,purchase,50591,web
evt_001976,1090.0,2026-07-20T00:36:00+00:00,view_product,,web
evt_001977,1154.0,2026-07-15T20:42:00+00:00,view_product,,web
evt_001978,1204.0,2026-07-18T03:45:00+00:00,view_product,,ios
evt_001979,1138.0,2026-07-03T01:15:00+00:00,add_to_cart,,ios
evt_001980,1217.0,2026-07-13T01:25:00+00:00,add_to_cart,,ios
evt_001981,1184.0,2026-08-07T23:03:00+00:00,view_product,,android
evt_001982,1053.0,2026-07-02T17:45:00+00:00,add_to_cart,,web
evt_001983,1187.0,2026-08-04T17:55:00+00:00,view_product,,android
evt_001984,1075.0,2026-07-20T15:59:00+00:00,add_to_cart,,web
evt_001985,1140.0,2026-07-23T05:20:00+00:00,view_product,,web
evt_001986,1045.0,2026-08-05T11:22:00+00:00,view_product,,ios
evt_001987,1119.0,2026-07-09T06:40:00+00:00,view_product,,web
evt_001988,1151.0,2026-08-07T09:46:00+00:00,view_product,,web
evt_001989,1202.0,2026-07-11T12:25:00+00:00,view_product,,web
evt_001990,1209.0,2026-07-14T06:22:00+00:00,view_product,,web
evt_001991,1178.0,2026-07-18T01:59:00+00:00,view_product,,web
evt_001992,1124.0,2026-07-23T20:36:00+00:00,view_product,,android
evt_001993,1196.0,2026-07-13T06:22:00+00:00,checkout_started,,web
evt_001994,1024.0,2026-07-31T03:18:00+00:00,view_product,,web
evt_001995,999999.0,2026-07-01T19:26:00+00:00,view_product,,web
evt_001996,1046.0,2026-07-26T07:56:00+00:00,add_to_cart,,android
evt_001997,1090.0,2026-07-25T22:30:00+00:00,view_product,,android
evt_001998,1201.0,2026-07-21T07:30:00+00:00,checkout_started,,ios
evt_001999,1159.0,2026-07-24T07:26:00+00:00,view_product,,web
evt_002000,1188.0,2026-07-29T09:53:00+00:00,purchase,50768,web
evt_002001,1153.0,2026-08-04T08:43:00+00:00,checkout_started,,web
evt_002002,1133.0,2026-07-09T07:09:00+00:00,view_product,,android
evt_002003,1039.0,2026-07-19T02:53:00+00:00,view_product,,web
evt_002004,999999.0,2026-07-22T08:43:00+00:00,add_to_cart,,ios
evt_002005,1141.0,2026-07-14T02:22:00+00:00,add_to_cart,,web
evt_002006,1148.0,2026-08-07T00:09:00+00:00,view_product,,android
evt_002007,1095.0,2026-07-20T10:30:00+00:00,view_product,,web
evt_002008,1211.0,2026-07-23T12:29:00+00:00,view_product,,web
evt_002009,1100.0,2026-07-08T09:33:00+00:00,add_to_cart,,web
evt_002010,1043.0,2026-07-16T19:12:00+00:00,add_to_cart,,ios
evt_002011,1040.0,2026-07-24T18:29:00+00:00,view_product,,android
evt_002012,1155.0,2026-07-17T06:39:00+00:00,view_product,,web
evt_002013,1165.0,2026-07-30T06:16:00+00:00,add_to_cart,,android
evt_002014,1046.0,2026-07-06T04:41:00+00:00,purchase,50642,web
evt_002015,1155.0,2026-07-06T19:57:00+00:00,view_product,,web
evt_002016,999999.0,2026-07-13T21:09:00+00:00,view_product,,web
evt_002017,1118.0,2026-07-13T02:21:00+00:00,view_product,,web
evt_002018,1215.0,2026-07-31T23:41:00+00:00,add_to_cart,,android
evt_002019,1035.0,2026-08-02T23:26:00+00:00,view_product,,web
evt_002020,1090.0,2026-07-18T22:25:00+00:00,view_product,,web
evt_002021,1124.0,2026-07-20T05:02:00+00:00,add_to_cart,,web
evt_002022,1080.0,2026-07-12T04:27:00+00:00,view_product,,ios
evt_002023,1023.0,2026-07-21T05:02:00+00:00,view_product,,android
evt_002024,1102.0,2026-07-27T20:17:00+00:00,view_product,,android
evt_002025,1076.0,2026-07-28T10:50:00+00:00,view_product,,web
evt_002026,1046.0,2026-08-06T19:41:00+00:00,view_product,,web
evt_002027,1083.0,2026-07-22T23:02:00+00:00,view_product,,web
evt_002028,1093.0,2026-07-13T22:22:00+00:00,view_product,,android
evt_002029,1196.0,2026-07-03T15:27:00+00:00,view_product,,web
evt_002030,1109.0,2026-07-27T03:22:00+00:00,checkout_started,,android
evt_002031,1092.0,2026-07-31T13:12:00+00:00,checkout_started,,android
evt_002032,1087.0,2026-07-21T23:47:00+00:00,view_product,,ios
evt_002033,1133.0,2026-08-05T01:37:00+00:00,add_to_cart,,ios
evt_002034,1061.0,2026-07-13T01:01:00+00:00,view_product,,web
evt_002035,1194.0,2026-07-03T00:35:00+00:00,add_to_cart,,web
evt_002036,1093.0,2026-07-25T01:25:00+00:00,checkout_started,,web
evt_002037,1095.0,2026-07-05T14:34:00+00:00,view_product,,web
evt_002038,1015.0,2026-07-04T04:42:00+00:00,view_product,,ios
evt_002039,1196.0,2026-07-27T16:12:00+00:00,view_product,,web
evt_002040,1105.0,2026-07-17T12:10:00+00:00,view_product,,android
evt_002041,1031.0,2026-07-23T23:16:00+00:00,view_product,,android
evt_002042,1038.0,2026-07-29T09:54:00+00:00,view_product,,web
evt_002043,1081.0,2026-07-15T12:51:00+00:00,add_to_cart,,web
evt_002044,1173.0,2026-07-24T05:18:00+00:00,view_product,,web
evt_002045,1021.0,2026-07-21T11:47:00+00:00,view_product,,web
evt_002046,1027.0,2026-07-23T00:58:00+00:00,view_product,,ios
evt_002047,1124.0,2026-07-27T17:26:00+00:00,add_to_cart,,ios
evt_002048,1111.0,2026-07-15T10:54:00+00:00,view_product,,ios
evt_002049,1212.0,2026-07-20T04:04:00+00:00,view_product,,web
evt_002050,1167.0,2026-07-23T11:07:00+00:00,checkout_started,,android
evt_002051,1146.0,2026-07-06T07:51:00+00:00,view_product,,ios
evt_002052,1075.0,2026-07-09T00:57:00+00:00,view_product,,android
evt_002053,1139.0,2026-07-04T09:33:00+00:00,view_product,,android
evt_002054,1130.0,2026-07-08T12:35:00+00:00,view_product,,ios
evt_002055,1062.0,2026-07-17T16:14:00+00:00,purchase,50954,web
evt_002056,1082.0,2026-08-05T15:06:00+00:00,view_product,,android
evt_002057,1206.0,2026-08-05T01:40:00+00:00,view_product,,web
evt_002058,1119.0,2026-07-29T23:43:00+00:00,view_product,,web
evt_002059,1105.0,2026-07-22T04:41:00+00:00,purchase,50370,web
evt_002060,1177.0,2026-07-08T16:42:00+00:00,checkout_started,,web
evt_002061,1060.0,2026-07-14T14:41:00+00:00,view_product,,web
evt_002062,1049.0,2026-07-30T02:50:00+00:00,view_product,,web
evt_002063,1219.0,2026-08-04T12:44:00+00:00,view_product,,android
evt_002064,1178.0,2026-08-06T13:48:00+00:00,add_to_cart,,ios
evt_002065,1094.0,2026-07-15T18:25:00+00:00,view_product,,android
evt_002066,1210.0,2026-07-19T11:48:00+00:00,view_product,,android
evt_002067,1083.0,2026-07-20T08:20:00+00:00,view_product,,web
evt_002068,1150.0,2026-07-03T03:17:00+00:00,checkout_started,,android
evt_002069,1008.0,2026-07-05T10:14:00+00:00,view_product,,web
evt_002070,1155.0,2026-07-02T17:14:00+00:00,view_product,,web
evt_002071,1040.0,2026-07-29T00:30:00+00:00,purchase,50118,android
evt_002072,1054.0,2026-07-09T12:36:00+00:00,view_product,,android
evt_002073,1179.0,2026-07-27T14:40:00+00:00,view_product,,web
evt_002074,1046.0,2026-07-15T06:15:00+00:00,view_product,,android
evt_002075,1107.0,2026-07-31T04:21:00+00:00,view_product,,web
evt_002076,1204.0,2026-07-05T09:21:00+00:00,view_product,,android
evt_002077,1212.0,2026-07-13T08:34:00+00:00,view_product,,ios
evt_002078,1099.0,2026-07-08T18:47:00+00:00,view_product,,web
evt_002079,1019.0,2026-07-17T13:40:00+00:00,view_product,,android
evt_002080,1064.0,2026-07-22T08:31:00+00:00,checkout_started,,web
evt_002081,1137.0,2026-07-07T09:31:00+00:00,view_product,,web
evt_002082,1075.0,2026-07-26T08:18:00+00:00,add_to_cart,,android
evt_002083,1160.0,2026-08-06T15:37:00+00:00,view_product,,android
evt_002084,1220.0,2026-07-02T15:28:00+00:00,view_product,,web
evt_002085,1138.0,2026-07-04T06:30:00+00:00,view_product,,ios
evt_002086,1139.0,2026-08-06T04:25:00+00:00,view_product,,web
evt_002087,1118.0,2026-07-25T15:54:00+00:00,view_product,,web
evt_002088,1042.0,2026-08-04T22:42:00+00:00,view_product,,ios
evt_002089,1128.0,2026-07-27T19:11:00+00:00,add_to_cart,,web
evt_002090,1206.0,2026-07-28T06:11:00+00:00,checkout_started,,web
evt_002091,1153.0,2026-07-06T23:51:00+00:00,view_product,,android
evt_002092,1167.0,2026-07-20T10:47:00+00:00,purchase,50375,android
evt_002093,1191.0,2026-07-14T21:10:00+00:00,view_product,,web
evt_002094,1086.0,2026-08-01T16:16:00+00:00,view_product,,web
evt_002095,1075.0,2026-07-02T15:19:00+00:00,view_product,,android
evt_002096,1215.0,2026-07-01T16:34:00+00:00,add_to_cart,,android
evt_002097,1102.0,2026-07-22T03:37:00+00:00,add_to_cart,,web
evt_002098,1163.0,2026-08-06T21:02:00+00:00,purchase,51069,web
evt_002099,1141.0,2026-08-07T19:23:00+00:00,add_to_cart,,web
evt_002100,1028.0,2026-07-23T13:18:00+00:00,view_product,,web
evt_002101,1070.0,2026-07-17T08:03:00+00:00,checkout_started,,web
evt_002102,1073.0,2026-07-11T08:54:00+00:00,purchase,50973,ios
evt_002103,1040.0,2026-08-07T14:53:00+00:00,add_to_cart,,android
evt_002104,1173.0,2026-07-07T23:06:00+00:00,view_product,,android
evt_002105,1214.0,2026-07-05T19:07:00+00:00,checkout_started,,web
evt_002106,1214.0,2026-07-20T07:36:00+00:00,view_product,,web
evt_002107,1044.0,2026-07-15T21:55:00+00:00,checkout_started,,web
evt_002108,1100.0,2026-07-19T20:10:00+00:00,purchase,51295,web
evt_002109,1052.0,2026-08-04T06:35:00+00:00,add_to_cart,,web
evt_002110,1014.0,2026-07-11T06:04:00+00:00,view_product,,android
evt_002111,1137.0,2026-08-03T07:32:00+00:00,view_product,,web
evt_002112,1190.0,2026-07-09T01:07:00+00:00,purchase,50174,ios
evt_002113,1018.0,2026-07-13T07:06:00+00:00,checkout_started,,web
evt_002114,1142.0,2026-07-01T04:03:00+00:00,add_to_cart,,web
evt_002115,1008.0,2026-07-26T18:53:00+00:00,purchase,50227,android
evt_002116,1187.0,2026-08-02T14:54:00+00:00,view_product,,android
evt_002117,1015.0,2026-08-03T16:10:00+00:00,checkout_started,,web
evt_002118,1097.0,2026-07-07T08:43:00+00:00,view_product,,android
evt_002119,1028.0,2026-07-30T03:23:00+00:00,view_product,,web
evt_002120,1092.0,2026-07-06T08:53:00+00:00,view_product,,android
evt_002121,1095.0,2026-07-24T21:10:00+00:00,view_product,,web
evt_002122,1120.0,2026-07-27T16:35:00+00:00,view_product,,web
evt_002123,1184.0,2026-07-06T19:08:00+00:00,add_to_cart,,ios
evt_002124,999999.0,2026-07-05T04:47:00+00:00,view_product,,android
evt_002125,1076.0,2026-07-03T18:34:00+00:00,add_to_cart,,android
evt_002126,1205.0,2026-07-27T22:01:00+00:00,view_product,,web
evt_002127,1095.0,2026-07-24T08:32:00+00:00,checkout_started,,android
evt_002128,1027.0,2026-07-05T12:50:00+00:00,view_product,,web
evt_002129,1133.0,2026-07-20T00:15:00+00:00,add_to_cart,,web
evt_002130,1160.0,2026-07-31T05:46:00+00:00,view_product,,web
evt_002131,1067.0,2026-07-10T01:05:00+00:00,view_product,,web
evt_002132,1131.0,2026-07-24T00:20:00+00:00,view_product,,web
evt_002133,1096.0,2026-07-12T03:00:00+00:00,view_product,,ios
evt_002134,1033.0,2026-07-10T22:02:00+00:00,view_product,,web
evt_002135,1086.0,2026-07-15T21:35:00+00:00,view_product,,ios
evt_002136,1095.0,2026-07-14T09:13:00+00:00,view_product,,web
evt_002137,1076.0,2026-07-19T19:54:00+00:00,add_to_cart,,ios
evt_002138,1203.0,2026-07-08T19:19:00+00:00,view_product,,web
evt_002139,1086.0,2026-07-15T19:54:00+00:00,view_product,,web
evt_002140,1139.0,2026-07-24T15:36:00+00:00,view_product,,ios
evt_002141,1003.0,2026-07-15T17:12:00+00:00,view_product,,android
evt_002142,1070.0,2026-07-25T22:38:00+00:00,view_product,,android
evt_002143,1196.0,2026-07-05T09:32:00+00:00,add_to_cart,,web
evt_002144,1198.0,2026-07-06T05:32:00+00:00,view_product,,android
evt_002145,1216.0,2026-08-02T21:25:00+00:00,view_product,,ios
evt_002146,1013.0,2026-07-18T13:11:00+00:00,view_product,,android
evt_002147,1191.0,2026-07-24T03:32:00+00:00,view_product,,web
evt_002148,1060.0,2026-07-29T02:41:00+00:00,add_to_cart,,web
evt_002149,1002.0,2026-07-06T13:14:00+00:00,view_product,,web
evt_002150,1021.0,2026-08-06T22:42:00+00:00,checkout_started,,android
evt_002151,1166.0,2026-07-17T02:34:00+00:00,view_product,,web
evt_002152,1131.0,2026-08-03T19:24:00+00:00,add_to_cart,,web
evt_002153,1127.0,2026-07-16T20:02:00+00:00,view_product,,ios
evt_002154,1195.0,2026-07-16T09:52:00+00:00,purchase,50207,android
evt_002155,1021.0,2026-07-23T19:45:00+00:00,view_product,,web
evt_002156,1019.0,2026-07-08T06:05:00+00:00,view_product,,ios
evt_002157,1207.0,2026-07-24T03:17:00+00:00,checkout_started,,web
evt_002158,1134.0,2026-08-07T08:46:00+00:00,view_product,,android
evt_002159,1172.0,2026-07-25T12:26:00+00:00,view_product,,web
evt_002160,1116.0,2026-07-03T15:53:00+00:00,view_product,,web
evt_002161,1033.0,2026-07-27T12:29:00+00:00,view_product,,web
evt_002162,1116.0,2026-07-02T06:27:00+00:00,add_to_cart,,web
evt_002163,1214.0,2026-07-04T22:15:00+00:00,view_product,,ios
evt_002164,1027.0,2026-07-11T19:32:00+00:00,view_product,,ios
evt_002165,1028.0,2026-07-12T14:05:00+00:00,view_product,,web
evt_002166,1077.0,2026-07-01T03:14:00+00:00,purchase,50901,web
evt_002167,1101.0,2026-07-01T15:49:00+00:00,view_product,,web
evt_002168,1139.0,2026-07-30T23:46:00+00:00,view_product,,web
evt_002169,1036.0,2026-07-18T06:37:00+00:00,checkout_started,,android
evt_002170,1207.0,2026-07-08T14:14:00+00:00,view_product,,ios
evt_002171,1034.0,2026-07-17T07:38:00+00:00,add_to_cart,,web
evt_002172,1045.0,2026-07-27T07:57:00+00:00,add_to_cart,,web
evt_002173,1214.0,2026-07-28T21:42:00+00:00,view_product,,android
evt_002174,1084.0,2026-07-11T22:47:00+00:00,add_to_cart,,android
evt_002175,1127.0,2026-07-07T08:24:00+00:00,purchase,50918,android
evt_002176,1097.0,2026-08-06T10:55:00+00:00,view_product,,web
evt_002177,1058.0,2026-07-24T23:55:00+00:00,view_product,,web
evt_002178,1112.0,2026-08-07T08:27:00+00:00,checkout_started,,web
evt_002179,1172.0,2026-07-12T15:42:00+00:00,view_product,,android
evt_002180,1003.0,2026-07-05T05:28:00+00:00,view_product,,web
evt_002181,1194.0,2026-07-15T12:18:00+00:00,view_product,,ios
evt_002182,1041.0,2026-07-13T10:59:00+00:00,checkout_started,,web
evt_002183,1203.0,2026-07-28T07:59:00+00:00,add_to_cart,,ios
evt_002184,1213.0,2026-07-28T05:06:00+00:00,purchase,50255,web
evt_002185,1207.0,2026-07-03T17:15:00+00:00,view_product,,android
evt_002186,1144.0,2026-07-23T08:01:00+00:00,purchase,50719,web
evt_002187,1201.0,2026-07-14T00:37:00+00:00,view_product,,android
evt_002188,1190.0,2026-07-24T08:46:00+00:00,add_to_cart,,web
evt_002189,1142.0,2026-07-15T20:53:00+00:00,add_to_cart,,ios
evt_002190,1198.0,2026-07-21T10:07:00+00:00,view_product,,ios
evt_002191,1076.0,2026-07-28T04:45:00+00:00,view_product,,web
evt_002192,1185.0,2026-07-12T03:34:00+00:00,view_product,,web
evt_002193,1205.0,2026-07-08T13:41:00+00:00,view_product,,web
evt_002194,1141.0,2026-07-27T19:51:00+00:00,add_to_cart,,web
evt_002195,1028.0,2026-08-06T00:02:00+00:00,view_product,,ios
evt_002196,1048.0,2026-07-17T20:55:00+00:00,add_to_cart,,web
evt_002197,1038.0,2026-08-07T21:57:00+00:00,view_product,,web
evt_002198,1118.0,2026-07-08T00:37:00+00:00,view_product,,web
evt_002199,1096.0,2026-08-01T02:50:00+00:00,add_to_cart,,web
evt_002200,1183.0,2026-08-07T13:14:00+00:00,view_product,,web
evt_002201,1063.0,2026-07-12T09:20:00+00:00,purchase,50083,ios
evt_002202,1037.0,2026-07-06T14:50:00+00:00,purchase,50980,web
evt_002203,1137.0,2026-07-26T05:26:00+00:00,view_product,,android
evt_002204,1031.0,2026-08-03T00:53:00+00:00,view_product,,ios
evt_002205,1201.0,2026-07-04T03:49:00+00:00,view_product,,web
evt_002206,1018.0,2026-07-25T08:20:00+00:00,add_to_cart,,android
evt_002207,1109.0,2026-08-03T02:36:00+00:00,view_product,,ios
evt_002208,1210.0,2026-07-02T05:11:00+00:00,purchase,50912,web
evt_002209,1123.0,2026-07-20T14:35:00+00:00,purchase,50044,web
evt_002210,1179.0,2026-07-03T22:12:00+00:00,view_product,,ios
evt_002211,1094.0,2026-07-07T16:54:00+00:00,add_to_cart,,web
evt_002212,1167.0,2026-07-19T11:33:00+00:00,view_product,,web
evt_002213,1157.0,2026-07-13T10:36:00+00:00,view_product,,web
evt_002214,1114.0,2026-07-04T05:38:00+00:00,view_product,,web
evt_002215,1023.0,2026-07-31T10:16:00+00:00,add_to_cart,,ios
evt_002216,1215.0,2026-07-08T17:06:00+00:00,view_product,,web
evt_002217,1011.0,2026-08-03T01:38:00+00:00,checkout_started,,web
evt_002218,1079.0,2026-07-07T17:11:00+00:00,view_product,,android
evt_002219,1142.0,2026-07-20T17:58:00+00:00,add_to_cart,,web
evt_002220,1170.0,2026-07-28T15:03:00+00:00,purchase,50142,web
evt_002221,1119.0,2026-07-19T06:02:00+00:00,add_to_cart,,web
evt_002222,1089.0,2026-07-16T20:23:00+00:00,view_product,,android
evt_002223,1091.0,2026-07-29T12:40:00+00:00,view_product,,ios
evt_002224,1216.0,2026-07-01T10:44:00+00:00,view_product,,web
evt_002225,1074.0,2026-08-01T09:29:00+00:00,view_product,,android
evt_002226,1189.0,2026-07-27T05:11:00+00:00,purchase,51128,ios
evt_002227,1012.0,2026-07-30T01:32:00+00:00,view_product,,android
evt_002228,1146.0,2026-07-16T23:55:00+00:00,view_product,,ios
evt_002229,1151.0,2026-07-15T14:35:00+00:00,add_to_cart,,android
evt_002230,1150.0,2026-07-22T17:35:00+00:00,view_product,,ios
evt_002231,1094.0,2026-07-25T09:26:00+00:00,checkout_started,,web
evt_002232,1153.0,2026-08-05T03:46:00+00:00,view_product,,web
evt_002233,1099.0,2026-08-02T13:54:00+00:00,view_product,,web
evt_002234,1132.0,2026-07-03T01:08:00+00:00,add_to_cart,,web
evt_002235,1198.0,2026-07-06T18:24:00+00:00,view_product,,android
evt_002236,1149.0,2026-08-05T23:18:00+00:00,purchase,51439,ios
evt_002237,1163.0,2026-07-15T17:58:00+00:00,view_product,,ios
evt_002238,1215.0,2026-07-23T01:13:00+00:00,view_product,,ios
evt_002239,1049.0,2026-07-03T03:38:00+00:00,view_product,,android
evt_002240,1130.0,2026-07-04T23:25:00+00:00,view_product,,ios
evt_002241,1146.0,2026-07-16T12:53:00+00:00,view_product,,web
evt_002242,1154.0,2026-07-28T06:12:00+00:00,view_product,,web
evt_002243,1030.0,2026-07-30T08:19:00+00:00,view_product,,web
evt_002244,1169.0,2026-08-03T23:57:00+00:00,checkout_started,,web
evt_002245,1043.0,2026-07-08T11:41:00+00:00,view_product,,web
evt_002246,1091.0,2026-07-08T16:04:00+00:00,add_to_cart,,web
evt_002247,1158.0,2026-07-21T14:12:00+00:00,view_product,,web
evt_002248,1059.0,2026-07-21T18:47:00+00:00,add_to_cart,,web
evt_002249,1028.0,2026-07-02T09:21:00+00:00,view_product,,android
evt_002250,1150.0,2026-07-17T23:49:00+00:00,view_product,,web
evt_002251,1062.0,2026-08-04T02:39:00+00:00,view_product,,android
evt_002252,1183.0,2026-07-07T05:28:00+00:00,view_product,,web
evt_002253,1199.0,2026-08-01T03:50:00+00:00,view_product,,android
evt_002254,1078.0,2026-07-17T23:52:00+00:00,view_product,,ios
evt_002255,1164.0,2026-07-20T22:15:00+00:00,checkout_started,,android
evt_002256,1050.0,2026-07-25T09:08:00+00:00,view_product,,web
evt_002257,1206.0,2026-07-27T19:40:00+00:00,purchase,51360,ios
evt_002258,1055.0,2026-07-25T05:23:00+00:00,view_product,,web
evt_002259,1195.0,2026-07-04T22:46:00+00:00,view_product,,web
evt_002260,1174.0,2026-07-12T05:20:00+00:00,view_product,,ios
evt_002261,1070.0,2026-08-02T02:49:00+00:00,view_product,,web
evt_002262,1183.0,2026-07-02T12:36:00+00:00,checkout_started,,web
evt_002263,1140.0,2026-07-28T04:19:00+00:00,view_product,,android
evt_002264,1148.0,2026-07-20T18:40:00+00:00,checkout_started,,web
evt_002265,1084.0,2026-07-05T13:24:00+00:00,view_product,,ios
evt_002266,1052.0,2026-07-05T15:57:00+00:00,view_product,,web
evt_002267,1155.0,2026-08-07T06:23:00+00:00,view_product,,web
evt_002268,1012.0,2026-07-02T04:18:00+00:00,add_to_cart,,web
evt_002269,1078.0,2026-07-01T20:32:00+00:00,view_product,,web
evt_002270,1032.0,2026-07-01T15:14:00+00:00,purchase,50908,android
evt_002271,1001.0,2026-07-24T21:12:00+00:00,view_product,,android
evt_002272,1002.0,2026-08-05T04:52:00+00:00,view_product,,web
evt_002273,1021.0,2026-07-07T12:38:00+00:00,add_to_cart,,web
evt_002274,1208.0,2026-07-31T05:43:00+00:00,view_product,,android
evt_002275,1171.0,2026-07-28T07:57:00+00:00,checkout_started,,web
evt_002276,1219.0,2026-07-09T17:33:00+00:00,view_product,,web
evt_002277,1019.0,2026-07-03T16:12:00+00:00,add_to_cart,,web
evt_002278,999999.0,2026-07-19T12:58:00+00:00,view_product,,android
evt_002279,1133.0,2026-07-04T01:57:00+00:00,purchase,50839,web
evt_002280,1176.0,2026-07-05T07:34:00+00:00,view_product,,web
evt_002281,1190.0,2026-07-18T17:15:00+00:00,checkout_started,,android
evt_002282,1058.0,2026-07-31T23:52:00+00:00,view_product,,android
evt_002283,1164.0,2026-08-07T18:32:00+00:00,add_to_cart,,ios
evt_002284,1144.0,2026-07-24T20:35:00+00:00,checkout_started,,ios
evt_002285,1092.0,2026-07-11T12:10:00+00:00,checkout_started,,android
evt_002286,1109.0,2026-07-13T11:24:00+00:00,view_product,,ios
evt_002287,1047.0,2026-07-24T06:37:00+00:00,view_product,,android
evt_002288,1041.0,2026-07-07T13:58:00+00:00,checkout_started,,web
evt_002289,1204.0,2026-07-20T16:57:00+00:00,view_product,,web
evt_002290,1162.0,2026-07-30T05:15:00+00:00,add_to_cart,,android
evt_002291,1126.0,2026-08-02T00:00:00+00:00,view_product,,ios
evt_002292,1154.0,2026-07-03T05:55:00+00:00,view_product,,web
evt_002293,1090.0,2026-07-11T23:11:00+00:00,view_product,,ios
evt_002294,1056.0,2026-07-10T16:23:00+00:00,add_to_cart,,android
evt_002295,1209.0,2026-07-22T02:06:00+00:00,view_product,,web
evt_002296,1219.0,2026-07-08T01:00:00+00:00,view_product,,ios
evt_002297,1048.0,2026-08-06T02:58:00+00:00,checkout_started,,web
evt_002298,1178.0,2026-08-04T20:23:00+00:00,view_product,,ios
evt_002299,1098.0,2026-07-13T15:19:00+00:00,checkout_started,,android
evt_002300,1157.0,2026-07-16T11:16:00+00:00,view_product,,android
evt_002301,1025.0,2026-07-17T16:44:00+00:00,view_product,,android
evt_002302,1106.0,2026-07-02T14:52:00+00:00,view_product,,ios
evt_002303,1028.0,2026-08-03T18:35:00+00:00,view_product,,web
evt_002304,1180.0,2026-07-30T14:47:00+00:00,add_to_cart,,ios
evt_002305,1089.0,2026-07-13T15:14:00+00:00,view_product,,web
evt_002306,1059.0,2026-07-21T19:15:00+00:00,view_product,,web
evt_002307,1155.0,2026-07-15T11:10:00+00:00,view_product,,web
evt_002308,1211.0,2026-07-09T16:06:00+00:00,add_to_cart,,web
evt_002309,1075.0,2026-07-12T13:21:00+00:00,checkout_started,,web
evt_002310,1159.0,2026-07-05T01:39:00+00:00,view_product,,web
evt_002311,1153.0,2026-07-31T18:17:00+00:00,view_product,,web
evt_002312,1109.0,2026-07-25T21:09:00+00:00,view_product,,web
evt_002313,1178.0,2026-08-05T08:30:00+00:00,add_to_cart,,web
evt_002314,1029.0,2026-07-01T05:59:00+00:00,view_product,,web
evt_002315,1194.0,2026-07-24T23:33:00+00:00,view_product,,android
evt_002316,1090.0,2026-07-22T07:04:00+00:00,add_to_cart,,web
evt_002317,1010.0,2026-07-24T16:45:00+00:00,view_product,,android
evt_002318,1219.0,2026-08-07T14:36:00+00:00,add_to_cart,,web
evt_002319,1171.0,2026-07-15T19:40:00+00:00,view_product,,android
evt_002320,1181.0,2026-07-06T08:37:00+00:00,purchase,51294,ios
evt_002321,1033.0,2026-07-01T11:23:00+00:00,view_product,,android
evt_002322,1166.0,2026-07-19T16:43:00+00:00,view_product,,android
evt_002323,1155.0,2026-07-07T14:37:00+00:00,view_product,,ios
evt_002324,1200.0,2026-07-06T08:41:00+00:00,view_product,,web
evt_002325,1083.0,2026-07-06T14:27:00+00:00,add_to_cart,,web
evt_002326,1205.0,2026-07-11T12:35:00+00:00,view_product,,web
evt_002327,1157.0,2026-07-05T09:41:00+00:00,view_product,,android
evt_002328,1057.0,2026-07-19T11:08:00+00:00,add_to_cart,,android
evt_002329,1048.0,2026-07-25T20:29:00+00:00,view_product,,web
evt_002330,1200.0,2026-07-11T23:51:00+00:00,add_to_cart,,ios
evt_002331,1143.0,2026-07-06T04:21:00+00:00,add_to_cart,,web
evt_002332,1027.0,2026-07-22T18:03:00+00:00,view_product,,ios
evt_002333,1028.0,2026-07-04T06:05:00+00:00,add_to_cart,,ios
evt_002334,1183.0,2026-07-29T00:40:00+00:00,checkout_started,,web
evt_002335,1038.0,2026-07-15T12:54:00+00:00,add_to_cart,,android
evt_002336,1049.0,2026-07-16T13:52:00+00:00,view_product,,web
evt_002337,1136.0,2026-07-10T11:06:00+00:00,view_product,,android
evt_002338,1191.0,2026-07-11T17:56:00+00:00,checkout_started,,ios
evt_002339,1075.0,2026-07-06T13:01:00+00:00,view_product,,web
evt_002340,1148.0,2026-07-22T04:54:00+00:00,view_product,,web
evt_002341,1156.0,2026-07-06T13:16:00+00:00,view_product,,web
evt_002342,1133.0,2026-07-26T20:39:00+00:00,add_to_cart,,ios
evt_002343,1152.0,2026-07-10T17:39:00+00:00,add_to_cart,,android
evt_002344,1051.0,2026-07-22T11:40:00+00:00,checkout_started,,web
evt_002345,1138.0,2026-07-21T09:36:00+00:00,checkout_started,,web
evt_002346,1001.0,2026-07-25T01:40:00+00:00,view_product,,web
evt_002347,1162.0,2026-07-29T19:22:00+00:00,view_product,,web
evt_002348,1176.0,2026-07-22T07:15:00+00:00,view_product,,web
evt_002349,1176.0,2026-08-02T09:43:00+00:00,view_product,,ios
evt_002350,1007.0,2026-07-10T20:12:00+00:00,view_product,,web
evt_002351,1202.0,2026-07-29T13:17:00+00:00,purchase,51346,android
evt_002352,1097.0,2026-07-14T00:47:00+00:00,view_product,,web
evt_002353,1018.0,2026-07-24T20:55:00+00:00,view_product,,ios
evt_002354,1119.0,2026-07-19T16:42:00+00:00,view_product,,web
evt_002355,1127.0,2026-08-04T11:45:00+00:00,view_product,,web
evt_002356,1089.0,2026-07-11T07:20:00+00:00,view_product,,web
evt_002357,1166.0,2026-07-20T17:59:00+00:00,view_product,,ios
evt_002358,1121.0,2026-07-07T06:00:00+00:00,view_product,,android
evt_002359,1048.0,2026-07-25T01:37:00+00:00,view_product,,web
evt_002360,1138.0,2026-07-02T09:39:00+00:00,add_to_cart,,web
evt_002361,1059.0,2026-07-16T15:23:00+00:00,add_to_cart,,ios
evt_002362,1027.0,2026-07-01T09:01:00+00:00,checkout_started,,web
evt_002363,1059.0,2026-07-13T10:34:00+00:00,view_product,,android
evt_002364,1201.0,2026-07-19T09:27:00+00:00,view_product,,web
evt_002365,1127.0,2026-07-13T14:31:00+00:00,view_product,,android
evt_002366,1071.0,2026-07-15T15:57:00+00:00,purchase,51451,web
evt_002367,1081.0,2026-07-06T15:15:00+00:00,view_product,,web
evt_002368,1191.0,2026-07-28T03:44:00+00:00,view_product,,ios
evt_002369,1148.0,2026-07-31T06:29:00+00:00,purchase,50640,web
evt_002370,1171.0,2026-07-18T06:43:00+00:00,purchase,50762,ios
evt_002371,1135.0,2026-07-03T02:29:00+00:00,view_product,,android
evt_002372,1220.0,2026-07-03T08:54:00+00:00,add_to_cart,,web
evt_002373,1146.0,2026-07-26T15:18:00+00:00,view_product,,web
evt_002374,1089.0,2026-08-05T07:10:00+00:00,view_product,,web
evt_002375,1056.0,2026-08-02T20:23:00+00:00,view_product,,web
evt_002376,1011.0,2026-07-16T09:48:00+00:00,purchase,50127,ios
evt_002377,1170.0,2026-07-19T21:39:00+00:00,view_product,,ios
evt_002378,1207.0,2026-07-07T04:44:00+00:00,add_to_cart,,web
evt_002379,1147.0,2026-07-03T16:01:00+00:00,view_product,,ios
evt_002380,1108.0,2026-07-30T02:23:00+00:00,add_to_cart,,ios
evt_002381,1029.0,2026-07-17T06:43:00+00:00,add_to_cart,,ios
evt_002382,1143.0,2026-07-19T21:08:00+00:00,add_to_cart,,web
evt_002383,1045.0,2026-07-14T01:01:00+00:00,purchase,50281,web
evt_002384,1138.0,2026-07-12T21:35:00+00:00,add_to_cart,,web
evt_002385,1067.0,2026-08-07T10:48:00+00:00,add_to_cart,,android
evt_002386,1192.0,2026-08-01T00:23:00+00:00,view_product,,android
evt_002387,1207.0,2026-07-27T06:26:00+00:00,purchase,50605,android
evt_002388,1052.0,2026-07-15T18:54:00+00:00,view_product,,web
evt_002389,1073.0,2026-07-28T09:52:00+00:00,view_product,,ios
evt_002390,1204.0,2026-07-13T21:22:00+00:00,view_product,,android
evt_002391,1005.0,2026-07-20T14:26:00+00:00,view_product,,web
evt_002392,1115.0,2026-07-06T12:15:00+00:00,view_product,,web
evt_002393,1032.0,2026-07-27T22:59:00+00:00,view_product,,web
evt_002394,1096.0,2026-07-03T07:10:00+00:00,view_product,,ios
evt_002395,1008.0,2026-07-28T10:59:00+00:00,purchase,51296,web
evt_002396,1032.0,2026-07-23T22:33:00+00:00,purchase,50715,web
evt_002397,1090.0,2026-07-03T12:31:00+00:00,view_product,,web
evt_002398,1014.0,2026-07-20T05:33:00+00:00,purchase,50940,android
evt_002399,1177.0,2026-07-09T11:01:00+00:00,view_product,,android
evt_002400,1128.0,2026-07-19T02:14:00+00:00,view_product,,ios
evt_002401,1100.0,2026-07-01T11:49:00+00:00,checkout_started,,android
evt_002402,1105.0,2026-07-28T10:17:00+00:00,add_to_cart,,ios
evt_002403,1186.0,2026-07-20T08:56:00+00:00,add_to_cart,,android
evt_002404,1187.0,2026-07-14T18:24:00+00:00,view_product,,web
evt_002405,1011.0,2026-08-03T06:43:00+00:00,view_product,,android
evt_002406,1152.0,2026-07-25T12:10:00+00:00,view_product,,android
evt_002407,1104.0,2026-07-24T03:54:00+00:00,purchase,51385,ios
evt_002408,1174.0,2026-07-06T14:10:00+00:00,view_product,,web
evt_002409,1174.0,2026-07-20T00:11:00+00:00,view_product,,web
evt_002410,1157.0,2026-07-27T14:57:00+00:00,view_product,,web
evt_002411,1150.0,2026-08-05T04:28:00+00:00,add_to_cart,,web
evt_002412,1047.0,2026-07-23T23:04:00+00:00,view_product,,web
evt_002413,1189.0,2026-07-07T13:03:00+00:00,add_to_cart,,web
evt_002414,1155.0,2026-07-26T18:18:00+00:00,view_product,,web
evt_002415,1061.0,2026-07-03T20:02:00+00:00,view_product,,android
evt_002416,1052.0,2026-07-12T21:23:00+00:00,view_product,,ios
evt_002417,1111.0,2026-08-04T20:34:00+00:00,view_product,,android
evt_002418,1076.0,2026-07-31T11:13:00+00:00,add_to_cart,,web
evt_002419,1150.0,2026-08-04T07:20:00+00:00,checkout_started,,web
evt_002420,1090.0,2026-07-14T09:24:00+00:00,view_product,,web
evt_002421,1038.0,2026-07-26T22:52:00+00:00,view_product,,android
evt_002422,1088.0,2026-07-27T14:25:00+00:00,view_product,,web
evt_002423,1181.0,2026-07-10T08:19:00+00:00,checkout_started,,ios
evt_002424,1184.0,2026-08-05T19:39:00+00:00,purchase,50761,web
evt_002425,1069.0,2026-08-06T20:25:00+00:00,add_to_cart,,web
evt_002426,1176.0,2026-07-05T04:38:00+00:00,view_product,,web
evt_002427,1021.0,2026-07-30T01:59:00+00:00,view_product,,web
evt_002428,1218.0,2026-07-18T00:17:00+00:00,purchase,50536,web
evt_002429,1170.0,2026-07-26T14:35:00+00:00,view_product,,android
evt_002430,1010.0,2026-07-22T01:37:00+00:00,add_to_cart,,web
evt_002431,1156.0,2026-07-09T11:17:00+00:00,purchase,51169,web
evt_002432,1110.0,2026-07-04T15:31:00+00:00,add_to_cart,,web
evt_002433,1196.0,2026-07-20T11:56:00+00:00,view_product,,android
evt_002434,1054.0,2026-08-01T19:32:00+00:00,view_product,,ios
evt_002435,1198.0,2026-08-01T06:11:00+00:00,purchase,50505,ios
evt_002436,1193.0,2026-07-11T10:35:00+00:00,view_product,,web
evt_002437,1062.0,2026-08-02T16:33:00+00:00,checkout_started,,android
evt_002438,1096.0,2026-07-14T12:36:00+00:00,view_product,,web
evt_002439,1142.0,2026-07-22T08:01:00+00:00,add_to_cart,,android
evt_002440,1054.0,2026-07-13T07:49:00+00:00,checkout_started,,android
evt_002441,999999.0,2026-07-20T20:47:00+00:00,view_product,,web
evt_002442,1043.0,2026-07-21T02:48:00+00:00,view_product,,web
evt_002443,1054.0,2026-07-27T12:17:00+00:00,view_product,,web
evt_002444,1111.0,2026-07-18T22:20:00+00:00,add_to_cart,,web
evt_002445,1105.0,2026-07-21T01:45:00+00:00,add_to_cart,,web
evt_002446,1012.0,2026-07-25T18:01:00+00:00,view_product,,web
evt_002447,1202.0,2026-07-16T20:55:00+00:00,checkout_started,,web
evt_002448,1054.0,2026-07-20T22:15:00+00:00,purchase,50622,ios
evt_002449,1023.0,2026-07-04T05:54:00+00:00,checkout_started,,web
evt_002450,1115.0,2026-08-03T01:16:00+00:00,view_product,,ios
evt_002451,1206.0,2026-07-05T18:57:00+00:00,purchase,51421,web
evt_002452,1001.0,2026-08-03T04:08:00+00:00,checkout_started,,web
evt_002453,1108.0,2026-07-29T21:22:00+00:00,view_product,,web
evt_002454,1202.0,2026-08-06T00:16:00+00:00,purchase,50700,android
evt_002455,1198.0,2026-07-01T22:29:00+00:00,view_product,,web
evt_002456,1038.0,2026-07-09T06:03:00+00:00,purchase,50402,ios
evt_002457,1138.0,2026-07-02T23:42:00+00:00,add_to_cart,,android
evt_002458,1185.0,2026-07-16T20:50:00+00:00,add_to_cart,,ios
evt_002459,1149.0,2026-08-04T09:02:00+00:00,view_product,,web
evt_002460,1146.0,2026-07-30T02:50:00+00:00,view_product,,web
evt_002461,1171.0,2026-07-27T18:02:00+00:00,view_product,,ios
evt_002462,1101.0,2026-08-02T05:44:00+00:00,add_to_cart,,ios
evt_002463,1015.0,2026-07-01T03:50:00+00:00,checkout_started,,ios
evt_002464,1142.0,2026-07-30T22:20:00+00:00,view_product,,ios
evt_002465,1139.0,2026-07-12T20:35:00+00:00,view_product,,web
evt_002466,1189.0,2026-07-27T06:07:00+00:00,add_to_cart,,ios
evt_002467,1205.0,2026-07-30T00:08:00+00:00,view_product,,ios
evt_002468,1075.0,2026-07-27T01:24:00+00:00,view_product,,android
evt_002469,1212.0,2026-07-16T20:51:00+00:00,view_product,,ios
evt_002470,1003.0,2026-07-24T05:46:00+00:00,add_to_cart,,web
evt_002471,1214.0,2026-07-18T19:32:00+00:00,view_product,,ios
evt_002472,1031.0,2026-07-24T21:01:00+00:00,checkout_started,,ios
evt_002473,1143.0,2026-07-18T10:25:00+00:00,view_product,,web
evt_002474,1151.0,2026-07-15T23:22:00+00:00,view_product,,web
evt_002475,1140.0,2026-07-08T16:20:00+00:00,add_to_cart,,web
evt_002476,1219.0,2026-07-15T17:21:00+00:00,purchase,51336,web
evt_002477,1123.0,2026-07-28T09:54:00+00:00,view_product,,ios
evt_002478,1030.0,2026-08-03T01:40:00+00:00,checkout_started,,web
evt_002479,1135.0,2026-07-04T21:56:00+00:00,add_to_cart,,ios
evt_002480,1065.0,2026-07-07T22:42:00+00:00,checkout_started,,web
evt_002481,1136.0,2026-07-20T06:36:00+00:00,view_product,,android
evt_002482,1085.0,2026-07-27T16:45:00+00:00,view_product,,ios
evt_002483,1010.0,2026-07-07T10:59:00+00:00,view_product,,ios
evt_002484,1141.0,2026-07-13T08:17:00+00:00,add_to_cart,,web
evt_002485,1020.0,2026-07-02T18:26:00+00:00,checkout_started,,android
evt_002486,1073.0,2026-07-02T23:57:00+00:00,view_product,,web
evt_002487,1137.0,2026-07-06T10:38:00+00:00,view_product,,android
evt_002488,1195.0,2026-07-28T17:00:00+00:00,view_product,,web
evt_002489,1070.0,2026-08-03T00:50:00+00:00,view_product,,web
evt_002490,1066.0,2026-07-19T22:57:00+00:00,checkout_started,,ios
evt_002491,1067.0,2026-07-07T16:38:00+00:00,view_product,,web
evt_002492,1128.0,2026-08-05T00:20:00+00:00,add_to_cart,,web
evt_002493,1043.0,2026-07-11T13:52:00+00:00,view_product,,web
evt_002494,1117.0,2026-07-06T21:04:00+00:00,checkout_started,,web
evt_002495,1178.0,2026-07-06T05:56:00+00:00,checkout_started,,android
evt_002496,1018.0,2026-07-14T09:59:00+00:00,view_product,,ios
evt_002497,1214.0,2026-07-28T22:49:00+00:00,add_to_cart,,web
evt_002498,1118.0,2026-07-16T02:09:00+00:00,checkout_started,,ios
evt_002499,1139.0,2026-07-17T22:14:00+00:00,purchase,51028,ios
evt_002500,1137.0,2026-07-13T22:19:00+00:00,view_product,,ios
evt_002501,1209.0,2026-08-05T20:35:00+00:00,view_product,,ios
evt_002502,1147.0,2026-07-26T23:26:00+00:00,view_product,,web
evt_002503,1196.0,2026-07-26T05:51:00+00:00,add_to_cart,,web
evt_002504,1064.0,2026-07-17T15:06:00+00:00,view_product,,ios
evt_002505,1049.0,2026-07-21T04:37:00+00:00,purchase,51229,ios
evt_002506,1143.0,2026-08-03T15:06:00+00:00,view_product,,ios
evt_002507,1034.0,2026-07-25T22:50:00+00:00,checkout_started,,web
evt_002508,1025.0,2026-07-31T22:09:00+00:00,view_product,,android
evt_002509,1047.0,2026-07-02T12:52:00+00:00,view_product,,web
evt_002510,1060.0,2026-08-02T15:56:00+00:00,view_product,,ios
evt_002511,1022.0,2026-08-06T03:00:00+00:00,add_to_cart,,web
evt_002512,1162.0,2026-07-26T09:18:00+00:00,checkout_started,,ios
evt_002513,1129.0,2026-08-06T08:15:00+00:00,view_product,,android
evt_002514,1045.0,2026-07-22T13:46:00+00:00,view_product,,web
evt_002515,1063.0,2026-07-11T11:50:00+00:00,purchase,50523,android
evt_002516,1206.0,2026-07-24T00:56:00+00:00,view_product,,ios
evt_002517,1202.0,2026-07-24T21:00:00+00:00,view_product,,web
evt_002518,1028.0,2026-07-06T11:53:00+00:00,checkout_started,,web
evt_002519,1136.0,2026-07-08T16:08:00+00:00,view_product,,ios
evt_002520,1072.0,2026-07-12T01:45:00+00:00,view_product,,web
evt_002521,1080.0,2026-07-21T19:17:00+00:00,view_product,,web
evt_002522,1133.0,2026-07-06T14:58:00+00:00,add_to_cart,,android
evt_002523,1218.0,2026-07-30T06:57:00+00:00,view_product,,ios
evt_002524,1129.0,2026-07-05T03:50:00+00:00,purchase,51252,ios
evt_002525,1211.0,2026-08-05T17:07:00+00:00,view_product,,ios
evt_002526,1182.0,2026-07-26T16:19:00+00:00,purchase,51523,web
evt_002527,1173.0,2026-07-13T21:21:00+00:00,view_product,,ios
evt_002528,1175.0,2026-07-15T03:45:00+00:00,view_product,,web
evt_002529,1175.0,2026-07-27T08:28:00+00:00,view_product,,web
evt_002530,1057.0,2026-07-04T08:58:00+00:00,view_product,,ios
evt_002531,1216.0,2026-07-28T05:22:00+00:00,view_product,,android
evt_002532,1203.0,2026-07-21T23:34:00+00:00,checkout_started,,web
evt_002533,1133.0,2026-07-09T09:41:00+00:00,checkout_started,,android
evt_002534,1158.0,2026-08-04T02:19:00+00:00,add_to_cart,,ios
evt_002535,1195.0,2026-07-24T21:40:00+00:00,view_product,,web
evt_002536,1034.0,2026-07-07T05:15:00+00:00,checkout_started,,web
evt_002537,1015.0,2026-07-25T21:44:00+00:00,view_product,,web
evt_002538,999999.0,2026-07-16T15:02:00+00:00,add_to_cart,,ios
evt_002539,1123.0,2026-07-30T00:50:00+00:00,add_to_cart,,web
evt_002540,1160.0,2026-07-19T16:48:00+00:00,view_product,,web
evt_002541,1112.0,2026-08-07T23:57:00+00:00,view_product,,web
evt_002542,1115.0,2026-08-05T05:43:00+00:00,purchase,50262,android
evt_002543,1009.0,2026-07-02T12:41:00+00:00,view_product,,web
evt_002544,1064.0,2026-07-16T14:47:00+00:00,add_to_cart,,web
evt_002545,1020.0,2026-07-08T16:30:00+00:00,purchase,50304,web
evt_002546,1096.0,2026-07-18T02:37:00+00:00,view_product,,web
evt_002547,1005.0,2026-07-06T12:18:00+00:00,view_product,,web
evt_002548,1178.0,2026-07-21T08:31:00+00:00,view_product,,ios
evt_002549,1065.0,2026-07-06T20:50:00+00:00,add_to_cart,,ios
evt_002550,1164.0,2026-07-24T16:18:00+00:00,view_product,,web
evt_002551,1012.0,2026-07-18T06:16:00+00:00,view_product,,android
evt_002552,1008.0,2026-08-07T17:37:00+00:00,view_product,,web
evt_002553,1094.0,2026-08-03T09:13:00+00:00,purchase,50903,android
evt_002554,1175.0,2026-07-23T19:23:00+00:00,checkout_started,,web
evt_002555,1180.0,2026-07-18T01:14:00+00:00,view_product,,android
evt_002556,1121.0,2026-07-28T04:52:00+00:00,purchase,51159,android
evt_002557,1136.0,2026-07-26T09:39:00+00:00,add_to_cart,,android
evt_002558,1153.0,2026-07-06T07:04:00+00:00,purchase,50001,web
evt_002559,1149.0,2026-07-15T07:22:00+00:00,view_product,,web
evt_002560,1164.0,2026-08-07T16:51:00+00:00,view_product,,android
evt_002561,1007.0,2026-07-13T03:31:00+00:00,checkout_started,,web
evt_002562,1095.0,2026-07-01T12:05:00+00:00,view_product,,web
evt_002563,1186.0,2026-08-01T16:49:00+00:00,view_product,,web
evt_002564,1098.0,2026-08-05T10:45:00+00:00,add_to_cart,,web
evt_002565,1033.0,2026-07-25T21:51:00+00:00,add_to_cart,,web
evt_002566,1148.0,2026-07-25T03:06:00+00:00,view_product,,web
evt_002567,1067.0,2026-07-14T08:00:00+00:00,view_product,,ios
evt_002568,1114.0,2026-07-14T15:45:00+00:00,view_product,,web
evt_002569,1115.0,2026-08-04T17:42:00+00:00,view_product,,web
evt_002570,1154.0,2026-08-02T14:32:00+00:00,view_product,,web
evt_002571,1206.0,2026-07-19T22:38:00+00:00,view_product,,android
evt_002572,1154.0,2026-07-12T21:33:00+00:00,add_to_cart,,web
evt_002573,999999.0,2026-07-08T03:42:00+00:00,view_product,,ios
evt_002574,1005.0,2026-07-01T09:56:00+00:00,view_product,,ios
evt_002575,1173.0,2026-07-19T08:41:00+00:00,add_to_cart,,ios
evt_002576,1093.0,2026-07-22T01:07:00+00:00,view_product,,web
evt_002577,1162.0,2026-07-26T15:19:00+00:00,view_product,,ios
evt_002578,1019.0,2026-07-31T14:14:00+00:00,view_product,,web
evt_002579,1117.0,2026-07-14T22:48:00+00:00,add_to_cart,,web
evt_002580,1007.0,2026-07-07T08:07:00+00:00,view_product,,web
evt_002581,1148.0,2026-08-02T01:31:00+00:00,view_product,,android
evt_002582,1048.0,2026-07-29T23:21:00+00:00,view_product,,web
evt_002583,1032.0,2026-07-21T06:13:00+00:00,checkout_started,,web
evt_002584,1018.0,2026-07-02T11:43:00+00:00,add_to_cart,,ios
evt_002585,1060.0,2026-07-18T18:36:00+00:00,purchase,50881,web
evt_002586,1213.0,2026-07-24T12:47:00+00:00,add_to_cart,,web
evt_002587,1218.0,2026-08-02T15:08:00+00:00,view_product,,android
evt_002588,1018.0,2026-07-20T07:27:00+00:00,view_product,,ios
evt_002589,1217.0,2026-07-18T14:10:00+00:00,view_product,,ios
evt_002590,1130.0,2026-07-15T10:32:00+00:00,view_product,,web
evt_002591,1072.0,2026-07-16T17:56:00+00:00,view_product,,web
evt_002592,1209.0,2026-07-01T14:55:00+00:00,view_product,,web
evt_002593,1054.0,2026-07-04T22:35:00+00:00,add_to_cart,,ios
evt_002594,1041.0,2026-07-29T17:42:00+00:00,add_to_cart,,web
evt_002595,1051.0,2026-07-14T18:35:00+00:00,view_product,,web
evt_002596,1033.0,2026-08-02T07:56:00+00:00,view_product,,web
evt_002597,1108.0,2026-07-16T02:06:00+00:00,view_product,,web
evt_002598,1032.0,2026-08-07T21:07:00+00:00,view_product,,web
evt_002599,1050.0,2026-07-07T20:43:00+00:00,view_product,,web
evt_002600,1083.0,2026-07-08T03:31:00+00:00,view_product,,web
evt_002601,1144.0,2026-07-23T08:05:00+00:00,view_product,,web
evt_002602,1190.0,2026-07-31T12:02:00+00:00,purchase,50204,web
evt_002603,1017.0,2026-07-06T11:11:00+00:00,view_product,,web
evt_002604,1140.0,2026-07-20T02:36:00+00:00,view_product,,web
evt_002605,1023.0,2026-07-09T12:00:00+00:00,view_product,,android
evt_002606,1219.0,2026-07-29T00:18:00+00:00,view_product,,web
evt_002607,1062.0,2026-07-22T07:42:00+00:00,view_product,,web
evt_002608,1190.0,2026-07-25T20:40:00+00:00,purchase,51566,web
evt_002609,1172.0,2026-07-11T05:18:00+00:00,view_product,,web
evt_002610,1072.0,2026-07-11T23:26:00+00:00,view_product,,web
evt_002611,1072.0,2026-07-25T07:22:00+00:00,purchase,51163,web
evt_002612,1071.0,2026-07-14T09:52:00+00:00,view_product,,web
evt_002613,1105.0,2026-07-27T05:44:00+00:00,view_product,,android
evt_002614,1098.0,2026-07-06T20:25:00+00:00,add_to_cart,,android
evt_002615,1146.0,2026-07-12T10:46:00+00:00,view_product,,web
evt_002616,1103.0,2026-07-04T20:43:00+00:00,purchase,51591,web
evt_002617,1175.0,2026-07-04T07:41:00+00:00,view_product,,android
evt_002618,1104.0,2026-07-10T23:20:00+00:00,add_to_cart,,web
evt_002619,1068.0,2026-07-19T14:22:00+00:00,view_product,,android
evt_002620,1073.0,2026-07-06T11:42:00+00:00,add_to_cart,,ios
evt_002621,1162.0,2026-07-04T12:43:00+00:00,checkout_started,,web
evt_002622,1032.0,2026-08-03T08:05:00+00:00,checkout_started,,web
evt_002623,1064.0,2026-07-20T13:53:00+00:00,checkout_started,,web
evt_002624,1069.0,2026-07-28T04:36:00+00:00,add_to_cart,,android
evt_002625,1143.0,2026-07-28T14:18:00+00:00,view_product,,web
evt_002626,1029.0,2026-07-04T20:39:00+00:00,view_product,,ios
evt_002627,1100.0,2026-07-24T13:44:00+00:00,view_product,,web
evt_002628,1150.0,2026-08-02T16:56:00+00:00,view_product,,android
evt_002629,1205.0,2026-07-18T00:49:00+00:00,view_product,,ios
evt_002630,1097.0,2026-08-02T18:09:00+00:00,add_to_cart,,web
evt_002631,1218.0,2026-08-05T22:37:00+00:00,add_to_cart,,web
evt_002632,1135.0,2026-07-21T18:19:00+00:00,purchase,50349,web
evt_002633,1172.0,2026-07-04T20:47:00+00:00,view_product,,android
evt_002634,1054.0,2026-07-24T11:07:00+00:00,add_to_cart,,ios
evt_002635,1203.0,2026-08-03T10:33:00+00:00,add_to_cart,,web
evt_002636,1058.0,2026-07-23T00:20:00+00:00,purchase,51270,android
evt_002637,1031.0,2026-07-31T09:43:00+00:00,add_to_cart,,web
evt_002638,1018.0,2026-07-21T08:14:00+00:00,view_product,,web
evt_002639,1145.0,2026-07-16T22:48:00+00:00,view_product,,android
evt_002640,1139.0,2026-08-05T22:22:00+00:00,purchase,50612,web
evt_002641,1044.0,2026-07-06T19:24:00+00:00,add_to_cart,,android
evt_002642,1195.0,2026-07-18T00:13:00+00:00,add_to_cart,,web
evt_002643,1062.0,2026-07-06T22:09:00+00:00,add_to_cart,,ios
evt_002644,1135.0,2026-07-25T21:06:00+00:00,add_to_cart,,web
evt_002645,1116.0,2026-08-05T00:41:00+00:00,add_to_cart,,web
evt_002646,1131.0,2026-08-07T21:58:00+00:00,purchase,50166,web
evt_002647,1164.0,2026-07-09T21:08:00+00:00,checkout_started,,ios
evt_002648,1205.0,2026-07-28T15:34:00+00:00,view_product,,web
evt_002649,1160.0,2026-08-03T05:11:00+00:00,view_product,,web
evt_002650,1201.0,2026-08-01T16:21:00+00:00,view_product,,web
evt_002651,1193.0,2026-07-20T03:00:00+00:00,view_product,,web
evt_002652,1080.0,2026-07-07T15:07:00+00:00,checkout_started,,web
evt_002653,1124.0,2026-07-18T13:06:00+00:00,checkout_started,,ios
evt_002654,1044.0,2026-07-30T11:43:00+00:00,view_product,,ios
evt_002655,1205.0,2026-07-24T12:59:00+00:00,view_product,,web
evt_002656,1214.0,2026-07-15T18:06:00+00:00,view_product,,web
evt_002657,1197.0,2026-07-09T04:06:00+00:00,checkout_started,,web
evt_002658,1165.0,2026-07-25T18:29:00+00:00,add_to_cart,,web
evt_002659,1188.0,2026-07-17T06:40:00+00:00,view_product,,android
evt_002660,1176.0,2026-07-18T22:32:00+00:00,view_product,,web
evt_002661,1051.0,2026-08-05T15:53:00+00:00,view_product,,android
evt_002662,1059.0,2026-07-01T08:19:00+00:00,view_product,,web
evt_002663,1118.0,2026-07-10T01:17:00+00:00,checkout_started,,ios
evt_002664,1093.0,2026-08-04T22:52:00+00:00,purchase,50769,ios
evt_002665,1163.0,2026-08-05T00:29:00+00:00,view_product,,ios
evt_002666,1163.0,2026-07-12T11:53:00+00:00,view_product,,ios
evt_002667,1216.0,2026-08-07T18:43:00+00:00,view_product,,web
evt_002668,1175.0,2026-07-09T00:57:00+00:00,view_product,,ios
evt_002669,1003.0,2026-07-02T23:20:00+00:00,view_product,,web
evt_002670,1076.0,2026-07-12T16:05:00+00:00,view_product,,web
evt_002671,1073.0,2026-07-21T04:37:00+00:00,view_product,,web
evt_002672,1141.0,2026-07-01T05:29:00+00:00,checkout_started,,web
evt_002673,1076.0,2026-07-07T12:41:00+00:00,view_product,,android
evt_002674,1217.0,2026-07-31T01:18:00+00:00,checkout_started,,web
evt_002675,1064.0,2026-07-24T15:00:00+00:00,view_product,,web
evt_002676,1097.0,2026-07-24T00:01:00+00:00,view_product,,web
evt_002677,1181.0,2026-08-07T14:27:00+00:00,view_product,,ios
evt_002678,1082.0,2026-07-09T16:17:00+00:00,view_product,,ios
evt_002679,1010.0,2026-08-04T01:57:00+00:00,view_product,,android
evt_002680,1074.0,2026-07-14T11:56:00+00:00,checkout_started,,web
evt_002681,1080.0,2026-08-05T03:27:00+00:00,checkout_started,,web
evt_002682,1136.0,2026-07-30T18:15:00+00:00,view_product,,web
evt_002683,1158.0,2026-07-09T02:34:00+00:00,view_product,,web
evt_002684,1122.0,2026-07-08T22:57:00+00:00,view_product,,ios
evt_002685,1090.0,2026-07-21T14:35:00+00:00,add_to_cart,,android
evt_002686,1112.0,2026-07-20T02:30:00+00:00,view_product,,web
evt_002687,1032.0,2026-07-09T22:09:00+00:00,view_product,,web
evt_002688,1041.0,2026-07-10T21:27:00+00:00,checkout_started,,ios
evt_002689,1135.0,2026-08-04T04:16:00+00:00,checkout_started,,web
evt_002690,1192.0,2026-07-29T15:22:00+00:00,add_to_cart,,ios
evt_002691,1116.0,2026-07-08T06:19:00+00:00,view_product,,web
evt_002692,1014.0,2026-07-28T13:25:00+00:00,view_product,,web
evt_002693,1217.0,2026-07-06T20:24:00+00:00,view_product,,web
evt_002694,1072.0,2026-07-17T21:50:00+00:00,add_to_cart,,web
evt_002695,1166.0,2026-07-01T11:05:00+00:00,add_to_cart,,ios
evt_002696,1199.0,2026-07-25T16:05:00+00:00,view_product,,web
evt_002697,1218.0,2026-07-07T21:56:00+00:00,checkout_started,,web
evt_002698,1026.0,2026-07-09T23:18:00+00:00,view_product,,android
evt_002699,1042.0,2026-07-08T05:03:00+00:00,add_to_cart,,web
evt_002700,1143.0,2026-07-07T23:16:00+00:00,view_product,,web
evt_002701,1169.0,2026-07-03T22:40:00+00:00,view_product,,android
evt_002702,1185.0,2026-07-22T01:40:00+00:00,view_product,,web
evt_002703,1122.0,2026-08-02T23:22:00+00:00,add_to_cart,,ios
evt_002704,1036.0,2026-07-12T10:59:00+00:00,view_product,,web
evt_002705,1158.0,2026-07-30T15:21:00+00:00,view_product,,android
evt_002706,1148.0,2026-07-21T15:44:00+00:00,add_to_cart,,web
evt_002707,1104.0,2026-07-10T16:05:00+00:00,add_to_cart,,web
evt_002708,1141.0,2026-07-03T08:15:00+00:00,add_to_cart,,android
evt_002709,1047.0,2026-07-30T18:19:00+00:00,add_to_cart,,web
evt_002710,1180.0,2026-07-01T20:53:00+00:00,add_to_cart,,web
evt_002711,1011.0,2026-07-17T01:00:00+00:00,add_to_cart,,web
evt_002712,1186.0,2026-07-02T07:14:00+00:00,view_product,,web
evt_002713,1186.0,2026-07-30T11:16:00+00:00,view_product,,web
evt_002714,1152.0,2026-08-07T14:43:00+00:00,view_product,,web
evt_002715,1181.0,2026-07-13T06:34:00+00:00,view_product,,web
evt_002716,1202.0,2026-07-12T22:00:00+00:00,view_product,,android
evt_002717,1036.0,2026-07-22T10:57:00+00:00,view_product,,ios
evt_002718,1121.0,2026-07-20T01:48:00+00:00,view_product,,android
evt_002719,1143.0,2026-07-15T12:01:00+00:00,add_to_cart,,web
evt_002720,1209.0,2026-07-14T21:40:00+00:00,add_to_cart,,web
evt_002721,1164.0,2026-07-08T03:09:00+00:00,view_product,,web
evt_002722,1132.0,2026-07-10T12:41:00+00:00,purchase,50751,web
evt_002723,1124.0,2026-07-23T06:05:00+00:00,view_product,,web
evt_002724,1032.0,2026-07-28T21:45:00+00:00,view_product,,android
evt_002725,1071.0,2026-07-29T12:45:00+00:00,view_product,,ios
evt_002726,1096.0,2026-07-20T15:01:00+00:00,view_product,,web
evt_002727,1195.0,2026-07-29T14:50:00+00:00,view_product,,web
evt_002728,1191.0,2026-07-23T11:55:00+00:00,checkout_started,,web
evt_002729,1142.0,2026-07-14T12:56:00+00:00,view_product,,web
evt_002730,1024.0,2026-07-14T10:15:00+00:00,view_product,,web
evt_002731,1160.0,2026-07-20T17:03:00+00:00,view_product,,android
evt_002732,1102.0,2026-07-12T16:35:00+00:00,view_product,,web
evt_002733,1145.0,2026-07-30T00:33:00+00:00,add_to_cart,,web
evt_002734,1096.0,2026-07-08T00:53:00+00:00,add_to_cart,,ios
evt_002735,1160.0,2026-07-03T01:42:00+00:00,add_to_cart,,android
evt_002736,1049.0,2026-07-19T15:55:00+00:00,view_product,,android
evt_002737,1033.0,2026-07-03T17:33:00+00:00,view_product,,web
evt_002738,1049.0,2026-07-08T06:43:00+00:00,view_product,,web
evt_002739,1204.0,2026-07-15T07:06:00+00:00,add_to_cart,,ios
evt_002740,1017.0,2026-07-01T03:48:00+00:00,view_product,,android
evt_002741,1064.0,2026-07-09T11:48:00+00:00,view_product,,android
evt_002742,1076.0,2026-07-21T16:49:00+00:00,view_product,,web
evt_002743,1185.0,2026-07-15T05:40:00+00:00,add_to_cart,,ios
evt_002744,1080.0,2026-08-04T01:28:00+00:00,view_product,,web
evt_002745,1198.0,2026-07-04T13:30:00+00:00,purchase,50801,web
evt_002746,1219.0,2026-07-28T08:23:00+00:00,view_product,,web
evt_002747,1144.0,2026-07-23T11:54:00+00:00,view_product,,web
evt_002748,1076.0,2026-07-25T11:33:00+00:00,view_product,,web
evt_002749,1133.0,2026-07-26T12:37:00+00:00,view_product,,web
evt_002750,1148.0,2026-07-02T23:45:00+00:00,view_product,,ios
evt_002751,1025.0,2026-07-31T02:09:00+00:00,add_to_cart,,ios
evt_002752,1185.0,2026-07-13T14:12:00+00:00,view_product,,web
evt_002753,1097.0,2026-07-25T17:16:00+00:00,view_product,,ios
evt_002754,1187.0,2026-07-12T04:05:00+00:00,view_product,,web
evt_002755,1136.0,2026-07-16T01:29:00+00:00,view_product,,web
evt_002756,1191.0,2026-07-27T14:25:00+00:00,purchase,51368,android
evt_002757,1019.0,2026-08-05T12:39:00+00:00,view_product,,web
evt_002758,1010.0,2026-08-03T08:42:00+00:00,add_to_cart,,web
evt_002759,1025.0,2026-07-28T14:24:00+00:00,view_product,,ios
evt_002760,1194.0,2026-07-21T11:08:00+00:00,view_product,,web
evt_002761,1220.0,2026-07-21T01:14:00+00:00,checkout_started,,web
evt_002762,999999.0,2026-08-06T16:38:00+00:00,view_product,,ios
evt_002763,1074.0,2026-07-08T20:38:00+00:00,checkout_started,,ios
evt_002764,1059.0,2026-08-06T06:07:00+00:00,view_product,,web
evt_002765,1078.0,2026-07-25T15:51:00+00:00,view_product,,android
evt_002766,1181.0,2026-07-24T09:54:00+00:00,checkout_started,,web
evt_002767,1056.0,2026-07-23T11:38:00+00:00,view_product,,web
evt_002768,1121.0,2026-07-31T20:58:00+00:00,purchase,50448,web
evt_002769,1143.0,2026-07-26T23:11:00+00:00,purchase,51022,web
evt_002770,1080.0,2026-07-04T14:29:00+00:00,view_product,,android
evt_002771,1105.0,2026-07-30T16:23:00+00:00,view_product,,ios
evt_002772,1148.0,2026-07-28T16:36:00+00:00,add_to_cart,,web
evt_002773,1175.0,2026-08-04T18:31:00+00:00,view_product,,web
evt_002774,1042.0,2026-08-05T14:03:00+00:00,add_to_cart,,web
evt_002775,1114.0,2026-08-06T01:32:00+00:00,view_product,,ios
evt_002776,1035.0,2026-07-02T15:00:00+00:00,view_product,,web
evt_002777,1004.0,2026-07-24T22:43:00+00:00,view_product,,android
evt_002778,1143.0,2026-08-05T12:11:00+00:00,add_to_cart,,web
evt_002779,1107.0,2026-08-06T16:57:00+00:00,add_to_cart,,web
evt_002780,1058.0,2026-07-21T20:57:00+00:00,view_product,,android
evt_002781,1013.0,2026-08-04T15:13:00+00:00,view_product,,android
evt_002782,1210.0,2026-08-03T10:57:00+00:00,view_product,,web
evt_002783,1183.0,2026-07-01T02:23:00+00:00,view_product,,web
evt_002784,1207.0,2026-08-03T15:06:00+00:00,view_product,,android
evt_002785,1026.0,2026-07-25T05:30:00+00:00,view_product,,ios
evt_002786,1004.0,2026-07-22T19:14:00+00:00,view_product,,ios
evt_002787,1048.0,2026-07-07T18:45:00+00:00,view_product,,ios
evt_002788,1023.0,2026-08-04T21:50:00+00:00,view_product,,android
evt_002789,1102.0,2026-07-12T05:12:00+00:00,add_to_cart,,web
evt_002790,1143.0,2026-07-16T21:03:00+00:00,view_product,,web
evt_002791,1044.0,2026-07-12T07:19:00+00:00,purchase,50319,web
evt_002792,1088.0,2026-08-06T20:18:00+00:00,view_product,,ios
evt_002793,1120.0,2026-07-19T08:36:00+00:00,view_product,,web
evt_002794,1071.0,2026-07-05T07:59:00+00:00,checkout_started,,web
evt_002795,1102.0,2026-07-01T09:54:00+00:00,view_product,,ios
evt_002796,1131.0,2026-08-07T05:55:00+00:00,add_to_cart,,web
evt_002797,1211.0,2026-07-09T23:02:00+00:00,view_product,,android
evt_002798,1069.0,2026-07-30T06:53:00+00:00,view_product,,web
evt_002799,1020.0,2026-07-02T02:33:00+00:00,add_to_cart,,ios
evt_002800,1192.0,2026-08-04T01:52:00+00:00,view_product,,web
evt_002801,1128.0,2026-07-25T17:18:00+00:00,view_product,,web
evt_002802,1105.0,2026-07-09T12:58:00+00:00,view_product,,web
evt_002803,1160.0,2026-08-03T19:01:00+00:00,view_product,,web
evt_002804,1217.0,2026-07-12T07:36:00+00:00,view_product,,android
evt_002805,1029.0,2026-08-07T21:58:00+00:00,add_to_cart,,ios
evt_002806,1191.0,2026-07-23T18:45:00+00:00,view_product,,web
evt_002807,1141.0,2026-07-18T01:05:00+00:00,purchase,51407,web
evt_002808,1130.0,2026-07-03T05:21:00+00:00,view_product,,android
evt_002809,1191.0,2026-07-10T21:14:00+00:00,view_product,,web
evt_002810,1068.0,2026-07-03T05:09:00+00:00,view_product,,android
evt_002811,1175.0,2026-08-02T10:01:00+00:00,add_to_cart,,web
evt_002812,1127.0,2026-07-04T19:21:00+00:00,add_to_cart,,web
evt_002813,1207.0,2026-07-05T07:12:00+00:00,view_product,,web
evt_002814,1104.0,2026-07-05T17:32:00+00:00,view_product,,web
evt_002815,1160.0,2026-08-07T00:30:00+00:00,add_to_cart,,android
evt_002816,1110.0,2026-08-06T21:09:00+00:00,view_product,,ios
evt_002817,1088.0,2026-07-28T03:55:00+00:00,view_product,,ios
evt_002818,1083.0,2026-07-03T19:15:00+00:00,add_to_cart,,ios
evt_002819,1204.0,2026-07-20T03:35:00+00:00,view_product,,ios
evt_002820,1186.0,2026-08-06T00:56:00+00:00,add_to_cart,,ios
evt_002821,1050.0,2026-07-04T16:08:00+00:00,add_to_cart,,ios
evt_002822,1192.0,2026-07-31T03:45:00+00:00,view_product,,android
evt_002823,1129.0,2026-07-01T16:35:00+00:00,view_product,,web
evt_002824,1024.0,2026-07-31T13:11:00+00:00,view_product,,web
evt_002825,1170.0,2026-07-21T16:36:00+00:00,add_to_cart,,web
evt_002826,1036.0,2026-08-03T17:45:00+00:00,view_product,,web
evt_002827,1193.0,2026-07-16T17:25:00+00:00,view_product,,web
evt_002828,1101.0,2026-07-30T20:12:00+00:00,view_product,,web
evt_002829,1203.0,2026-08-02T00:30:00+00:00,view_product,,web
evt_002830,1107.0,2026-07-13T08:18:00+00:00,view_product,,web
evt_002831,1019.0,2026-07-25T09:46:00+00:00,view_product,,android
evt_002832,1170.0,2026-07-18T12:20:00+00:00,view_product,,ios
evt_002833,1161.0,2026-07-17T09:53:00+00:00,view_product,,web
evt_002834,1067.0,2026-07-31T09:21:00+00:00,view_product,,android
evt_002835,1046.0,2026-07-09T14:07:00+00:00,view_product,,android
evt_002836,1191.0,2026-07-05T13:07:00+00:00,view_product,,android
evt_002837,1173.0,2026-07-19T06:08:00+00:00,view_product,,web
evt_002838,1066.0,2026-08-01T05:20:00+00:00,view_product,,web
evt_002839,1155.0,2026-07-07T04:39:00+00:00,view_product,,web
evt_002840,1054.0,2026-07-13T22:16:00+00:00,purchase,50733,ios
evt_002841,1041.0,2026-07-26T08:18:00+00:00,view_product,,ios
evt_002842,1147.0,2026-07-19T02:53:00+00:00,view_product,,ios
evt_002843,1185.0,2026-07-24T00:25:00+00:00,view_product,,ios
evt_002844,1204.0,2026-07-21T01:33:00+00:00,add_to_cart,,android
evt_002845,1103.0,2026-07-31T18:47:00+00:00,view_product,,web
evt_002846,1032.0,2026-08-03T06:14:00+00:00,purchase,51279,android
evt_002847,1121.0,2026-07-18T01:58:00+00:00,view_product,,android
evt_002848,1151.0,2026-07-17T09:37:00+00:00,view_product,,web
evt_002849,1215.0,2026-07-11T14:07:00+00:00,view_product,,android
evt_002850,1025.0,2026-07-17T20:41:00+00:00,add_to_cart,,web
evt_002851,1146.0,2026-08-01T18:47:00+00:00,view_product,,web
evt_002852,1114.0,2026-07-20T01:30:00+00:00,purchase,50431,android
evt_002853,1131.0,2026-07-27T06:11:00+00:00,checkout_started,,web
evt_002854,1021.0,2026-07-16T21:35:00+00:00,view_product,,web
evt_002855,1004.0,2026-07-27T20:31:00+00:00,view_product,,android
evt_002856,1135.0,2026-07-28T01:44:00+00:00,view_product,,web
evt_002857,1045.0,2026-07-21T01:36:00+00:00,view_product,,web
evt_002858,1136.0,2026-08-05T12:15:00+00:00,view_product,,web
evt_002859,1006.0,2026-08-03T06:53:00+00:00,view_product,,web
evt_002860,1178.0,2026-07-07T00:28:00+00:00,purchase,50501,web
evt_002861,1074.0,2026-07-09T15:44:00+00:00,view_product,,web
evt_002862,1100.0,2026-08-06T06:46:00+00:00,add_to_cart,,android
evt_002863,1077.0,2026-07-16T06:20:00+00:00,checkout_started,,web
evt_002864,1093.0,2026-07-12T19:04:00+00:00,view_product,,web
evt_002865,1118.0,2026-07-31T06:09:00+00:00,view_product,,web
evt_002866,1143.0,2026-07-23T21:09:00+00:00,view_product,,web
evt_002867,1153.0,2026-07-06T01:15:00+00:00,checkout_started,,ios
evt_002868,1219.0,2026-07-04T11:42:00+00:00,view_product,,web
evt_002869,1040.0,2026-07-31T16:59:00+00:00,checkout_started,,web
evt_002870,1193.0,2026-07-30T01:33:00+00:00,view_product,,web
evt_002871,1133.0,2026-07-14T09:34:00+00:00,view_product,,web
evt_002872,1069.0,2026-08-02T18:33:00+00:00,checkout_started,,web
evt_002873,1203.0,2026-07-05T18:27:00+00:00,view_product,,web
evt_002874,1157.0,2026-08-03T00:33:00+00:00,add_to_cart,,web
evt_002875,1041.0,2026-07-04T00:11:00+00:00,view_product,,web
evt_002876,1039.0,2026-07-25T04:05:00+00:00,view_product,,web
evt_002877,1146.0,2026-08-02T00:50:00+00:00,view_product,,android
evt_002878,1162.0,2026-07-24T12:48:00+00:00,view_product,,web
evt_002879,1011.0,2026-07-30T14:05:00+00:00,add_to_cart,,web
evt_002880,1139.0,2026-07-14T01:33:00+00:00,view_product,,ios
evt_002881,1118.0,2026-07-11T22:41:00+00:00,view_product,,web
evt_002882,1215.0,2026-07-11T02:31:00+00:00,view_product,,web
evt_002883,1164.0,2026-07-05T10:07:00+00:00,add_to_cart,,web
evt_002884,1201.0,2026-07-11T12:55:00+00:00,add_to_cart,,web
evt_002885,1008.0,2026-07-10T09:28:00+00:00,add_to_cart,,web
evt_002886,1169.0,2026-07-29T18:06:00+00:00,purchase,51573,web
evt_002887,1074.0,2026-07-09T02:14:00+00:00,view_product,,android
evt_002888,1123.0,2026-07-07T07:21:00+00:00,view_product,,ios
evt_002889,1195.0,2026-07-28T20:32:00+00:00,view_product,,web
evt_002890,1193.0,2026-07-21T10:31:00+00:00,view_product,,android
evt_002891,1050.0,2026-07-09T04:35:00+00:00,add_to_cart,,web
evt_002892,1054.0,2026-07-27T19:46:00+00:00,add_to_cart,,web
evt_002893,1160.0,2026-07-09T05:04:00+00:00,view_product,,web
evt_002894,1195.0,2026-07-30T20:26:00+00:00,checkout_started,,android
evt_002895,1136.0,2026-07-02T05:25:00+00:00,view_product,,web
evt_002896,1013.0,2026-07-23T10:12:00+00:00,add_to_cart,,android
evt_002897,1037.0,2026-07-23T16:20:00+00:00,view_product,,ios
evt_002898,1166.0,2026-07-15T04:01:00+00:00,add_to_cart,,web
evt_002899,1164.0,2026-07-27T04:20:00+00:00,view_product,,web
evt_002900,1199.0,2026-07-15T10:18:00+00:00,purchase,50313,web
evt_002901,1118.0,2026-07-25T19:58:00+00:00,purchase,50899,ios
evt_002902,1095.0,2026-07-09T11:52:00+00:00,view_product,,web
evt_002903,1025.0,2026-07-22T14:33:00+00:00,view_product,,web
evt_002904,1173.0,2026-07-29T17:42:00+00:00,add_to_cart,,web
evt_002905,1210.0,2026-08-06T17:03:00+00:00,view_product,,ios
evt_002906,1011.0,2026-07-14T16:35:00+00:00,view_product,,ios
evt_002907,1109.0,2026-07-18T23:08:00+00:00,view_product,,web
evt_002908,1079.0,2026-07-19T02:25:00+00:00,checkout_started,,web
evt_002909,1165.0,2026-08-02T16:26:00+00:00,view_product,,web
evt_002910,1169.0,2026-08-06T13:51:00+00:00,view_product,,web
evt_002911,1049.0,2026-07-25T13:09:00+00:00,checkout_started,,web
evt_002912,1211.0,2026-08-01T05:47:00+00:00,view_product,,ios
evt_002913,1031.0,2026-07-04T04:45:00+00:00,view_product,,web
evt_002914,1173.0,2026-07-29T20:27:00+00:00,purchase,50517,web
evt_002915,1164.0,2026-07-31T18:48:00+00:00,view_product,,web
evt_002916,1036.0,2026-07-28T03:59:00+00:00,view_product,,web
evt_002917,1149.0,2026-07-23T04:57:00+00:00,view_product,,web
evt_002918,1060.0,2026-08-04T04:24:00+00:00,checkout_started,,ios
evt_002919,1061.0,2026-07-25T20:00:00+00:00,view_product,,web
evt_002920,1020.0,2026-08-02T03:54:00+00:00,view_product,,web
evt_002921,1165.0,2026-07-07T20:22:00+00:00,view_product,,web
evt_002922,1179.0,2026-07-26T06:49:00+00:00,view_product,,ios
evt_002923,1112.0,2026-07-17T14:59:00+00:00,view_product,,android
evt_002924,1172.0,2026-08-02T23:53:00+00:00,view_product,,android
evt_002925,1078.0,2026-08-03T11:05:00+00:00,purchase,50625,android
evt_002926,1125.0,2026-08-02T01:42:00+00:00,add_to_cart,,android
evt_002927,1174.0,2026-07-09T04:28:00+00:00,checkout_started,,android
evt_002928,1096.0,2026-07-19T16:58:00+00:00,checkout_started,,web
evt_002929,1137.0,2026-07-01T00:06:00+00:00,purchase,51114,ios
evt_002930,1033.0,2026-08-07T05:25:00+00:00,add_to_cart,,ios
evt_002931,1113.0,2026-07-10T18:50:00+00:00,view_product,,web
evt_002932,1189.0,2026-07-24T17:28:00+00:00,checkout_started,,web
evt_002933,1171.0,2026-07-19T12:38:00+00:00,view_product,,android
evt_002934,1067.0,2026-08-04T09:01:00+00:00,view_product,,web
evt_002935,1121.0,2026-08-01T05:00:00+00:00,view_product,,web
evt_002936,1137.0,2026-07-30T12:33:00+00:00,view_product,,web
evt_002937,1208.0,2026-07-25T10:40:00+00:00,view_product,,web
evt_002938,1184.0,2026-07-05T12:52:00+00:00,add_to_cart,,web
evt_002939,1181.0,2026-08-04T22:11:00+00:00,view_product,,web
evt_002940,1167.0,2026-07-03T09:07:00+00:00,view_product,,web
evt_002941,1080.0,2026-07-18T07:28:00+00:00,view_product,,web
evt_002942,1084.0,2026-07-15T10:02:00+00:00,checkout_started,,web
evt_002943,1103.0,2026-07-15T20:25:00+00:00,view_product,,web
evt_002944,1095.0,2026-08-07T03:14:00+00:00,view_product,,web
evt_002945,1212.0,2026-07-09T19:03:00+00:00,add_to_cart,,web
evt_002946,1194.0,2026-07-23T00:55:00+00:00,checkout_started,,ios
evt_002947,1198.0,2026-07-09T06:52:00+00:00,view_product,,web
evt_002948,1135.0,2026-08-04T15:19:00+00:00,add_to_cart,,android
evt_002949,1043.0,2026-07-28T23:19:00+00:00,view_product,,ios
evt_002950,1032.0,2026-07-16T18:20:00+00:00,purchase,51252,web
evt_002951,1061.0,2026-07-04T01:17:00+00:00,view_product,,web
evt_002952,1144.0,2026-07-06T19:15:00+00:00,add_to_cart,,web
evt_002953,1081.0,2026-07-10T05:21:00+00:00,view_product,,web
evt_002954,1145.0,2026-07-16T10:32:00+00:00,add_to_cart,,android
evt_002955,1195.0,2026-08-03T15:56:00+00:00,view_product,,ios
evt_002956,1074.0,2026-07-05T13:03:00+00:00,view_product,,ios
evt_002957,1205.0,2026-07-22T22:09:00+00:00,add_to_cart,,ios
evt_002958,1114.0,2026-07-14T04:45:00+00:00,add_to_cart,,android
evt_002959,1178.0,2026-07-02T18:29:00+00:00,view_product,,android
evt_002960,1014.0,2026-07-24T12:49:00+00:00,checkout_started,,web
evt_002961,1061.0,2026-07-27T18:16:00+00:00,view_product,,web
evt_002962,1206.0,2026-08-06T11:02:00+00:00,view_product,,web
evt_002963,1197.0,2026-07-20T06:05:00+00:00,view_product,,web
evt_002964,1127.0,2026-07-13T08:45:00+00:00,view_product,,web
evt_002965,1008.0,2026-08-02T11:19:00+00:00,checkout_started,,web
evt_002966,1014.0,2026-07-10T09:35:00+00:00,view_product,,android
evt_002967,1094.0,2026-07-26T22:22:00+00:00,checkout_started,,web
evt_002968,1199.0,2026-08-05T20:22:00+00:00,view_product,,android
evt_002969,1084.0,2026-07-01T04:03:00+00:00,add_to_cart,,web
evt_002970,1196.0,2026-08-05T03:45:00+00:00,view_product,,web
evt_002971,1119.0,2026-07-08T19:38:00+00:00,add_to_cart,,android
evt_002972,1030.0,2026-07-19T07:11:00+00:00,checkout_started,,web
evt_002973,1124.0,2026-07-10T19:15:00+00:00,view_product,,ios
evt_002974,1081.0,2026-07-06T11:47:00+00:00,view_product,,android
evt_002975,1050.0,2026-07-27T16:26:00+00:00,add_to_cart,,web
evt_002976,1150.0,2026-07-19T07:45:00+00:00,add_to_cart,,web
evt_002977,1046.0,2026-07-20T08:29:00+00:00,view_product,,web
evt_002978,1201.0,2026-07-19T09:02:00+00:00,add_to_cart,,web
evt_002979,1178.0,2026-07-29T09:40:00+00:00,add_to_cart,,android
evt_002980,1173.0,2026-08-06T17:05:00+00:00,add_to_cart,,android
evt_002981,1017.0,2026-07-20T11:44:00+00:00,view_product,,web
evt_002982,1213.0,2026-07-06T21:54:00+00:00,view_product,,ios
evt_002983,1110.0,2026-07-13T10:34:00+00:00,purchase,50770,android
evt_002984,1162.0,2026-07-19T20:22:00+00:00,view_product,,web
evt_002985,1043.0,2026-07-04T22:32:00+00:00,view_product,,web
evt_002986,1170.0,2026-07-09T16:56:00+00:00,purchase,51021,android
evt_002987,1071.0,2026-07-08T16:47:00+00:00,view_product,,ios
evt_002988,1157.0,2026-08-06T23:20:00+00:00,view_product,,web
evt_002989,1062.0,2026-07-16T05:30:00+00:00,add_to_cart,,web
evt_002990,1207.0,2026-08-03T09:41:00+00:00,add_to_cart,,web
evt_002991,1157.0,2026-07-21T22:55:00+00:00,purchase,50071,ios
evt_002992,1100.0,2026-07-20T05:33:00+00:00,add_to_cart,,ios
evt_002993,1101.0,2026-08-05T16:02:00+00:00,view_product,,web
evt_002994,1001.0,2026-07-27T07:03:00+00:00,view_product,,android
evt_002995,1067.0,2026-07-10T02:37:00+00:00,view_product,,web
evt_002996,1175.0,2026-07-11T16:51:00+00:00,purchase,50375,ios
evt_002997,1184.0,2026-07-26T07:28:00+00:00,view_product,,ios
evt_002998,999999.0,2026-07-01T02:02:00+00:00,view_product,,web
evt_002999,1019.0,2026-07-06T19:07:00+00:00,view_product,,web
evt_003000,1056.0,2026-07-03T19:47:00+00:00,view_product,,web
evt_003001,1170.0,2026-07-28T02:56:00+00:00,view_product,,ios
evt_003002,1080.0,2026-07-17T18:30:00+00:00,add_to_cart,,ios
evt_003003,1055.0,2026-07-01T10:20:00+00:00,view_product,,web
evt_003004,1063.0,2026-07-29T04:23:00+00:00,purchase,51188,android
evt_003005,1203.0,2026-07-25T22:11:00+00:00,checkout_started,,android
evt_003006,1190.0,2026-07-28T07:23:00+00:00,view_product,,web
evt_003007,1002.0,2026-07-07T04:51:00+00:00,checkout_started,,web
evt_003008,1186.0,2026-08-03T05:56:00+00:00,view_product,,web
evt_003009,1124.0,2026-07-07T20:27:00+00:00,view_product,,web
evt_003010,1187.0,2026-07-22T16:37:00+00:00,view_product,,android
evt_003011,1138.0,2026-07-22T05:43:00+00:00,add_to_cart,,ios
evt_003012,1153.0,2026-07-09T07:28:00+00:00,add_to_cart,,web
evt_003013,1128.0,2026-07-15T06:22:00+00:00,view_product,,web
evt_003014,1163.0,2026-07-02T23:36:00+00:00,add_to_cart,,web
evt_003015,1181.0,2026-07-18T21:49:00+00:00,add_to_cart,,web
evt_003016,1113.0,2026-07-26T17:31:00+00:00,add_to_cart,,web
evt_003017,1025.0,2026-07-12T17:42:00+00:00,view_product,,android
evt_003018,1021.0,2026-07-21T10:26:00+00:00,add_to_cart,,ios
evt_003019,1092.0,2026-08-06T05:33:00+00:00,add_to_cart,,android
evt_003020,1105.0,2026-07-09T21:58:00+00:00,view_product,,web
evt_003021,1191.0,2026-07-12T01:04:00+00:00,add_to_cart,,web
evt_003022,1008.0,2026-07-05T13:26:00+00:00,view_product,,android
evt_003023,1197.0,2026-07-21T14:20:00+00:00,add_to_cart,,web
evt_003024,1013.0,2026-07-08T17:54:00+00:00,add_to_cart,,web
evt_003025,1111.0,2026-08-02T11:10:00+00:00,view_product,,android
evt_003026,1094.0,2026-07-12T01:20:00+00:00,view_product,,ios
evt_003027,1124.0,2026-07-26T05:43:00+00:00,add_to_cart,,android
evt_003028,1010.0,2026-07-08T04:33:00+00:00,checkout_started,,web
evt_003029,1169.0,2026-07-13T06:22:00+00:00,checkout_started,,ios
evt_003030,1030.0,2026-07-07T12:07:00+00:00,add_to_cart,,web
evt_003031,1173.0,2026-07-21T23:49:00+00:00,view_product,,web
evt_003032,1126.0,2026-07-02T01:19:00+00:00,view_product,,web
evt_003033,1197.0,2026-07-04T03:41:00+00:00,add_to_cart,,android
evt_003034,1217.0,2026-07-20T01:17:00+00:00,view_product,,web
evt_003035,1187.0,2026-07-21T17:39:00+00:00,add_to_cart,,ios
evt_003036,1100.0,2026-07-13T12:42:00+00:00,view_product,,android
evt_003037,1092.0,2026-07-17T09:25:00+00:00,view_product,,ios
evt_003038,1147.0,2026-07-16T19:50:00+00:00,view_product,,web
evt_003039,1144.0,2026-07-29T19:14:00+00:00,view_product,,ios
evt_003040,1175.0,2026-07-17T23:09:00+00:00,add_to_cart,,web
evt_003041,1107.0,2026-08-02T05:17:00+00:00,view_product,,web
evt_003042,1103.0,2026-07-09T05:55:00+00:00,add_to_cart,,web
evt_003043,1027.0,2026-07-08T14:03:00+00:00,view_product,,ios
evt_003044,1038.0,2026-07-16T08:11:00+00:00,add_to_cart,,ios
evt_003045,1182.0,2026-07-04T02:21:00+00:00,view_product,,android
evt_003046,1219.0,2026-07-26T12:00:00+00:00,view_product,,web
evt_003047,1133.0,2026-07-15T20:11:00+00:00,add_to_cart,,web
evt_003048,1077.0,2026-07-14T22:09:00+00:00,view_product,,web
evt_003049,1013.0,2026-07-21T07:08:00+00:00,view_product,,android
evt_003050,1010.0,2026-07-04T02:52:00+00:00,add_to_cart,,android
evt_003051,1150.0,2026-07-15T07:38:00+00:00,view_product,,android
evt_003052,1142.0,2026-08-06T22:39:00+00:00,checkout_started,,web
evt_003053,1063.0,2026-07-24T21:14:00+00:00,view_product,,web
evt_003054,1042.0,2026-07-22T19:27:00+00:00,view_product,,web
evt_003055,1016.0,2026-07-20T05:09:00+00:00,add_to_cart,,web
evt_003056,1151.0,2026-07-18T19:28:00+00:00,view_product,,web
evt_003057,1135.0,2026-08-05T14:12:00+00:00,purchase,51066,web
evt_003058,1074.0,2026-08-05T08:29:00+00:00,view_product,,web
evt_003059,1162.0,2026-07-16T13:21:00+00:00,view_product,,web
evt_003060,1187.0,2026-08-05T03:21:00+00:00,view_product,,android
evt_003061,1115.0,2026-07-04T03:14:00+00:00,view_product,,ios
evt_003062,1058.0,2026-07-13T03:34:00+00:00,view_product,,ios
evt_003063,1002.0,2026-07-12T11:21:00+00:00,view_product,,web
evt_003064,1176.0,2026-07-27T11:54:00+00:00,view_product,,ios
evt_003065,1128.0,2026-07-24T00:34:00+00:00,view_product,,web
evt_003066,1077.0,2026-07-18T23:01:00+00:00,view_product,,web
evt_003067,1002.0,2026-07-10T17:29:00+00:00,view_product,,web
evt_003068,1180.0,2026-07-20T06:15:00+00:00,view_product,,web
evt_003069,1205.0,2026-07-11T05:19:00+00:00,view_product,,android
evt_003070,1107.0,2026-07-19T21:42:00+00:00,view_product,,android
evt_003071,1060.0,2026-07-13T21:41:00+00:00,view_product,,web
evt_003072,1137.0,2026-08-03T18:25:00+00:00,view_product,,ios
evt_003073,1193.0,2026-07-29T08:28:00+00:00,view_product,,web
evt_003074,1130.0,2026-07-07T15:50:00+00:00,purchase,50072,web
evt_003075,1003.0,2026-08-05T17:24:00+00:00,view_product,,ios
evt_003076,1044.0,2026-07-26T00:48:00+00:00,view_product,,ios
evt_003077,1022.0,2026-07-14T07:32:00+00:00,add_to_cart,,ios
evt_003078,1091.0,2026-07-21T03:46:00+00:00,view_product,,web
evt_003079,1100.0,2026-07-08T10:17:00+00:00,view_product,,web
evt_003080,1119.0,2026-07-02T18:42:00+00:00,add_to_cart,,web
evt_003081,1168.0,2026-07-16T23:37:00+00:00,add_to_cart,,web
evt_003082,1025.0,2026-07-30T17:20:00+00:00,purchase,51426,web
evt_003083,1209.0,2026-07-14T08:52:00+00:00,purchase,50655,web
evt_003084,1059.0,2026-07-15T14:26:00+00:00,view_product,,web
evt_003085,1116.0,2026-08-07T14:54:00+00:00,add_to_cart,,web
evt_003086,1047.0,2026-08-07T12:22:00+00:00,view_product,,ios
evt_003087,1079.0,2026-07-18T15:02:00+00:00,checkout_started,,web
evt_003088,1185.0,2026-07-02T16:17:00+00:00,view_product,,web
evt_003089,1010.0,2026-07-26T19:30:00+00:00,view_product,,android
evt_003090,1107.0,2026-07-28T03:49:00+00:00,view_product,,android
evt_003091,1129.0,2026-08-04T17:22:00+00:00,view_product,,web
evt_003092,1126.0,2026-08-06T00:37:00+00:00,view_product,,web
evt_003093,1084.0,2026-07-24T21:42:00+00:00,add_to_cart,,web
evt_003094,1084.0,2026-07-05T01:42:00+00:00,view_product,,android
evt_003095,1201.0,2026-07-10T11:25:00+00:00,add_to_cart,,web
evt_003096,1054.0,2026-07-28T05:36:00+00:00,view_product,,web
evt_003097,1107.0,2026-07-24T01:57:00+00:00,view_product,,ios
evt_003098,1081.0,2026-07-17T13:36:00+00:00,view_product,,ios
evt_003099,1170.0,2026-07-16T06:30:00+00:00,view_product,,web
evt_003100,1179.0,2026-07-27T23:06:00+00:00,view_product,,web
evt_003101,1188.0,2026-07-17T01:10:00+00:00,view_product,,web
evt_003102,1019.0,2026-07-06T21:09:00+00:00,view_product,,web
evt_003103,1022.0,2026-08-07T05:08:00+00:00,add_to_cart,,web
evt_003104,1083.0,2026-07-14T06:38:00+00:00,view_product,,android
evt_003105,1098.0,2026-07-11T14:04:00+00:00,add_to_cart,,ios
evt_003106,1014.0,2026-07-03T15:12:00+00:00,add_to_cart,,ios
evt_003107,1198.0,2026-07-18T19:40:00+00:00,view_product,,ios
evt_003108,1199.0,2026-08-07T11:25:00+00:00,checkout_started,,web
evt_003109,1094.0,2026-07-07T01:47:00+00:00,add_to_cart,,web
evt_003110,1171.0,2026-07-10T07:10:00+00:00,add_to_cart,,ios
evt_003111,1125.0,2026-07-07T18:49:00+00:00,add_to_cart,,web
evt_003112,1146.0,2026-07-04T13:46:00+00:00,view_product,,web
evt_003113,1193.0,2026-07-23T22:22:00+00:00,purchase,50487,web
evt_003114,1021.0,2026-07-12T07:56:00+00:00,view_product,,ios
evt_003115,1052.0,2026-07-29T12:55:00+00:00,view_product,,ios
evt_003116,1095.0,2026-07-16T05:23:00+00:00,add_to_cart,,web
evt_003117,1198.0,2026-07-25T04:27:00+00:00,view_product,,web
evt_003118,1131.0,2026-07-04T09:31:00+00:00,view_product,,android
evt_003119,1088.0,2026-07-13T12:18:00+00:00,view_product,,web
evt_003120,1007.0,2026-07-16T17:36:00+00:00,view_product,,web
evt_003121,1132.0,2026-07-03T06:22:00+00:00,checkout_started,,ios
evt_003122,1060.0,2026-07-16T22:23:00+00:00,view_product,,ios
evt_003123,1073.0,2026-07-18T20:52:00+00:00,view_product,,web
evt_003124,999999.0,2026-07-16T08:18:00+00:00,add_to_cart,,web
evt_003125,1117.0,2026-07-20T03:53:00+00:00,add_to_cart,,android
evt_003126,1031.0,2026-07-31T07:04:00+00:00,checkout_started,,web
evt_003127,1011.0,2026-07-30T06:50:00+00:00,view_product,,android
evt_003128,1086.0,2026-07-01T12:51:00+00:00,checkout_started,,ios
evt_003129,1015.0,2026-07-25T07:56:00+00:00,view_product,,android
evt_003130,1095.0,2026-08-04T08:31:00+00:00,checkout_started,,web
evt_003131,1092.0,2026-08-03T02:35:00+00:00,view_product,,web
evt_003132,1195.0,2026-07-13T06:53:00+00:00,view_product,,web
evt_003133,1075.0,2026-07-30T18:04:00+00:00,view_product,,web
evt_003134,1062.0,2026-07-31T10:29:00+00:00,view_product,,web
evt_003135,1137.0,2026-07-14T21:40:00+00:00,view_product,,web
evt_003136,1142.0,2026-08-03T00:39:00+00:00,view_product,,web
evt_003137,1009.0,2026-07-25T00:35:00+00:00,add_to_cart,,ios
evt_003138,1019.0,2026-07-29T13:00:00+00:00,view_product,,web
evt_003139,1038.0,2026-07-29T09:31:00+00:00,view_product,,web
evt_003140,1172.0,2026-07-30T16:35:00+00:00,view_product,,web
evt_003141,1047.0,2026-08-06T08:40:00+00:00,checkout_started,,ios
evt_003142,1220.0,2026-08-02T13:58:00+00:00,view_product,,web
evt_003143,1098.0,2026-07-17T01:11:00+00:00,view_product,,ios
evt_003144,1207.0,2026-07-22T08:35:00+00:00,purchase,50740,web
evt_003145,1055.0,2026-07-25T15:13:00+00:00,add_to_cart,,web
evt_003146,1094.0,2026-08-02T13:10:00+00:00,view_product,,ios
evt_003147,1031.0,2026-07-15T22:06:00+00:00,add_to_cart,,web
evt_003148,1187.0,2026-07-12T21:25:00+00:00,purchase,50632,ios
evt_003149,1133.0,2026-07-29T00:53:00+00:00,view_product,,android
evt_003150,1017.0,2026-08-06T06:12:00+00:00,add_to_cart,,web
evt_003151,1165.0,2026-08-04T15:44:00+00:00,view_product,,web
evt_003152,1197.0,2026-07-06T14:56:00+00:00,add_to_cart,,android
evt_003153,1152.0,2026-08-04T22:20:00+00:00,add_to_cart,,android
evt_003154,1179.0,2026-07-30T23:44:00+00:00,purchase,50805,ios
evt_003155,1062.0,2026-07-06T23:15:00+00:00,add_to_cart,,web
evt_003156,1096.0,2026-07-01T05:58:00+00:00,view_product,,web
evt_003157,1189.0,2026-07-08T18:08:00+00:00,view_product,,android
evt_003158,1135.0,2026-08-05T07:38:00+00:00,checkout_started,,ios
evt_003159,1136.0,2026-07-29T16:29:00+00:00,view_product,,web
evt_003160,1170.0,2026-07-22T20:40:00+00:00,view_product,,web
evt_003161,1136.0,2026-07-24T23:28:00+00:00,add_to_cart,,android
evt_003162,1028.0,2026-07-16T16:56:00+00:00,view_product,,web
evt_003163,1048.0,2026-08-04T09:27:00+00:00,view_product,,android
evt_003164,1173.0,2026-07-06T22:28:00+00:00,view_product,,web
evt_003165,1054.0,2026-07-12T22:11:00+00:00,view_product,,web
evt_003166,1148.0,2026-07-08T14:56:00+00:00,add_to_cart,,web
evt_003167,1105.0,2026-08-02T05:23:00+00:00,view_product,,web
evt_003168,1138.0,2026-07-21T12:31:00+00:00,view_product,,web
evt_003169,1053.0,2026-07-26T23:36:00+00:00,add_to_cart,,web
evt_003170,1069.0,2026-08-04T22:31:00+00:00,view_product,,web
evt_003171,1153.0,2026-07-08T10:15:00+00:00,add_to_cart,,web
evt_003172,1038.0,2026-08-06T15:33:00+00:00,view_product,,android
evt_003173,1069.0,2026-07-05T19:21:00+00:00,view_product,,web
evt_003174,999999.0,2026-07-29T15:54:00+00:00,view_product,,web
evt_003175,1034.0,2026-07-27T16:53:00+00:00,add_to_cart,,ios
evt_003176,1128.0,2026-08-01T08:46:00+00:00,purchase,50263,web
evt_003177,1034.0,2026-07-07T00:31:00+00:00,view_product,,web
evt_003178,1157.0,2026-08-06T11:26:00+00:00,view_product,,android
evt_003179,1029.0,2026-07-31T04:25:00+00:00,view_product,,ios
evt_003180,1127.0,2026-07-05T04:53:00+00:00,view_product,,web
evt_003181,1098.0,2026-07-22T04:04:00+00:00,view_product,,android
evt_003182,1153.0,2026-08-01T01:21:00+00:00,checkout_started,,android
evt_003183,1001.0,2026-07-19T02:54:00+00:00,add_to_cart,,android
evt_003184,1115.0,2026-07-15T11:23:00+00:00,view_product,,web
evt_003185,1120.0,2026-07-11T11:16:00+00:00,view_product,,ios
evt_003186,1054.0,2026-07-20T14:32:00+00:00,view_product,,web
evt_003187,1066.0,2026-08-07T09:16:00+00:00,view_product,,web
evt_003188,1157.0,2026-07-24T02:03:00+00:00,view_product,,web
evt_003189,1123.0,2026-07-28T10:36:00+00:00,checkout_started,,android
evt_003190,1128.0,2026-07-30T15:01:00+00:00,view_product,,web
evt_003191,1207.0,2026-07-30T13:35:00+00:00,view_product,,android
evt_003192,1090.0,2026-07-16T05:12:00+00:00,view_product,,android
evt_003193,1193.0,2026-07-30T05:03:00+00:00,view_product,,web
evt_003194,1216.0,2026-07-13T11:10:00+00:00,purchase,50223,web
evt_003195,1128.0,2026-07-23T04:37:00+00:00,add_to_cart,,android
evt_003196,1047.0,2026-07-12T11:50:00+00:00,checkout_started,,web
evt_003197,1093.0,2026-08-05T17:00:00+00:00,checkout_started,,ios
evt_003198,1011.0,2026-07-28T17:53:00+00:00,view_product,,web
evt_003199,1155.0,2026-07-23T04:26:00+00:00,add_to_cart,,web
evt_003200,1061.0,2026-07-18T03:46:00+00:00,add_to_cart,,web
evt_003201,1205.0,2026-07-20T18:16:00+00:00,view_product,,web
evt_003202,1145.0,2026-07-30T15:16:00+00:00,view_product,,android
evt_003203,1109.0,2026-07-11T09:37:00+00:00,add_to_cart,,web
evt_003204,1042.0,2026-08-01T11:33:00+00:00,checkout_started,,web
evt_003205,1022.0,2026-07-11T16:56:00+00:00,view_product,,ios
evt_003206,1149.0,2026-07-06T09:09:00+00:00,checkout_started,,android
evt_003207,1170.0,2026-07-29T00:02:00+00:00,purchase,51584,web
evt_003208,1059.0,2026-07-27T22:00:00+00:00,purchase,51197,ios
evt_003209,1003.0,2026-07-13T17:18:00+00:00,view_product,,web
evt_003210,1071.0,2026-07-25T15:40:00+00:00,view_product,,android
evt_003211,1169.0,2026-07-28T16:35:00+00:00,add_to_cart,,ios
evt_003212,1129.0,2026-07-30T22:30:00+00:00,view_product,,android
evt_003213,1019.0,2026-08-06T04:52:00+00:00,view_product,,ios
evt_003214,1026.0,2026-08-02T11:10:00+00:00,add_to_cart,,android
evt_003215,1024.0,2026-07-17T16:38:00+00:00,view_product,,web
evt_003216,1168.0,2026-07-09T17:58:00+00:00,view_product,,ios
evt_003217,1173.0,2026-07-04T16:45:00+00:00,purchase,50578,ios
evt_003218,1091.0,2026-07-22T19:18:00+00:00,view_product,,web
evt_003219,1153.0,2026-07-26T07:53:00+00:00,checkout_started,,android
evt_003220,1005.0,2026-07-27T06:05:00+00:00,view_product,,ios
evt_003221,1125.0,2026-07-01T08:41:00+00:00,view_product,,android
evt_003222,1061.0,2026-07-27T15:38:00+00:00,view_product,,web
evt_003223,1182.0,2026-07-30T21:44:00+00:00,view_product,,android
evt_003224,1109.0,2026-07-28T10:14:00+00:00,view_product,,web
evt_003225,1189.0,2026-07-20T23:23:00+00:00,checkout_started,,android
evt_003226,1125.0,2026-07-01T13:50:00+00:00,checkout_started,,web
evt_003227,1102.0,2026-07-19T14:38:00+00:00,view_product,,ios
evt_003228,1210.0,2026-07-25T12:00:00+00:00,view_product,,web
evt_003229,999999.0,2026-07-22T15:19:00+00:00,add_to_cart,,ios
evt_003230,1101.0,2026-07-22T20:01:00+00:00,view_product,,web
evt_003231,1080.0,2026-07-20T14:57:00+00:00,view_product,,android
evt_003232,1143.0,2026-07-21T23:26:00+00:00,view_product,,android
evt_003233,1038.0,2026-07-13T07:17:00+00:00,view_product,,web
evt_003234,1086.0,2026-07-23T23:43:00+00:00,view_product,,android
evt_003235,1187.0,2026-07-11T16:44:00+00:00,view_product,,ios
evt_003236,1199.0,2026-07-19T16:13:00+00:00,add_to_cart,,web
evt_003237,1092.0,2026-07-16T18:45:00+00:00,view_product,,web
evt_003238,1087.0,2026-07-28T03:21:00+00:00,view_product,,web
evt_003239,1194.0,2026-08-04T00:09:00+00:00,view_product,,web
evt_003240,1045.0,2026-07-25T01:32:00+00:00,view_product,,web
evt_003241,1014.0,2026-07-06T03:27:00+00:00,checkout_started,,web
evt_003242,1017.0,2026-07-26T08:45:00+00:00,add_to_cart,,web
evt_003243,1025.0,2026-07-13T08:11:00+00:00,checkout_started,,android
evt_003244,1195.0,2026-07-02T21:08:00+00:00,view_product,,web
evt_003245,1009.0,2026-07-08T07:22:00+00:00,view_product,,android
evt_003246,1074.0,2026-08-07T23:25:00+00:00,view_product,,android
evt_003247,1134.0,2026-07-17T05:32:00+00:00,view_product,,ios
evt_003248,1135.0,2026-07-08T15:58:00+00:00,view_product,,web
evt_003249,1184.0,2026-07-06T01:45:00+00:00,view_product,,web
evt_003250,1217.0,2026-07-25T17:06:00+00:00,view_product,,android
evt_003251,1089.0,2026-07-29T21:50:00+00:00,view_product,,ios
evt_003252,1052.0,2026-07-14T10:03:00+00:00,view_product,,android
evt_003253,1021.0,2026-07-04T22:21:00+00:00,view_product,,web
evt_003254,1198.0,2026-07-14T11:27:00+00:00,view_product,,web
evt_003255,1083.0,2026-07-26T06:43:00+00:00,purchase,51359,web
evt_003256,1199.0,2026-07-05T07:57:00+00:00,view_product,,ios
evt_003257,1077.0,2026-07-11T04:09:00+00:00,view_product,,ios
evt_003258,1168.0,2026-07-01T01:49:00+00:00,view_product,,web
evt_003259,1143.0,2026-07-18T22:38:00+00:00,view_product,,web
evt_003260,1158.0,2026-07-07T11:31:00+00:00,add_to_cart,,web
evt_003261,1145.0,2026-07-08T14:23:00+00:00,view_product,,web
evt_003262,1068.0,2026-07-05T07:03:00+00:00,purchase,51273,web
evt_003263,1023.0,2026-07-28T17:57:00+00:00,checkout_started,,web
evt_003264,1003.0,2026-07-19T14:25:00+00:00,view_product,,web
evt_003265,1093.0,2026-08-06T00:49:00+00:00,purchase,51117,ios
evt_003266,1198.0,2026-07-16T00:16:00+00:00,add_to_cart,,android
evt_003267,1142.0,2026-07-09T10:13:00+00:00,purchase,51155,web
evt_003268,1150.0,2026-07-08T18:07:00+00:00,view_product,,web
evt_003269,1058.0,2026-08-06T05:16:00+00:00,purchase,51522,ios
evt_003270,1108.0,2026-07-23T09:49:00+00:00,view_product,,web
evt_003271,1090.0,2026-07-13T08:38:00+00:00,view_product,,web
evt_003272,1031.0,2026-07-25T20:35:00+00:00,purchase,51335,web
evt_003273,1136.0,2026-07-22T04:45:00+00:00,view_product,,android
evt_003274,1081.0,2026-07-05T08:41:00+00:00,view_product,,web
evt_003275,1090.0,2026-07-27T15:51:00+00:00,view_product,,android
evt_003276,1132.0,2026-07-05T12:41:00+00:00,view_product,,web
evt_003277,1007.0,2026-07-08T13:43:00+00:00,view_product,,web
evt_003278,1207.0,2026-07-28T02:33:00+00:00,view_product,,web
evt_003279,1050.0,2026-07-17T21:37:00+00:00,view_product,,ios
evt_003280,1151.0,2026-07-09T10:37:00+00:00,add_to_cart,,web
evt_003281,1172.0,2026-07-03T13:51:00+00:00,view_product,,ios
evt_003282,1035.0,2026-07-23T13:24:00+00:00,checkout_started,,android
evt_003283,1055.0,2026-07-27T11:42:00+00:00,view_product,,web
evt_003284,1092.0,2026-07-08T17:11:00+00:00,add_to_cart,,web
evt_003285,1181.0,2026-07-16T19:57:00+00:00,add_to_cart,,ios
evt_003286,1141.0,2026-07-14T01:57:00+00:00,checkout_started,,web
evt_003287,1104.0,2026-08-03T21:10:00+00:00,view_product,,ios
evt_003288,1188.0,2026-07-31T01:18:00+00:00,view_product,,android
evt_003289,1105.0,2026-07-11T09:52:00+00:00,checkout_started,,web
evt_003290,1196.0,2026-07-20T12:21:00+00:00,add_to_cart,,web
evt_003291,1171.0,2026-08-05T02:19:00+00:00,view_product,,web
evt_003292,1039.0,2026-07-14T03:18:00+00:00,view_product,,web
evt_003293,1085.0,2026-07-06T08:37:00+00:00,add_to_cart,,web
evt_003294,1006.0,2026-07-12T08:04:00+00:00,view_product,,web
evt_003295,1053.0,2026-07-24T01:33:00+00:00,add_to_cart,,web
evt_003296,1005.0,2026-08-07T16:58:00+00:00,checkout_started,,web
evt_003297,1024.0,2026-07-12T16:43:00+00:00,view_product,,ios
evt_003298,1001.0,2026-07-03T05:24:00+00:00,view_product,,web
evt_003299,1149.0,2026-07-07T21:47:00+00:00,view_product,,web
evt_003300,1091.0,2026-07-16T16:14:00+00:00,view_product,,android
evt_003301,1104.0,2026-07-04T13:40:00+00:00,view_product,,web
evt_003302,1169.0,2026-07-02T07:54:00+00:00,add_to_cart,,web
evt_003303,1179.0,2026-07-25T21:56:00+00:00,view_product,,android
evt_003304,1118.0,2026-08-01T07:49:00+00:00,checkout_started,,web
evt_003305,1102.0,2026-07-09T20:38:00+00:00,add_to_cart,,android
evt_003306,1144.0,2026-07-20T20:37:00+00:00,add_to_cart,,ios
evt_003307,1092.0,2026-07-22T18:24:00+00:00,view_product,,web
evt_003308,1098.0,2026-07-26T08:51:00+00:00,view_product,,web
evt_003309,1067.0,2026-08-07T05:13:00+00:00,add_to_cart,,web
evt_003310,1042.0,2026-08-03T15:19:00+00:00,view_product,,android
evt_003311,1045.0,2026-07-13T00:09:00+00:00,view_product,,web
evt_003312,1145.0,2026-08-07T01:49:00+00:00,view_product,,ios
evt_003313,1184.0,2026-07-02T07:52:00+00:00,view_product,,android
evt_003314,1094.0,2026-08-06T13:12:00+00:00,add_to_cart,,ios
evt_003315,1022.0,2026-07-06T10:15:00+00:00,view_product,,web
evt_003316,1135.0,2026-07-05T07:57:00+00:00,view_product,,ios
evt_003317,1200.0,2026-07-05T12:49:00+00:00,view_product,,ios
evt_003318,1117.0,2026-07-05T15:16:00+00:00,view_product,,web
evt_003319,1006.0,2026-07-18T14:30:00+00:00,view_product,,android
evt_003320,1019.0,2026-07-25T07:49:00+00:00,checkout_started,,web
evt_003321,1116.0,2026-07-29T07:07:00+00:00,checkout_started,,android
evt_003322,1191.0,2026-07-01T14:29:00+00:00,purchase,50413,web
evt_003323,1013.0,2026-07-12T06:21:00+00:00,view_product,,web
evt_003324,1167.0,2026-07-06T00:41:00+00:00,view_product,,ios
evt_003325,1173.0,2026-07-06T13:00:00+00:00,view_product,,web
evt_003326,1012.0,2026-07-29T08:43:00+00:00,add_to_cart,,web
evt_003327,1047.0,2026-07-25T08:22:00+00:00,add_to_cart,,web
evt_003328,1001.0,2026-07-08T23:28:00+00:00,add_to_cart,,android
evt_003329,1126.0,2026-07-12T10:40:00+00:00,view_product,,web
evt_003330,1039.0,2026-08-05T03:32:00+00:00,view_product,,ios
evt_003331,1203.0,2026-07-22T20:33:00+00:00,purchase,51163,ios
evt_003332,1021.0,2026-07-10T01:48:00+00:00,view_product,,web
evt_003333,1144.0,2026-08-05T11:36:00+00:00,add_to_cart,,web
evt_003334,1174.0,2026-07-08T13:08:00+00:00,add_to_cart,,web
evt_003335,1040.0,2026-07-12T01:42:00+00:00,view_product,,android
evt_003336,1056.0,2026-07-27T07:48:00+00:00,purchase,50258,android
evt_003337,1177.0,2026-07-20T11:23:00+00:00,checkout_started,,android
evt_003338,1021.0,2026-07-03T15:09:00+00:00,add_to_cart,,ios
evt_003339,1098.0,2026-07-31T15:48:00+00:00,view_product,,android
evt_003340,1056.0,2026-07-09T16:05:00+00:00,view_product,,android
evt_003341,1003.0,2026-07-27T06:50:00+00:00,add_to_cart,,web
evt_003342,1100.0,2026-07-13T16:57:00+00:00,view_product,,android
evt_003343,1108.0,2026-07-29T13:20:00+00:00,view_product,,web
evt_003344,1077.0,2026-08-04T03:04:00+00:00,view_product,,web
evt_003345,1180.0,2026-07-30T08:34:00+00:00,view_product,,web
evt_003346,1022.0,2026-08-05T00:07:00+00:00,add_to_cart,,web
evt_003347,1096.0,2026-07-21T12:24:00+00:00,view_product,,web
evt_003348,1040.0,2026-07-03T11:19:00+00:00,view_product,,web
evt_003349,1168.0,2026-07-21T08:53:00+00:00,view_product,,web
evt_003350,1124.0,2026-07-18T12:39:00+00:00,view_product,,android
evt_003351,1156.0,2026-07-28T07:37:00+00:00,view_product,,web
evt_003352,1024.0,2026-07-10T10:48:00+00:00,view_product,,web
evt_003353,1101.0,2026-07-27T12:15:00+00:00,view_product,,ios
evt_003354,1012.0,2026-07-17T18:47:00+00:00,view_product,,ios
evt_003355,1072.0,2026-07-26T11:05:00+00:00,add_to_cart,,android
evt_003356,1209.0,2026-07-16T22:49:00+00:00,view_product,,web
evt_003357,1161.0,2026-07-15T12:30:00+00:00,view_product,,web
evt_003358,1018.0,2026-07-09T03:24:00+00:00,view_product,,android
evt_003359,1082.0,2026-08-01T11:37:00+00:00,add_to_cart,,web
evt_003360,1193.0,2026-07-03T14:37:00+00:00,view_product,,ios
evt_003361,1038.0,2026-07-09T23:25:00+00:00,view_product,,web
evt_003362,1168.0,2026-07-17T05:07:00+00:00,add_to_cart,,web
evt_003363,1071.0,2026-07-06T22:01:00+00:00,add_to_cart,,android
evt_003364,1106.0,2026-08-04T20:03:00+00:00,view_product,,web
evt_003365,1194.0,2026-07-14T02:47:00+00:00,view_product,,web
evt_003366,1149.0,2026-07-10T05:04:00+00:00,add_to_cart,,ios
evt_003367,1063.0,2026-07-10T15:29:00+00:00,view_product,,web
evt_003368,1002.0,2026-07-08T06:48:00+00:00,checkout_started,,web
evt_003369,1052.0,2026-07-26T04:49:00+00:00,view_product,,web
evt_003370,1093.0,2026-07-19T06:55:00+00:00,add_to_cart,,web
evt_003371,1030.0,2026-07-09T18:41:00+00:00,checkout_started,,ios
evt_003372,1195.0,2026-08-03T04:27:00+00:00,purchase,50805,web
evt_003373,1013.0,2026-07-25T22:43:00+00:00,view_product,,web
evt_003374,1120.0,2026-07-16T07:26:00+00:00,add_to_cart,,web
evt_003375,1216.0,2026-07-20T12:03:00+00:00,view_product,,android
evt_003376,1075.0,2026-07-25T22:28:00+00:00,view_product,,web
evt_003377,1119.0,2026-07-06T19:02:00+00:00,checkout_started,,android
evt_003378,1017.0,2026-07-31T17:14:00+00:00,view_product,,web
evt_003379,1162.0,2026-07-10T19:39:00+00:00,checkout_started,,web
evt_003380,1217.0,2026-07-02T02:59:00+00:00,view_product,,ios
evt_003381,1171.0,2026-07-20T19:48:00+00:00,view_product,,web
evt_003382,1034.0,2026-08-03T07:17:00+00:00,view_product,,ios
evt_003383,1078.0,2026-07-28T20:35:00+00:00,view_product,,android
evt_003384,1160.0,2026-07-12T17:19:00+00:00,view_product,,android
evt_003385,1177.0,2026-07-16T03:12:00+00:00,view_product,,web
evt_003386,1090.0,2026-07-23T15:30:00+00:00,purchase,50108,ios
evt_003387,1213.0,2026-07-09T20:20:00+00:00,add_to_cart,,web
evt_003388,1045.0,2026-08-01T03:54:00+00:00,add_to_cart,,ios
evt_003389,1164.0,2026-07-12T05:06:00+00:00,view_product,,web
evt_003390,1110.0,2026-07-09T05:36:00+00:00,view_product,,web
evt_003391,1158.0,2026-07-04T14:44:00+00:00,add_to_cart,,web
evt_003392,1132.0,2026-07-27T08:15:00+00:00,view_product,,web
evt_003393,1096.0,2026-07-01T22:56:00+00:00,view_product,,ios
evt_003394,1181.0,2026-07-31T14:35:00+00:00,purchase,50272,web
evt_003395,1186.0,2026-08-06T23:29:00+00:00,view_product,,web
evt_003396,1181.0,2026-07-05T05:20:00+00:00,checkout_started,,ios
evt_003397,1020.0,2026-07-04T15:55:00+00:00,view_product,,web
evt_003398,1094.0,2026-08-05T12:16:00+00:00,view_product,,android
evt_003399,1166.0,2026-07-05T17:53:00+00:00,view_product,,web
evt_003400,1192.0,2026-07-16T11:45:00+00:00,purchase,51155,web
evt_003401,1081.0,2026-08-03T02:19:00+00:00,view_product,,web
evt_003402,1164.0,2026-07-06T06:45:00+00:00,add_to_cart,,web
evt_003403,1126.0,2026-07-26T05:07:00+00:00,view_product,,web
evt_003404,1049.0,2026-07-15T12:56:00+00:00,checkout_started,,ios
evt_003405,1198.0,2026-07-17T13:41:00+00:00,view_product,,web
evt_003406,1099.0,2026-08-05T09:07:00+00:00,view_product,,android
evt_003407,1134.0,2026-07-25T15:54:00+00:00,add_to_cart,,web
evt_003408,1064.0,2026-07-13T03:19:00+00:00,add_to_cart,,ios
evt_003409,1006.0,2026-08-05T12:42:00+00:00,add_to_cart,,web
evt_003410,1101.0,2026-07-23T01:39:00+00:00,view_product,,web
evt_003411,1160.0,2026-07-04T18:37:00+00:00,checkout_started,,web
evt_003412,1073.0,2026-07-15T22:04:00+00:00,view_product,,web
evt_003413,1206.0,2026-07-10T06:15:00+00:00,purchase,50595,web
evt_003414,1166.0,2026-07-25T09:54:00+00:00,view_product,,web
evt_003415,1142.0,2026-08-02T16:35:00+00:00,view_product,,web
evt_003416,1179.0,2026-07-02T11:39:00+00:00,view_product,,android
evt_003417,1191.0,2026-07-30T15:56:00+00:00,view_product,,web
evt_003418,1160.0,2026-08-04T19:40:00+00:00,view_product,,web
evt_003419,1183.0,2026-08-07T18:45:00+00:00,checkout_started,,web
evt_003420,1158.0,2026-07-26T02:59:00+00:00,add_to_cart,,web
evt_003421,1191.0,2026-07-12T22:17:00+00:00,view_product,,web
evt_003422,1023.0,2026-07-06T12:31:00+00:00,view_product,,ios
evt_003423,1077.0,2026-08-05T21:44:00+00:00,add_to_cart,,ios
evt_003424,1197.0,2026-07-16T16:12:00+00:00,checkout_started,,ios
evt_003425,1105.0,2026-07-14T01:26:00+00:00,view_product,,web
evt_003426,1004.0,2026-07-28T21:22:00+00:00,purchase,50260,web
evt_003427,1188.0,2026-07-28T04:09:00+00:00,view_product,,android
evt_003428,1145.0,2026-07-31T18:07:00+00:00,add_to_cart,,web
evt_003429,1202.0,2026-08-03T13:03:00+00:00,add_to_cart,,web
evt_003430,1004.0,2026-08-03T07:50:00+00:00,view_product,,web
evt_003431,1033.0,2026-07-07T11:45:00+00:00,view_product,,ios
evt_003432,1113.0,2026-07-07T10:41:00+00:00,add_to_cart,,web
evt_003433,1041.0,2026-07-08T19:32:00+00:00,view_product,,android
evt_003434,1116.0,2026-07-24T20:06:00+00:00,view_product,,web
evt_003435,1077.0,2026-07-23T01:50:00+00:00,view_product,,android
evt_003436,1047.0,2026-08-02T13:48:00+00:00,add_to_cart,,web
evt_003437,1171.0,2026-08-02T01:34:00+00:00,view_product,,ios
evt_003438,1009.0,2026-07-31T21:47:00+00:00,view_product,,web
evt_003439,1194.0,2026-07-04T00:00:00+00:00,purchase,51567,android
evt_003440,1034.0,2026-07-27T10:23:00+00:00,add_to_cart,,web
evt_003441,1129.0,2026-08-02T08:00:00+00:00,view_product,,android
evt_003442,1220.0,2026-08-07T07:56:00+00:00,view_product,,ios
evt_003443,1026.0,2026-07-14T00:55:00+00:00,view_product,,ios
evt_003444,1205.0,2026-07-30T12:21:00+00:00,view_product,,web
evt_003445,1068.0,2026-07-16T10:28:00+00:00,view_product,,web
evt_003446,1164.0,2026-07-07T02:37:00+00:00,view_product,,android
evt_003447,1190.0,2026-07-13T21:57:00+00:00,view_product,,android
evt_003448,1052.0,2026-07-10T13:06:00+00:00,view_product,,web
evt_003449,1077.0,2026-08-04T15:16:00+00:00,view_product,,web
evt_003450,1191.0,2026-07-07T16:10:00+00:00,view_product,,web
evt_003451,1023.0,2026-07-05T23:17:00+00:00,checkout_started,,web
evt_003452,1024.0,2026-07-23T00:44:00+00:00,view_product,,web
evt_003453,1067.0,2026-07-22T19:44:00+00:00,add_to_cart,,android
evt_003454,1134.0,2026-07-22T07:43:00+00:00,view_product,,web
evt_003455,1179.0,2026-07-06T15:04:00+00:00,view_product,,android
evt_003456,1125.0,2026-07-19T22:41:00+00:00,view_product,,android
evt_003457,1110.0,2026-08-05T06:52:00+00:00,view_product,,web
evt_003458,1193.0,2026-07-04T09:54:00+00:00,add_to_cart,,web
evt_003459,1038.0,2026-07-31T07:42:00+00:00,view_product,,web
evt_003460,1200.0,2026-07-05T18:42:00+00:00,view_product,,web
evt_003461,1070.0,2026-07-09T21:14:00+00:00,view_product,,ios
evt_003462,1061.0,2026-08-04T03:06:00+00:00,view_product,,web
evt_003463,1211.0,2026-07-12T07:34:00+00:00,view_product,,web
evt_003464,1143.0,2026-07-20T20:26:00+00:00,view_product,,android
evt_003465,1096.0,2026-07-15T11:56:00+00:00,view_product,,web
evt_003466,1073.0,2026-07-24T08:11:00+00:00,view_product,,web
evt_003467,1098.0,2026-07-16T09:44:00+00:00,add_to_cart,,android
evt_003468,1175.0,2026-07-17T20:46:00+00:00,view_product,,web
evt_003469,1034.0,2026-08-01T01:25:00+00:00,checkout_started,,web
evt_003470,1039.0,2026-07-22T01:21:00+00:00,view_product,,web
evt_003471,1068.0,2026-07-22T10:51:00+00:00,view_product,,web
evt_003472,1107.0,2026-07-31T14:41:00+00:00,add_to_cart,,web
evt_003473,1181.0,2026-07-17T06:17:00+00:00,view_product,,ios
evt_003474,1047.0,2026-08-01T07:06:00+00:00,view_product,,web
evt_003475,1174.0,2026-07-28T08:08:00+00:00,purchase,51502,web
evt_003476,1201.0,2026-08-03T13:57:00+00:00,purchase,50367,web
evt_003477,1097.0,2026-07-18T09:34:00+00:00,view_product,,web
evt_003478,1213.0,2026-07-22T05:30:00+00:00,view_product,,android
evt_003479,1198.0,2026-07-05T20:57:00+00:00,add_to_cart,,ios
evt_003480,1177.0,2026-07-05T05:32:00+00:00,purchase,50958,ios
evt_003481,1085.0,2026-07-05T02:01:00+00:00,view_product,,web
evt_003482,1067.0,2026-07-25T01:18:00+00:00,view_product,,web
evt_003483,1192.0,2026-07-13T09:16:00+00:00,add_to_cart,,android
evt_003484,1098.0,2026-07-11T23:29:00+00:00,view_product,,android
evt_003485,1007.0,2026-07-23T21:49:00+00:00,add_to_cart,,ios
evt_003486,1159.0,2026-07-16T03:19:00+00:00,view_product,,web
evt_003487,1077.0,2026-07-06T02:58:00+00:00,add_to_cart,,web
evt_003488,1207.0,2026-07-22T04:23:00+00:00,view_product,,web
evt_003489,1189.0,2026-07-21T21:43:00+00:00,view_product,,web
evt_003490,1024.0,2026-07-06T07:23:00+00:00,view_product,,web
evt_003491,1200.0,2026-07-11T05:53:00+00:00,view_product,,web
evt_003492,1210.0,2026-07-10T00:23:00+00:00,view_product,,web
evt_003493,1168.0,2026-07-27T10:13:00+00:00,view_product,,ios
evt_003494,1061.0,2026-07-10T11:12:00+00:00,checkout_started,,ios
evt_003495,1149.0,2026-07-02T01:46:00+00:00,view_product,,web
evt_003496,1192.0,2026-07-11T03:16:00+00:00,add_to_cart,,web
evt_003497,1181.0,2026-07-18T19:44:00+00:00,view_product,,web
evt_003498,1096.0,2026-07-30T05:41:00+00:00,checkout_started,,android
evt_003499,1157.0,2026-07-02T23:39:00+00:00,view_product,,web
evt_003500,1086.0,2026-08-03T11:40:00+00:00,view_product,,android
evt_003501,1057.0,2026-07-13T13:25:00+00:00,view_product,,web
evt_003502,1149.0,2026-07-14T00:28:00+00:00,view_product,,ios
evt_003503,1104.0,2026-07-01T14:12:00+00:00,checkout_started,,web
evt_003504,1050.0,2026-07-11T12:01:00+00:00,add_to_cart,,ios
evt_003505,1147.0,2026-07-18T19:49:00+00:00,add_to_cart,,android
evt_003506,1072.0,2026-07-24T19:00:00+00:00,add_to_cart,,web
evt_003507,1130.0,2026-07-30T03:31:00+00:00,checkout_started,,ios
evt_003508,1080.0,2026-07-20T20:43:00+00:00,purchase,50471,android
evt_003509,1196.0,2026-07-04T19:24:00+00:00,add_to_cart,,android
evt_003510,1188.0,2026-07-15T20:58:00+00:00,view_product,,web
evt_003511,1105.0,2026-07-28T22:31:00+00:00,view_product,,web
evt_003512,1158.0,2026-07-25T07:16:00+00:00,view_product,,android
evt_003513,1040.0,2026-07-23T04:47:00+00:00,add_to_cart,,ios
evt_003514,999999.0,2026-07-20T07:37:00+00:00,view_product,,android
evt_003515,1048.0,2026-07-20T04:12:00+00:00,view_product,,web
evt_003516,1192.0,2026-08-07T17:38:00+00:00,add_to_cart,,android
evt_003517,1187.0,2026-07-23T18:43:00+00:00,view_product,,android
evt_003518,1040.0,2026-07-23T16:33:00+00:00,view_product,,android
evt_003519,1002.0,2026-07-13T18:20:00+00:00,checkout_started,,ios
evt_003520,1163.0,2026-07-19T14:54:00+00:00,view_product,,web
evt_003521,1193.0,2026-07-27T23:49:00+00:00,view_product,,ios
evt_003522,1159.0,2026-08-02T14:31:00+00:00,view_product,,ios
evt_003523,1013.0,2026-07-30T15:03:00+00:00,view_product,,web
evt_003524,1143.0,2026-07-26T04:03:00+00:00,view_product,,web
evt_003525,1087.0,2026-07-30T13:44:00+00:00,view_product,,android
evt_003526,1203.0,2026-07-02T06:02:00+00:00,view_product,,web
evt_003527,1177.0,2026-07-11T05:44:00+00:00,add_to_cart,,web
evt_003528,1177.0,2026-07-10T05:40:00+00:00,view_product,,ios
evt_003529,1091.0,2026-07-25T20:21:00+00:00,view_product,,android
evt_003530,1072.0,2026-07-29T15:03:00+00:00,view_product,,ios
evt_003531,1182.0,2026-07-06T15:03:00+00:00,view_product,,web
evt_003532,1026.0,2026-07-08T07:56:00+00:00,view_product,,web
evt_003533,1023.0,2026-07-19T19:49:00+00:00,view_product,,web
evt_003534,1014.0,2026-08-06T19:05:00+00:00,view_product,,web
evt_003535,1114.0,2026-07-01T02:23:00+00:00,add_to_cart,,android
evt_003536,1017.0,2026-08-03T10:03:00+00:00,view_product,,web
evt_003537,1129.0,2026-07-08T08:33:00+00:00,purchase,51287,web
evt_003538,1037.0,2026-07-11T04:53:00+00:00,view_product,,android
evt_003539,1197.0,2026-07-25T00:08:00+00:00,add_to_cart,,web
evt_003540,1096.0,2026-07-28T16:38:00+00:00,view_product,,web
evt_003541,1021.0,2026-08-03T05:25:00+00:00,add_to_cart,,web
evt_003542,1154.0,2026-07-01T05:00:00+00:00,checkout_started,,web
evt_003543,1075.0,2026-07-02T20:42:00+00:00,view_product,,web
evt_003544,1058.0,2026-07-19T04:08:00+00:00,view_product,,android
evt_003545,1146.0,2026-07-22T05:24:00+00:00,purchase,51101,android
evt_003546,1212.0,2026-07-10T21:53:00+00:00,purchase,50696,ios
evt_003547,1217.0,2026-07-25T04:44:00+00:00,purchase,51490,ios
evt_003548,1097.0,2026-07-11T01:54:00+00:00,view_product,,web
evt_003549,1188.0,2026-08-05T10:20:00+00:00,view_product,,android
evt_003550,1047.0,2026-07-07T17:48:00+00:00,view_product,,web
evt_003551,1188.0,2026-07-25T21:29:00+00:00,add_to_cart,,web
evt_003552,1209.0,2026-07-21T03:39:00+00:00,view_product,,web
evt_003553,1115.0,2026-07-04T21:57:00+00:00,view_product,,web
evt_003554,1116.0,2026-07-23T23:36:00+00:00,view_product,,web
evt_003555,1125.0,2026-07-06T13:49:00+00:00,view_product,,web
evt_003556,1017.0,2026-07-21T12:06:00+00:00,add_to_cart,,web
evt_003557,1190.0,2026-07-25T03:49:00+00:00,view_product,,web
evt_003558,1164.0,2026-07-03T17:49:00+00:00,checkout_started,,web
evt_003559,1193.0,2026-07-09T04:38:00+00:00,view_product,,web
evt_003560,1026.0,2026-07-12T05:40:00+00:00,view_product,,web
evt_003561,1178.0,2026-08-05T06:36:00+00:00,view_product,,ios
evt_003562,1081.0,2026-07-09T09:42:00+00:00,view_product,,web
evt_003563,1181.0,2026-08-04T23:40:00+00:00,view_product,,web
evt_003564,1220.0,2026-07-21T06:59:00+00:00,checkout_started,,ios
evt_003565,1195.0,2026-08-06T01:10:00+00:00,view_product,,ios
evt_003566,1203.0,2026-08-01T14:07:00+00:00,view_product,,web
evt_003567,1026.0,2026-07-12T03:10:00+00:00,add_to_cart,,web
evt_003568,1073.0,2026-07-22T06:30:00+00:00,view_product,,android
evt_003569,1065.0,2026-07-28T05:51:00+00:00,view_product,,web
evt_003570,1114.0,2026-07-03T23:28:00+00:00,view_product,,web
evt_003571,1216.0,2026-07-26T04:40:00+00:00,view_product,,web
evt_003572,1152.0,2026-07-18T11:12:00+00:00,view_product,,android
evt_003573,1121.0,2026-07-02T08:28:00+00:00,view_product,,web
evt_003574,1178.0,2026-08-02T22:43:00+00:00,view_product,,android
evt_003575,1039.0,2026-07-11T02:11:00+00:00,view_product,,ios
evt_003576,1146.0,2026-08-03T05:15:00+00:00,add_to_cart,,web
evt_003577,1112.0,2026-07-08T20:34:00+00:00,add_to_cart,,web
evt_003578,1045.0,2026-07-21T13:59:00+00:00,view_product,,ios
evt_003579,1143.0,2026-07-15T02:10:00+00:00,view_product,,web
evt_003580,1186.0,2026-08-03T22:24:00+00:00,add_to_cart,,web
evt_003581,1184.0,2026-08-06T05:11:00+00:00,view_product,,web
evt_003582,1187.0,2026-07-30T06:17:00+00:00,checkout_started,,ios
evt_003583,1180.0,2026-08-02T03:11:00+00:00,view_product,,ios
evt_003584,1104.0,2026-07-30T05:14:00+00:00,view_product,,android
evt_003585,1011.0,2026-07-12T03:36:00+00:00,view_product,,web
evt_003586,1214.0,2026-08-04T23:24:00+00:00,add_to_cart,,android
evt_003587,1101.0,2026-07-21T03:23:00+00:00,view_product,,android
evt_003588,1140.0,2026-07-14T01:14:00+00:00,view_product,,android
evt_003589,1005.0,2026-07-08T07:20:00+00:00,view_product,,ios
evt_003590,1197.0,2026-07-27T23:18:00+00:00,add_to_cart,,web
evt_003591,1197.0,2026-07-11T13:01:00+00:00,view_product,,android
evt_003592,1206.0,2026-07-25T19:14:00+00:00,add_to_cart,,ios
evt_003593,1039.0,2026-07-03T11:16:00+00:00,view_product,,ios
evt_003594,1187.0,2026-07-25T02:56:00+00:00,view_product,,web
evt_003595,1139.0,2026-07-25T10:03:00+00:00,view_product,,web
evt_003596,1033.0,2026-07-20T22:32:00+00:00,purchase,51176,web
evt_003597,1127.0,2026-07-25T23:06:00+00:00,view_product,,web
evt_003598,1106.0,2026-08-07T18:19:00+00:00,view_product,,web
evt_003599,1139.0,2026-08-01T20:42:00+00:00,checkout_started,,android
evt_003600,1019.0,2026-07-17T16:52:00+00:00,view_product,,web
evt_003601,1125.0,2026-08-03T02:51:00+00:00,view_product,,web
evt_003602,1150.0,2026-08-06T06:27:00+00:00,view_product,,web
evt_003603,1159.0,2026-07-07T01:58:00+00:00,add_to_cart,,web
evt_003604,1170.0,2026-07-14T15:20:00+00:00,view_product,,web
evt_003605,1139.0,2026-07-29T05:39:00+00:00,checkout_started,,ios
evt_003606,1156.0,2026-07-20T13:39:00+00:00,add_to_cart,,android
evt_003607,1020.0,2026-07-06T02:51:00+00:00,view_product,,web
evt_003608,1177.0,2026-07-18T22:55:00+00:00,view_product,,web
evt_003609,1082.0,2026-07-15T04:49:00+00:00,add_to_cart,,ios
evt_003610,1122.0,2026-07-29T01:48:00+00:00,checkout_started,,web
evt_003611,1121.0,2026-07-20T14:10:00+00:00,checkout_started,,ios
evt_003612,1216.0,2026-07-06T07:36:00+00:00,view_product,,ios
evt_003613,1072.0,2026-07-02T21:06:00+00:00,add_to_cart,,android
evt_003614,1085.0,2026-07-11T22:01:00+00:00,add_to_cart,,web
evt_003615,1169.0,2026-07-06T22:58:00+00:00,purchase,50243,android
evt_003616,1141.0,2026-08-03T07:10:00+00:00,view_product,,android
evt_003617,1071.0,2026-07-11T07:15:00+00:00,add_to_cart,,web
evt_003618,1077.0,2026-07-25T02:39:00+00:00,add_to_cart,,web
evt_003619,1184.0,2026-07-05T20:19:00+00:00,checkout_started,,web
evt_003620,1185.0,2026-07-17T18:50:00+00:00,add_to_cart,,web
evt_003621,1033.0,2026-08-05T11:53:00+00:00,checkout_started,,android
evt_003622,1089.0,2026-07-25T10:48:00+00:00,view_product,,web
evt_003623,1171.0,2026-07-11T22:56:00+00:00,view_product,,web
evt_003624,1027.0,2026-07-29T09:52:00+00:00,view_product,,web
evt_003625,1041.0,2026-07-20T01:04:00+00:00,add_to_cart,,ios
evt_003626,1036.0,2026-07-09T22:24:00+00:00,view_product,,android
evt_003627,1117.0,2026-08-07T20:50:00+00:00,add_to_cart,,ios
evt_003628,1100.0,2026-08-05T15:04:00+00:00,purchase,50710,ios
evt_003629,1071.0,2026-07-22T12:46:00+00:00,checkout_started,,web
evt_003630,1031.0,2026-07-02T06:15:00+00:00,add_to_cart,,ios
evt_003631,1141.0,2026-07-16T15:17:00+00:00,add_to_cart,,web
evt_003632,1179.0,2026-07-20T12:43:00+00:00,view_product,,web
evt_003633,1048.0,2026-08-05T07:58:00+00:00,view_product,,ios
evt_003634,1148.0,2026-07-28T20:29:00+00:00,view_product,,android
evt_003635,1176.0,2026-07-09T10:55:00+00:00,add_to_cart,,ios
evt_003636,1124.0,2026-07-20T09:08:00+00:00,view_product,,ios
evt_003637,1127.0,2026-07-07T19:42:00+00:00,view_product,,web
evt_003638,1037.0,2026-07-19T00:08:00+00:00,add_to_cart,,web
evt_003639,1212.0,2026-07-21T08:15:00+00:00,view_product,,web
evt_003640,1212.0,2026-07-20T08:55:00+00:00,checkout_started,,ios
evt_003641,1158.0,2026-07-17T05:41:00+00:00,view_product,,ios
evt_003642,1200.0,2026-07-17T14:46:00+00:00,checkout_started,,ios
evt_003643,1135.0,2026-07-31T06:51:00+00:00,view_product,,web
evt_003644,1147.0,2026-07-20T05:21:00+00:00,add_to_cart,,web
evt_003645,1184.0,2026-07-02T14:18:00+00:00,add_to_cart,,web
evt_003646,1009.0,2026-07-29T03:38:00+00:00,view_product,,ios
evt_003647,1049.0,2026-07-24T11:21:00+00:00,view_product,,android
evt_003648,1045.0,2026-07-27T10:28:00+00:00,checkout_started,,web
evt_003649,1140.0,2026-07-28T00:08:00+00:00,view_product,,ios
evt_003650,1054.0,2026-07-07T13:57:00+00:00,add_to_cart,,ios
evt_003651,1087.0,2026-08-06T22:23:00+00:00,view_product,,web
evt_003652,1110.0,2026-08-07T15:14:00+00:00,add_to_cart,,web
evt_003653,1165.0,2026-07-06T12:56:00+00:00,view_product,,web
evt_003654,1115.0,2026-07-09T07:40:00+00:00,view_product,,android
evt_003655,1006.0,2026-07-10T08:34:00+00:00,view_product,,web
evt_003656,1152.0,2026-08-06T17:24:00+00:00,view_product,,web
evt_003657,1095.0,2026-08-05T10:23:00+00:00,view_product,,web
evt_003658,1026.0,2026-07-11T01:41:00+00:00,checkout_started,,ios
evt_003659,1145.0,2026-07-24T23:08:00+00:00,add_to_cart,,web
evt_003660,1060.0,2026-07-10T06:01:00+00:00,purchase,51328,android
evt_003661,1102.0,2026-07-02T10:42:00+00:00,add_to_cart,,web
evt_003662,1214.0,2026-07-09T18:03:00+00:00,add_to_cart,,android
evt_003663,1053.0,2026-07-03T22:32:00+00:00,view_product,,ios
evt_003664,1196.0,2026-08-02T05:08:00+00:00,purchase,50863,web
evt_003665,1103.0,2026-07-30T20:19:00+00:00,view_product,,ios
evt_003666,1207.0,2026-07-08T00:05:00+00:00,view_product,,web
evt_003667,1188.0,2026-07-22T13:32:00+00:00,checkout_started,,web
evt_003668,1184.0,2026-07-08T19:05:00+00:00,purchase,50160,ios
evt_003669,1046.0,2026-07-22T11:39:00+00:00,view_product,,web
evt_003670,1175.0,2026-08-04T01:07:00+00:00,view_product,,web
evt_003671,1082.0,2026-08-03T10:26:00+00:00,view_product,,ios
evt_003672,1202.0,2026-08-01T15:45:00+00:00,add_to_cart,,ios
evt_003673,1219.0,2026-07-10T03:52:00+00:00,view_product,,web
evt_003674,1136.0,2026-07-08T05:57:00+00:00,add_to_cart,,web
evt_003675,1202.0,2026-07-07T02:18:00+00:00,view_product,,web
evt_003676,1118.0,2026-07-05T19:56:00+00:00,view_product,,web
evt_003677,1008.0,2026-07-24T07:47:00+00:00,add_to_cart,,web
evt_003678,1194.0,2026-07-26T00:30:00+00:00,view_product,,web
evt_003679,1118.0,2026-08-03T12:46:00+00:00,add_to_cart,,android
evt_003680,1010.0,2026-07-04T10:23:00+00:00,view_product,,web
evt_003681,1015.0,2026-07-11T01:54:00+00:00,add_to_cart,,web
evt_003682,1160.0,2026-07-28T15:53:00+00:00,view_product,,android
evt_003683,1205.0,2026-07-26T21:20:00+00:00,purchase,51238,ios
evt_003684,1155.0,2026-07-17T05:48:00+00:00,add_to_cart,,ios
evt_003685,1098.0,2026-07-06T18:58:00+00:00,view_product,,web
evt_003686,1068.0,2026-07-19T09:35:00+00:00,purchase,50770,ios
evt_003687,1093.0,2026-07-07T12:46:00+00:00,view_product,,android
evt_003688,1072.0,2026-07-21T08:23:00+00:00,view_product,,web
evt_003689,1061.0,2026-08-04T06:10:00+00:00,checkout_started,,web
evt_003690,1029.0,2026-07-08T10:28:00+00:00,checkout_started,,web
evt_003691,1126.0,2026-07-05T11:35:00+00:00,add_to_cart,,android
evt_003692,1049.0,2026-07-29T00:43:00+00:00,purchase,50382,web
evt_003693,1033.0,2026-07-01T22:12:00+00:00,view_product,,web
evt_003694,1061.0,2026-08-07T08:51:00+00:00,view_product,,web
evt_003695,1177.0,2026-07-30T10:44:00+00:00,view_product,,android
evt_003696,1127.0,2026-07-16T07:52:00+00:00,view_product,,web
evt_003697,1109.0,2026-07-14T18:36:00+00:00,view_product,,web
evt_003698,1131.0,2026-07-15T16:49:00+00:00,view_product,,android
evt_003699,1126.0,2026-07-16T01:45:00+00:00,view_product,,web
evt_003700,1110.0,2026-08-01T21:40:00+00:00,view_product,,ios
evt_003701,1186.0,2026-07-31T09:28:00+00:00,view_product,,web
evt_003702,1162.0,2026-07-08T18:34:00+00:00,add_to_cart,,web
evt_003703,1041.0,2026-07-07T20:06:00+00:00,view_product,,web
evt_003704,1181.0,2026-07-21T12:59:00+00:00,add_to_cart,,web
evt_003705,1039.0,2026-07-25T17:05:00+00:00,add_to_cart,,web
evt_003706,1018.0,2026-07-28T15:10:00+00:00,view_product,,android
evt_003707,1093.0,2026-07-12T21:56:00+00:00,checkout_started,,web
evt_003708,1087.0,2026-07-19T08:00:00+00:00,purchase,51305,web
evt_003709,1174.0,2026-07-04T23:05:00+00:00,view_product,,ios
evt_003710,1154.0,2026-07-18T07:38:00+00:00,add_to_cart,,android
evt_003711,1013.0,2026-07-27T02:59:00+00:00,view_product,,web
evt_003712,1111.0,2026-07-12T13:37:00+00:00,view_product,,web
evt_003713,1176.0,2026-07-13T02:37:00+00:00,add_to_cart,,web
evt_003714,1163.0,2026-07-18T13:35:00+00:00,add_to_cart,,android
evt_003715,1111.0,2026-08-02T22:20:00+00:00,checkout_started,,android
evt_003716,1137.0,2026-07-23T22:56:00+00:00,add_to_cart,,web
evt_003717,1125.0,2026-08-04T22:09:00+00:00,add_to_cart,,web
evt_003718,1052.0,2026-07-03T08:14:00+00:00,view_product,,web
evt_003719,1125.0,2026-08-02T06:20:00+00:00,view_product,,ios
evt_003720,1150.0,2026-07-02T15:54:00+00:00,view_product,,web
evt_003721,1013.0,2026-07-13T05:59:00+00:00,view_product,,web
evt_003722,1154.0,2026-07-17T05:02:00+00:00,add_to_cart,,web
evt_003723,1056.0,2026-07-09T23:45:00+00:00,view_product,,ios
evt_003724,1002.0,2026-08-07T14:14:00+00:00,view_product,,android
evt_003725,1167.0,2026-08-03T22:14:00+00:00,view_product,,web
evt_003726,1087.0,2026-07-22T16:58:00+00:00,view_product,,android
evt_003727,1092.0,2026-07-18T05:05:00+00:00,view_product,,web
evt_003728,1138.0,2026-07-29T22:43:00+00:00,view_product,,ios
evt_003729,1124.0,2026-07-27T21:27:00+00:00,view_product,,android
evt_003730,1138.0,2026-07-19T06:20:00+00:00,view_product,,web
evt_003731,1209.0,2026-08-01T10:22:00+00:00,view_product,,web
evt_003732,1144.0,2026-07-08T07:57:00+00:00,purchase,51416,web
evt_003733,1011.0,2026-07-11T13:15:00+00:00,view_product,,android
evt_003734,1050.0,2026-07-01T16:05:00+00:00,view_product,,web
evt_003735,1100.0,2026-07-05T12:37:00+00:00,view_product,,web
evt_003736,1105.0,2026-07-08T13:17:00+00:00,add_to_cart,,ios
evt_003737,1080.0,2026-07-24T17:50:00+00:00,view_product,,web
evt_003738,1041.0,2026-08-02T12:14:00+00:00,view_product,,web
evt_003739,1024.0,2026-07-23T10:15:00+00:00,purchase,50941,android
evt_003740,1033.0,2026-07-17T22:12:00+00:00,purchase,51147,web
evt_003741,1211.0,2026-07-11T06:25:00+00:00,view_product,,web
evt_003742,1088.0,2026-07-04T20:30:00+00:00,view_product,,web
evt_003743,1213.0,2026-07-23T05:15:00+00:00,view_product,,android
evt_003744,1075.0,2026-07-06T08:26:00+00:00,view_product,,web
evt_003745,1069.0,2026-07-31T00:48:00+00:00,view_product,,web
evt_003746,1109.0,2026-07-16T12:52:00+00:00,add_to_cart,,web
evt_003747,1210.0,2026-07-14T07:12:00+00:00,view_product,,web
evt_003748,1125.0,2026-07-02T00:18:00+00:00,view_product,,web
evt_003749,1008.0,2026-07-10T04:59:00+00:00,view_product,,web
evt_003750,1061.0,2026-07-01T12:10:00+00:00,view_product,,web
evt_003751,1217.0,2026-07-28T13:12:00+00:00,view_product,,ios
evt_003752,1035.0,2026-07-19T14:45:00+00:00,view_product,,web
evt_003753,1185.0,2026-07-30T20:42:00+00:00,view_product,,web
evt_003754,1206.0,2026-07-22T11:29:00+00:00,view_product,,ios
evt_003755,1048.0,2026-08-06T06:18:00+00:00,view_product,,web
evt_003756,1124.0,2026-07-30T18:48:00+00:00,add_to_cart,,web
evt_003757,1133.0,2026-07-06T14:35:00+00:00,view_product,,android
evt_003758,1176.0,2026-07-05T10:20:00+00:00,view_product,,ios
evt_003759,1177.0,2026-08-03T19:00:00+00:00,checkout_started,,ios
evt_003760,1014.0,2026-07-11T05:25:00+00:00,add_to_cart,,web
evt_003761,1071.0,2026-07-30T01:46:00+00:00,view_product,,android
evt_003762,1208.0,2026-07-24T21:15:00+00:00,view_product,,web
evt_003763,1079.0,2026-07-27T16:07:00+00:00,view_product,,web
evt_003764,1055.0,2026-07-11T03:18:00+00:00,view_product,,android
evt_003765,1140.0,2026-07-12T21:30:00+00:00,checkout_started,,web
evt_003766,1044.0,2026-07-22T02:01:00+00:00,view_product,,web
evt_003767,1033.0,2026-07-01T20:14:00+00:00,view_product,,web
evt_003768,1177.0,2026-07-12T20:13:00+00:00,view_product,,web
evt_003769,1027.0,2026-07-20T06:53:00+00:00,view_product,,ios
evt_003770,1197.0,2026-07-08T18:28:00+00:00,view_product,,web
evt_003771,1056.0,2026-07-11T20:37:00+00:00,view_product,,web
evt_003772,1024.0,2026-08-07T08:59:00+00:00,view_product,,web
evt_003773,1164.0,2026-07-12T00:19:00+00:00,checkout_started,,web
evt_003774,1040.0,2026-08-04T07:00:00+00:00,add_to_cart,,ios
evt_003775,1082.0,2026-08-05T05:33:00+00:00,checkout_started,,web
evt_003776,1078.0,2026-07-26T14:35:00+00:00,checkout_started,,ios
evt_003777,1113.0,2026-07-06T19:30:00+00:00,purchase,50386,web
evt_003778,1105.0,2026-07-08T19:35:00+00:00,purchase,51195,web
evt_003779,1044.0,2026-08-05T12:01:00+00:00,view_product,,web
evt_003780,1052.0,2026-07-01T01:21:00+00:00,view_product,,android
evt_003781,1043.0,2026-07-20T03:28:00+00:00,view_product,,web
evt_003782,1013.0,2026-07-23T15:48:00+00:00,add_to_cart,,web
evt_003783,1144.0,2026-08-01T20:30:00+00:00,add_to_cart,,android
evt_003784,1105.0,2026-08-04T00:18:00+00:00,view_product,,web
evt_003785,1024.0,2026-07-11T18:37:00+00:00,checkout_started,,android
evt_003786,1074.0,2026-07-20T02:18:00+00:00,add_to_cart,,web
evt_003787,1148.0,2026-07-25T02:08:00+00:00,add_to_cart,,web
evt_003788,1064.0,2026-08-06T16:14:00+00:00,view_product,,web
evt_003789,1089.0,2026-07-22T03:36:00+00:00,view_product,,web
evt_003790,1165.0,2026-07-05T15:05:00+00:00,view_product,,ios
evt_003791,1149.0,2026-08-05T02:50:00+00:00,view_product,,web
evt_003792,1155.0,2026-07-20T11:21:00+00:00,view_product,,web
evt_003793,1085.0,2026-07-07T19:31:00+00:00,view_product,,android
evt_003794,1107.0,2026-07-08T05:31:00+00:00,view_product,,ios
evt_003795,1187.0,2026-07-08T18:34:00+00:00,view_product,,web
evt_003796,1193.0,2026-07-28T09:47:00+00:00,view_product,,web
evt_003797,1013.0,2026-08-06T01:27:00+00:00,view_product,,web
evt_003798,1186.0,2026-07-17T18:31:00+00:00,purchase,51447,android
evt_003799,1198.0,2026-07-04T17:20:00+00:00,view_product,,ios
evt_003800,1209.0,2026-08-03T18:18:00+00:00,checkout_started,,ios
evt_003801,1060.0,2026-07-25T02:49:00+00:00,view_product,,web
evt_003802,1111.0,2026-07-22T16:31:00+00:00,view_product,,web
evt_003803,1010.0,2026-07-03T07:14:00+00:00,purchase,50382,web
evt_003804,1025.0,2026-08-06T21:11:00+00:00,add_to_cart,,web
evt_003805,1125.0,2026-07-03T22:12:00+00:00,add_to_cart,,web
evt_003806,1046.0,2026-07-24T04:41:00+00:00,add_to_cart,,web
evt_003807,1050.0,2026-07-23T16:35:00+00:00,view_product,,web
evt_003808,1066.0,2026-07-20T12:37:00+00:00,add_to_cart,,web
evt_003809,1102.0,2026-07-21T22:50:00+00:00,view_product,,web
evt_003810,1034.0,2026-07-16T02:51:00+00:00,add_to_cart,,web
evt_003811,1178.0,2026-07-22T18:35:00+00:00,purchase,51509,android
evt_003812,1148.0,2026-07-14T19:49:00+00:00,checkout_started,,ios
evt_003813,1175.0,2026-07-18T23:58:00+00:00,add_to_cart,,web
evt_003814,1205.0,2026-07-26T18:26:00+00:00,add_to_cart,,ios
evt_003815,1133.0,2026-07-29T05:01:00+00:00,view_product,,web
evt_003816,1080.0,2026-07-06T19:51:00+00:00,view_product,,web
evt_003817,1217.0,2026-08-07T16:52:00+00:00,checkout_started,,android
evt_003818,1126.0,2026-07-04T16:11:00+00:00,add_to_cart,,web
evt_003819,1103.0,2026-07-11T11:30:00+00:00,view_product,,ios
evt_003820,1092.0,2026-07-14T04:18:00+00:00,add_to_cart,,web
evt_003821,1009.0,2026-07-13T06:58:00+00:00,view_product,,web
evt_003822,1212.0,2026-07-14T08:54:00+00:00,add_to_cart,,web
evt_003823,1182.0,2026-07-13T06:37:00+00:00,add_to_cart,,web
evt_003824,1155.0,2026-07-17T13:38:00+00:00,view_product,,web
evt_003825,1049.0,2026-07-30T00:06:00+00:00,view_product,,web
evt_003826,1206.0,2026-08-01T10:38:00+00:00,add_to_cart,,web
evt_003827,1039.0,2026-07-14T05:23:00+00:00,view_product,,web
evt_003828,1054.0,2026-07-10T19:41:00+00:00,purchase,50145,web
evt_003829,1016.0,2026-07-26T17:11:00+00:00,view_product,,web
evt_003830,1064.0,2026-07-03T06:19:00+00:00,view_product,,web
evt_003831,1073.0,2026-07-17T22:38:00+00:00,view_product,,web
evt_003832,1176.0,2026-07-09T08:38:00+00:00,add_to_cart,,ios
evt_003833,1073.0,2026-07-24T02:19:00+00:00,view_product,,android
evt_003834,1212.0,2026-07-03T23:24:00+00:00,checkout_started,,web
evt_003835,1067.0,2026-08-01T12:03:00+00:00,purchase,50714,web
evt_003836,1116.0,2026-07-11T06:14:00+00:00,view_product,,android
evt_003837,1132.0,2026-07-20T12:49:00+00:00,view_product,,ios
evt_003838,1184.0,2026-07-22T17:52:00+00:00,view_product,,android
evt_003839,1167.0,2026-07-19T01:21:00+00:00,checkout_started,,ios
evt_003840,1192.0,2026-07-18T00:34:00+00:00,view_product,,ios
evt_003841,1208.0,2026-07-11T03:28:00+00:00,checkout_started,,web
evt_003842,1026.0,2026-07-30T08:32:00+00:00,checkout_started,,web
evt_003843,1021.0,2026-07-20T14:30:00+00:00,add_to_cart,,ios
evt_003844,1100.0,2026-07-09T04:47:00+00:00,view_product,,web
evt_003845,1034.0,2026-07-10T23:19:00+00:00,purchase,50117,ios
evt_003846,1110.0,2026-07-17T16:01:00+00:00,add_to_cart,,android
evt_003847,1131.0,2026-08-02T01:20:00+00:00,add_to_cart,,web
evt_003848,1062.0,2026-08-06T12:46:00+00:00,view_product,,web
evt_003849,1022.0,2026-07-15T18:38:00+00:00,view_product,,android
evt_003850,1214.0,2026-07-16T00:21:00+00:00,view_product,,android
evt_003851,1082.0,2026-07-05T21:44:00+00:00,purchase,50716,android
evt_003852,1186.0,2026-07-21T17:39:00+00:00,add_to_cart,,ios
evt_003853,1139.0,2026-07-10T02:51:00+00:00,add_to_cart,,android
evt_003854,1147.0,2026-08-01T03:25:00+00:00,view_product,,web
evt_003855,1173.0,2026-07-21T07:32:00+00:00,checkout_started,,web
evt_003856,1059.0,2026-07-09T10:20:00+00:00,view_product,,web
evt_003857,1049.0,2026-08-04T19:39:00+00:00,add_to_cart,,web
evt_003858,999999.0,2026-07-31T23:40:00+00:00,view_product,,android
evt_003859,1148.0,2026-07-12T10:06:00+00:00,checkout_started,,web
evt_003860,1065.0,2026-07-05T13:33:00+00:00,add_to_cart,,ios
evt_003861,1143.0,2026-07-11T01:07:00+00:00,view_product,,web
evt_003862,1088.0,2026-07-15T07:32:00+00:00,view_product,,ios
evt_003863,1190.0,2026-07-16T10:46:00+00:00,view_product,,web
evt_003864,1113.0,2026-08-01T05:56:00+00:00,view_product,,web
evt_003865,1070.0,2026-08-06T18:35:00+00:00,view_product,,web
evt_003866,1153.0,2026-07-29T09:31:00+00:00,view_product,,web
evt_003867,1166.0,2026-08-02T02:50:00+00:00,view_product,,web
evt_003868,1083.0,2026-07-05T18:07:00+00:00,view_product,,ios
evt_003869,1167.0,2026-07-06T16:29:00+00:00,add_to_cart,,web
evt_003870,1052.0,2026-08-04T12:13:00+00:00,view_product,,android
evt_003871,1053.0,2026-07-24T07:44:00+00:00,view_product,,android
evt_003872,1183.0,2026-07-09T22:58:00+00:00,checkout_started,,web
evt_003873,1138.0,2026-07-31T02:10:00+00:00,view_product,,web
evt_003874,1008.0,2026-07-07T15:34:00+00:00,add_to_cart,,web
evt_003875,1150.0,2026-07-30T04:25:00+00:00,purchase,51036,web
evt_003876,1068.0,2026-08-03T13:23:00+00:00,add_to_cart,,web
evt_003877,1061.0,2026-07-19T13:49:00+00:00,view_product,,android
evt_003878,1094.0,2026-07-25T22:36:00+00:00,view_product,,android
evt_003879,1100.0,2026-07-28T19:25:00+00:00,checkout_started,,web
evt_003880,1198.0,2026-08-03T10:52:00+00:00,checkout_started,,ios
evt_003881,1097.0,2026-07-23T04:13:00+00:00,view_product,,android
evt_003882,1066.0,2026-07-12T03:39:00+00:00,add_to_cart,,web
evt_003883,1171.0,2026-07-08T15:43:00+00:00,checkout_started,,android
evt_003884,1120.0,2026-07-14T12:15:00+00:00,add_to_cart,,android
evt_003885,1001.0,2026-07-03T03:07:00+00:00,view_product,,android
evt_003886,1140.0,2026-07-27T13:10:00+00:00,view_product,,ios
evt_003887,1111.0,2026-07-15T00:59:00+00:00,view_product,,web
evt_003888,1127.0,2026-07-28T00:56:00+00:00,view_product,,web
evt_003889,1041.0,2026-07-03T08:29:00+00:00,add_to_cart,,android
evt_003890,1106.0,2026-07-13T05:32:00+00:00,view_product,,web
evt_003891,1143.0,2026-07-16T00:15:00+00:00,view_product,,web
evt_003892,1150.0,2026-07-04T07:50:00+00:00,view_product,,web
evt_003893,1151.0,2026-08-01T11:56:00+00:00,checkout_started,,web
evt_003894,999999.0,2026-07-23T16:58:00+00:00,checkout_started,,web
evt_003895,1111.0,2026-08-02T01:59:00+00:00,add_to_cart,,android
evt_003896,1096.0,2026-07-31T11:17:00+00:00,checkout_started,,web
evt_003897,1120.0,2026-07-02T07:04:00+00:00,purchase,51393,web
evt_003898,1073.0,2026-08-02T21:11:00+00:00,view_product,,web
evt_003899,1070.0,2026-07-03T15:24:00+00:00,view_product,,web
evt_003900,1153.0,2026-08-03T02:30:00+00:00,add_to_cart,,ios
evt_003901,1070.0,2026-07-26T10:55:00+00:00,add_to_cart,,android
evt_003902,1166.0,2026-08-01T03:19:00+00:00,view_product,,android
evt_003903,1165.0,2026-07-19T23:59:00+00:00,purchase,50241,web
evt_003904,1211.0,2026-07-07T02:03:00+00:00,view_product,,android
evt_003905,1030.0,2026-07-06T16:12:00+00:00,checkout_started,,web
evt_003906,1081.0,2026-07-05T12:16:00+00:00,view_product,,ios
evt_003907,1171.0,2026-07-31T14:38:00+00:00,view_product,,ios
evt_003908,1095.0,2026-07-21T06:37:00+00:00,checkout_started,,web
evt_003909,1145.0,2026-07-09T05:26:00+00:00,add_to_cart,,web
evt_003910,1163.0,2026-07-05T17:51:00+00:00,add_to_cart,,ios
evt_003911,1196.0,2026-07-03T23:16:00+00:00,view_product,,web
evt_003912,1050.0,2026-07-10T19:22:00+00:00,view_product,,ios
evt_003913,1058.0,2026-07-29T11:33:00+00:00,view_product,,web
evt_003914,1105.0,2026-08-03T21:52:00+00:00,view_product,,ios
evt_003915,1112.0,2026-07-24T02:36:00+00:00,view_product,,android
evt_003916,1201.0,2026-08-07T20:05:00+00:00,view_product,,web
evt_003917,1009.0,2026-07-15T23:43:00+00:00,view_product,,web
evt_003918,1055.0,2026-07-13T15:15:00+00:00,view_product,,web
evt_003919,1202.0,2026-07-27T07:45:00+00:00,view_product,,web
evt_003920,1136.0,2026-07-06T02:49:00+00:00,view_product,,web
evt_003921,1150.0,2026-08-04T15:10:00+00:00,view_product,,ios
evt_003922,1056.0,2026-07-30T15:29:00+00:00,purchase,51420,web
evt_003923,1138.0,2026-07-02T07:10:00+00:00,purchase,51599,ios
evt_003924,1082.0,2026-07-08T02:45:00+00:00,add_to_cart,,web
evt_003925,1162.0,2026-07-24T20:26:00+00:00,view_product,,web
evt_003926,1021.0,2026-07-29T01:33:00+00:00,add_to_cart,,web
evt_003927,1063.0,2026-07-09T06:58:00+00:00,view_product,,android
evt_003928,1143.0,2026-07-29T09:12:00+00:00,view_product,,web
evt_003929,1134.0,2026-07-19T00:24:00+00:00,checkout_started,,web
evt_003930,1186.0,2026-07-26T15:48:00+00:00,view_product,,web
evt_003931,1178.0,2026-07-17T02:40:00+00:00,purchase,50107,web
evt_003932,1004.0,2026-07-18T06:16:00+00:00,add_to_cart,,ios
evt_003933,1020.0,2026-07-15T19:39:00+00:00,view_product,,web
evt_003934,1079.0,2026-07-06T23:08:00+00:00,view_product,,web
evt_003935,1212.0,2026-07-08T05:36:00+00:00,add_to_cart,,web
evt_003936,1106.0,2026-07-07T08:55:00+00:00,view_product,,ios
evt_003937,1198.0,2026-07-31T12:01:00+00:00,view_product,,android
evt_003938,1014.0,2026-07-17T02:00:00+00:00,view_product,,ios
evt_003939,1213.0,2026-07-15T10:07:00+00:00,purchase,51538,ios
evt_003940,1014.0,2026-08-02T12:21:00+00:00,view_product,,web
evt_003941,1179.0,2026-08-03T17:07:00+00:00,purchase,51451,web
evt_003942,1194.0,2026-07-09T21:23:00+00:00,add_to_cart,,ios
evt_003943,1066.0,2026-07-14T11:27:00+00:00,view_product,,web
evt_003944,1067.0,2026-07-16T15:30:00+00:00,view_product,,android
evt_003945,1129.0,2026-08-01T21:49:00+00:00,add_to_cart,,web
evt_003946,1160.0,2026-07-26T12:31:00+00:00,view_product,,ios
evt_003947,1027.0,2026-07-21T16:33:00+00:00,view_product,,web
evt_003948,1053.0,2026-07-09T22:26:00+00:00,view_product,,android
evt_003949,1167.0,2026-07-15T15:41:00+00:00,checkout_started,,web
evt_003950,1179.0,2026-07-02T02:18:00+00:00,add_to_cart,,android
evt_003951,1034.0,2026-07-27T18:04:00+00:00,view_product,,web
evt_003952,1197.0,2026-08-04T21:59:00+00:00,view_product,,web
evt_003953,1192.0,2026-07-30T21:25:00+00:00,view_product,,android
evt_003954,1192.0,2026-07-12T18:04:00+00:00,add_to_cart,,web
evt_003955,1054.0,2026-07-19T08:12:00+00:00,view_product,,ios
evt_003956,1148.0,2026-08-06T09:19:00+00:00,purchase,50047,web
evt_003957,1036.0,2026-07-17T03:59:00+00:00,checkout_started,,android
evt_003958,1044.0,2026-08-01T21:16:00+00:00,view_product,,android
evt_003959,1016.0,2026-07-22T22:36:00+00:00,checkout_started,,web
evt_003960,1109.0,2026-07-19T23:01:00+00:00,add_to_cart,,android
evt_003961,1158.0,2026-07-23T05:40:00+00:00,add_to_cart,,web
evt_003962,1044.0,2026-07-09T11:55:00+00:00,view_product,,ios
evt_003963,1042.0,2026-07-17T04:02:00+00:00,checkout_started,,ios
evt_003964,1062.0,2026-07-12T13:34:00+00:00,view_product,,ios
evt_003965,1044.0,2026-07-29T18:59:00+00:00,add_to_cart,,ios
evt_003966,1185.0,2026-07-24T06:29:00+00:00,view_product,,android
evt_003967,1038.0,2026-07-16T04:32:00+00:00,view_product,,web
evt_003968,1062.0,2026-08-01T06:07:00+00:00,purchase,50102,android
evt_003969,1068.0,2026-07-18T05:08:00+00:00,view_product,,web
evt_003970,1045.0,2026-08-06T05:24:00+00:00,view_product,,web
evt_003971,1209.0,2026-07-24T00:03:00+00:00,checkout_started,,android
evt_003972,1047.0,2026-08-03T15:46:00+00:00,view_product,,web
evt_003973,1108.0,2026-08-07T12:00:00+00:00,checkout_started,,web
evt_003974,1126.0,2026-07-13T10:13:00+00:00,checkout_started,,ios
evt_003975,1058.0,2026-07-10T21:44:00+00:00,view_product,,web
evt_003976,1105.0,2026-08-01T18:05:00+00:00,view_product,,web
evt_003977,1038.0,2026-07-09T19:32:00+00:00,purchase,51161,web
evt_003978,1107.0,2026-07-29T13:54:00+00:00,purchase,50672,web
evt_003979,1005.0,2026-07-07T17:19:00+00:00,view_product,,web
evt_003980,1098.0,2026-08-03T01:18:00+00:00,add_to_cart,,web
evt_003981,1081.0,2026-07-27T04:46:00+00:00,view_product,,android
evt_003982,1078.0,2026-07-20T19:11:00+00:00,view_product,,web
evt_003983,1025.0,2026-07-18T01:34:00+00:00,add_to_cart,,android
evt_003984,999999.0,2026-07-25T05:11:00+00:00,view_product,,android
evt_003985,1006.0,2026-07-15T18:24:00+00:00,view_product,,web
evt_003986,1033.0,2026-07-16T02:47:00+00:00,view_product,,android
evt_003987,1023.0,2026-07-08T18:07:00+00:00,checkout_started,,web
evt_003988,1217.0,2026-07-06T23:57:00+00:00,view_product,,ios
evt_003989,1071.0,2026-08-03T20:43:00+00:00,view_product,,android
evt_003990,1096.0,2026-07-29T11:16:00+00:00,view_product,,android
evt_003991,1166.0,2026-07-17T20:10:00+00:00,view_product,,web
evt_003992,1012.0,2026-08-01T14:31:00+00:00,purchase,50418,web
evt_003993,1015.0,2026-07-24T02:12:00+00:00,view_product,,web
evt_003994,1041.0,2026-07-23T18:21:00+00:00,view_product,,android
evt_003995,1150.0,2026-07-05T06:37:00+00:00,purchase,50647,web
evt_003996,1217.0,2026-07-21T10:54:00+00:00,view_product,,web
evt_003997,1138.0,2026-07-05T02:28:00+00:00,view_product,,web
evt_003998,1193.0,2026-07-26T23:44:00+00:00,add_to_cart,,web
evt_003999,1195.0,2026-07-03T13:25:00+00:00,add_to_cart,,web
evt_004000,1062.0,2026-07-20T12:59:00+00:00,view_product,,web
evt_004001,1041.0,2026-07-14T23:01:00+00:00,add_to_cart,,ios
evt_004002,1036.0,2026-07-05T23:18:00+00:00,add_to_cart,,web
evt_004003,1176.0,2026-07-18T23:16:00+00:00,add_to_cart,,web
evt_004004,1148.0,2026-07-08T15:00:00+00:00,view_product,,web
evt_004005,1192.0,2026-07-10T07:03:00+00:00,add_to_cart,,web
evt_004006,1113.0,2026-08-03T19:34:00+00:00,view_product,,ios
evt_004007,1216.0,2026-07-14T06:54:00+00:00,add_to_cart,,web
evt_004008,1198.0,2026-07-16T08:23:00+00:00,purchase,50546,web
evt_004009,1179.0,2026-07-01T05:42:00+00:00,checkout_started,,web
evt_004010,1178.0,2026-07-12T10:04:00+00:00,add_to_cart,,web
evt_004011,1028.0,2026-07-14T08:11:00+00:00,view_product,,android
evt_004012,1165.0,2026-07-28T07:52:00+00:00,view_product,,android
evt_004013,1210.0,2026-07-05T12:41:00+00:00,view_product,,web
evt_004014,1065.0,2026-08-05T08:02:00+00:00,view_product,,web
evt_004015,1181.0,2026-07-05T21:05:00+00:00,add_to_cart,,web
evt_004016,1078.0,2026-07-25T19:21:00+00:00,add_to_cart,,ios
evt_004017,1047.0,2026-07-01T04:06:00+00:00,view_product,,web
evt_004018,1162.0,2026-08-01T03:28:00+00:00,view_product,,android
evt_004019,1037.0,2026-07-27T11:05:00+00:00,checkout_started,,web
evt_004020,1107.0,2026-08-01T19:51:00+00:00,view_product,,android
evt_004021,1207.0,2026-08-05T09:19:00+00:00,view_product,,web
evt_004022,1035.0,2026-08-01T16:36:00+00:00,view_product,,web
evt_004023,1035.0,2026-07-24T14:50:00+00:00,view_product,,web
evt_004024,1209.0,2026-08-01T20:40:00+00:00,add_to_cart,,web
evt_004025,1172.0,2026-07-04T15:44:00+00:00,view_product,,android
evt_004026,1103.0,2026-07-25T12:26:00+00:00,view_product,,web
evt_004027,1090.0,2026-08-07T14:33:00+00:00,view_product,,web
evt_004028,1214.0,2026-07-15T08:00:00+00:00,view_product,,android
evt_004029,1160.0,2026-08-07T01:44:00+00:00,view_product,,web
evt_004030,1201.0,2026-07-20T06:04:00+00:00,view_product,,web
evt_004031,1021.0,2026-07-18T19:01:00+00:00,checkout_started,,web
evt_004032,1118.0,2026-07-12T09:42:00+00:00,add_to_cart,,web
evt_004033,1161.0,2026-07-05T02:22:00+00:00,view_product,,android
evt_004034,1008.0,2026-08-03T07:14:00+00:00,view_product,,web
evt_004035,1114.0,2026-07-28T09:18:00+00:00,add_to_cart,,ios
evt_004036,1013.0,2026-07-16T04:59:00+00:00,view_product,,web
evt_004037,1199.0,2026-08-06T12:51:00+00:00,view_product,,web
evt_004038,1151.0,2026-07-07T23:39:00+00:00,view_product,,ios
evt_004039,1042.0,2026-07-30T14:10:00+00:00,view_product,,ios
evt_004040,1116.0,2026-07-18T04:24:00+00:00,purchase,51561,web
evt_004041,1025.0,2026-07-24T17:16:00+00:00,view_product,,web
evt_004042,1178.0,2026-07-02T09:57:00+00:00,purchase,50385,web
evt_004043,1044.0,2026-07-24T05:04:00+00:00,checkout_started,,ios
evt_004044,1135.0,2026-07-26T19:24:00+00:00,purchase,50142,ios
evt_004045,1018.0,2026-08-07T03:51:00+00:00,add_to_cart,,web
evt_004046,1035.0,2026-07-14T03:39:00+00:00,checkout_started,,web
evt_004047,1217.0,2026-07-03T18:41:00+00:00,view_product,,ios
evt_004048,1086.0,2026-07-03T08:14:00+00:00,checkout_started,,web
evt_004049,1028.0,2026-07-06T16:23:00+00:00,view_product,,ios
evt_004050,1155.0,2026-07-12T09:05:00+00:00,add_to_cart,,ios
evt_004051,1045.0,2026-08-01T13:42:00+00:00,add_to_cart,,web
evt_004052,1131.0,2026-07-08T10:00:00+00:00,view_product,,web
evt_004053,1179.0,2026-07-06T12:20:00+00:00,view_product,,web
evt_004054,1152.0,2026-07-02T05:04:00+00:00,view_product,,ios
evt_004055,1055.0,2026-07-15T13:33:00+00:00,view_product,,android
evt_004056,1053.0,2026-07-23T22:22:00+00:00,view_product,,web
evt_004057,1050.0,2026-07-11T16:43:00+00:00,view_product,,web
evt_004058,1140.0,2026-07-19T19:52:00+00:00,view_product,,web
evt_004059,1149.0,2026-07-10T06:01:00+00:00,view_product,,ios
evt_004060,1116.0,2026-07-31T09:36:00+00:00,view_product,,web
evt_004061,1089.0,2026-07-01T23:27:00+00:00,view_product,,ios
evt_004062,1014.0,2026-07-08T15:01:00+00:00,view_product,,web
evt_004063,1185.0,2026-07-22T12:25:00+00:00,view_product,,web
evt_004064,1146.0,2026-08-02T00:17:00+00:00,view_product,,web
evt_004065,1142.0,2026-07-16T05:55:00+00:00,purchase,51329,android
evt_004066,1023.0,2026-07-03T15:31:00+00:00,view_product,,ios
evt_004067,1064.0,2026-07-21T23:03:00+00:00,view_product,,web
evt_004068,1068.0,2026-07-11T06:35:00+00:00,view_product,,web
evt_004069,1133.0,2026-07-12T13:42:00+00:00,checkout_started,,android
evt_004070,1174.0,2026-08-05T01:05:00+00:00,view_product,,android
evt_004071,1192.0,2026-08-05T18:36:00+00:00,view_product,,web
evt_004072,1116.0,2026-07-10T20:00:00+00:00,view_product,,ios
evt_004073,1081.0,2026-07-23T11:18:00+00:00,view_product,,android
evt_004074,1091.0,2026-07-21T13:14:00+00:00,view_product,,web
evt_004075,1163.0,2026-08-06T12:37:00+00:00,purchase,51344,web
evt_004076,1071.0,2026-08-05T22:56:00+00:00,purchase,51431,web
evt_004077,1092.0,2026-07-14T07:12:00+00:00,view_product,,web
evt_004078,1174.0,2026-07-01T23:11:00+00:00,view_product,,ios
evt_004079,1121.0,2026-07-01T02:05:00+00:00,view_product,,web
evt_004080,1104.0,2026-07-01T04:14:00+00:00,purchase,51554,web
evt_004081,1163.0,2026-07-30T16:30:00+00:00,purchase,50065,web
evt_004082,1064.0,2026-07-29T02:47:00+00:00,view_product,,ios
evt_004083,1014.0,2026-08-01T10:34:00+00:00,view_product,,web
evt_004084,1175.0,2026-07-06T07:15:00+00:00,view_product,,web
evt_004085,1101.0,2026-07-03T05:32:00+00:00,add_to_cart,,web
evt_004086,1072.0,2026-07-07T11:24:00+00:00,view_product,,android
evt_004087,1022.0,2026-07-24T18:20:00+00:00,view_product,,web
evt_004088,1205.0,2026-07-01T08:12:00+00:00,view_product,,web
evt_004089,1161.0,2026-07-26T02:50:00+00:00,view_product,,android
evt_004090,1061.0,2026-08-03T18:40:00+00:00,checkout_started,,web
evt_004091,1135.0,2026-07-06T12:54:00+00:00,view_product,,ios
evt_004092,1103.0,2026-07-29T01:50:00+00:00,view_product,,web
evt_004093,1073.0,2026-07-21T23:54:00+00:00,add_to_cart,,android
evt_004094,1069.0,2026-08-05T21:04:00+00:00,add_to_cart,,web
evt_004095,1017.0,2026-07-10T05:47:00+00:00,add_to_cart,,web
evt_004096,1216.0,2026-07-09T14:55:00+00:00,checkout_started,,web
evt_004097,1205.0,2026-07-01T15:00:00+00:00,view_product,,android
evt_004098,1193.0,2026-07-27T19:04:00+00:00,view_product,,android
evt_004099,1070.0,2026-08-02T22:37:00+00:00,view_product,,web
evt_004100,999999.0,2026-07-01T17:07:00+00:00,add_to_cart,,web
evt_004101,1061.0,2026-07-19T16:25:00+00:00,purchase,51231,web
evt_004102,1183.0,2026-07-28T12:23:00+00:00,view_product,,web
evt_004103,1023.0,2026-07-30T16:54:00+00:00,add_to_cart,,web
evt_004104,1069.0,2026-08-05T08:25:00+00:00,add_to_cart,,android
evt_004105,1128.0,2026-07-28T11:16:00+00:00,purchase,50433,web
evt_004106,1214.0,2026-08-04T23:32:00+00:00,view_product,,android
evt_004107,1059.0,2026-08-07T18:15:00+00:00,view_product,,web
evt_004108,1096.0,2026-08-05T05:53:00+00:00,add_to_cart,,android
evt_004109,1187.0,2026-07-17T15:24:00+00:00,add_to_cart,,web
evt_004110,1105.0,2026-07-16T11:12:00+00:00,add_to_cart,,web
evt_004111,1151.0,2026-07-17T05:55:00+00:00,checkout_started,,android
evt_004112,1093.0,2026-08-06T03:02:00+00:00,view_product,,web
evt_004113,1001.0,2026-07-11T16:57:00+00:00,add_to_cart,,android
evt_004114,1063.0,2026-07-29T14:08:00+00:00,view_product,,ios
evt_004115,1126.0,2026-07-24T18:08:00+00:00,view_product,,android
evt_004116,1005.0,2026-07-03T08:17:00+00:00,view_product,,android
evt_004117,1052.0,2026-07-19T11:20:00+00:00,view_product,,web
evt_004118,1211.0,2026-07-08T09:35:00+00:00,view_product,,web
evt_004119,1004.0,2026-07-28T16:37:00+00:00,add_to_cart,,ios
evt_004120,1055.0,2026-07-17T23:58:00+00:00,checkout_started,,web
evt_004121,1137.0,2026-07-14T13:08:00+00:00,view_product,,web
evt_004122,1125.0,2026-07-03T11:51:00+00:00,view_product,,web
evt_004123,1046.0,2026-07-05T23:19:00+00:00,view_product,,ios
evt_004124,1014.0,2026-07-30T00:47:00+00:00,view_product,,web
evt_004125,1199.0,2026-08-02T18:32:00+00:00,view_product,,web
evt_004126,1122.0,2026-07-12T01:30:00+00:00,view_product,,android
evt_004127,1127.0,2026-08-01T11:10:00+00:00,checkout_started,,android
evt_004128,1013.0,2026-07-21T23:25:00+00:00,view_product,,web
evt_004129,1047.0,2026-07-14T08:06:00+00:00,add_to_cart,,web
evt_004130,1017.0,2026-07-18T03:44:00+00:00,add_to_cart,,ios
evt_004131,1217.0,2026-07-27T05:36:00+00:00,view_product,,web
evt_004132,1171.0,2026-08-04T13:06:00+00:00,view_product,,ios
evt_004133,1121.0,2026-07-19T17:04:00+00:00,view_product,,ios
evt_004134,1151.0,2026-07-14T04:06:00+00:00,view_product,,web
evt_004135,1037.0,2026-07-29T22:00:00+00:00,checkout_started,,web
evt_004136,1219.0,2026-07-20T22:53:00+00:00,view_product,,web
evt_004137,1115.0,2026-07-15T19:48:00+00:00,view_product,,web
evt_004138,1115.0,2026-07-18T11:19:00+00:00,view_product,,ios
evt_004139,1213.0,2026-07-21T08:30:00+00:00,view_product,,web
evt_004140,1022.0,2026-07-06T07:52:00+00:00,purchase,50675,android
evt_004141,1094.0,2026-07-03T04:43:00+00:00,view_product,,ios
evt_004142,1020.0,2026-07-26T06:16:00+00:00,add_to_cart,,web
evt_004143,1095.0,2026-07-07T15:31:00+00:00,view_product,,web
evt_004144,1060.0,2026-07-21T04:50:00+00:00,view_product,,web
evt_004145,1102.0,2026-07-30T16:58:00+00:00,view_product,,web
evt_004146,1156.0,2026-07-09T04:03:00+00:00,checkout_started,,web
evt_004147,1062.0,2026-07-15T11:59:00+00:00,view_product,,web
evt_004148,1012.0,2026-08-07T04:12:00+00:00,add_to_cart,,web
evt_004149,1036.0,2026-07-02T08:00:00+00:00,view_product,,web
evt_004150,1159.0,2026-07-29T17:13:00+00:00,view_product,,web
evt_004151,1128.0,2026-07-07T08:53:00+00:00,view_product,,ios
evt_004152,1217.0,2026-08-04T09:58:00+00:00,add_to_cart,,android
evt_004153,1198.0,2026-07-16T15:22:00+00:00,view_product,,ios
evt_004154,1036.0,2026-07-01T06:11:00+00:00,view_product,,android
evt_004155,1163.0,2026-07-28T06:44:00+00:00,checkout_started,,web
evt_004156,1020.0,2026-07-06T14:17:00+00:00,view_product,,web
evt_004157,1022.0,2026-07-14T19:29:00+00:00,view_product,,android
evt_004158,1176.0,2026-07-20T02:07:00+00:00,view_product,,web
evt_004159,1089.0,2026-07-29T07:36:00+00:00,view_product,,web
evt_004160,999999.0,2026-07-16T22:04:00+00:00,view_product,,android
evt_004161,1002.0,2026-08-02T14:33:00+00:00,view_product,,ios
evt_004162,1112.0,2026-07-19T07:18:00+00:00,view_product,,android
evt_004163,1069.0,2026-07-13T23:06:00+00:00,view_product,,web
evt_004164,1218.0,2026-07-13T19:25:00+00:00,add_to_cart,,ios
evt_004165,1148.0,2026-07-31T09:56:00+00:00,purchase,50718,web
evt_004166,1171.0,2026-07-26T06:21:00+00:00,add_to_cart,,web
evt_004167,1065.0,2026-07-05T19:42:00+00:00,view_product,,android
evt_004168,1198.0,2026-07-29T12:20:00+00:00,add_to_cart,,web
evt_004169,1186.0,2026-07-16T18:44:00+00:00,view_product,,ios
evt_004170,1174.0,2026-07-14T06:08:00+00:00,add_to_cart,,android
evt_004171,1106.0,2026-07-04T16:58:00+00:00,view_product,,android
evt_004172,1204.0,2026-08-07T22:22:00+00:00,view_product,,web
evt_004173,1148.0,2026-07-02T23:54:00+00:00,add_to_cart,,web
evt_004174,1015.0,2026-08-07T20:56:00+00:00,view_product,,android
evt_004175,1196.0,2026-07-03T10:50:00+00:00,add_to_cart,,web
evt_004176,1005.0,2026-07-20T04:51:00+00:00,add_to_cart,,web
evt_004177,1151.0,2026-07-04T23:32:00+00:00,view_product,,web
evt_004178,1056.0,2026-07-19T17:27:00+00:00,view_product,,web
evt_004179,1199.0,2026-08-01T18:10:00+00:00,view_product,,android
evt_004180,1162.0,2026-07-23T10:07:00+00:00,add_to_cart,,web
evt_004181,1179.0,2026-07-21T15:50:00+00:00,add_to_cart,,android
evt_004182,1155.0,2026-07-05T12:29:00+00:00,view_product,,web
evt_004183,1126.0,2026-08-06T00:01:00+00:00,checkout_started,,web
evt_004184,1191.0,2026-07-15T06:21:00+00:00,view_product,,web
evt_004185,1066.0,2026-07-21T10:39:00+00:00,view_product,,android
evt_004186,1117.0,2026-08-04T02:42:00+00:00,view_product,,web
evt_004187,1066.0,2026-07-24T21:23:00+00:00,view_product,,web
evt_004188,1026.0,2026-07-28T22:16:00+00:00,view_product,,web
evt_004189,1194.0,2026-07-08T00:14:00+00:00,view_product,,web
evt_004190,1110.0,2026-07-18T11:35:00+00:00,checkout_started,,web
evt_004191,1012.0,2026-07-21T13:00:00+00:00,checkout_started,,web
evt_004192,1183.0,2026-07-07T16:16:00+00:00,purchase,51577,web
evt_004193,1209.0,2026-07-15T15:23:00+00:00,view_product,,ios
evt_004194,1147.0,2026-08-01T14:17:00+00:00,view_product,,web
evt_004195,1073.0,2026-08-05T09:28:00+00:00,add_to_cart,,ios
evt_004196,1190.0,2026-08-01T06:54:00+00:00,view_product,,android
evt_004197,1164.0,2026-08-05T11:44:00+00:00,view_product,,android
evt_004198,1063.0,2026-08-07T22:38:00+00:00,view_product,,ios
evt_004199,1073.0,2026-07-08T13:01:00+00:00,view_product,,web
evt_004200,1219.0,2026-08-02T12:13:00+00:00,add_to_cart,,web
evt_004201,1211.0,2026-07-24T13:33:00+00:00,view_product,,web
evt_004202,1150.0,2026-08-02T15:18:00+00:00,view_product,,web
evt_004203,1009.0,2026-07-25T06:00:00+00:00,add_to_cart,,ios
evt_004204,1051.0,2026-07-05T17:57:00+00:00,view_product,,web
evt_004205,1079.0,2026-07-22T09:01:00+00:00,view_product,,web
evt_004206,1119.0,2026-07-29T21:28:00+00:00,view_product,,web
evt_004207,1192.0,2026-07-05T17:23:00+00:00,purchase,50835,ios
evt_004208,1188.0,2026-07-20T04:07:00+00:00,add_to_cart,,web
evt_004209,1061.0,2026-07-25T20:27:00+00:00,view_product,,web
evt_004210,1025.0,2026-07-18T15:25:00+00:00,add_to_cart,,ios
evt_004211,1061.0,2026-07-31T08:45:00+00:00,purchase,50357,android
evt_004212,1053.0,2026-07-05T19:48:00+00:00,view_product,,ios
evt_004213,1199.0,2026-07-14T02:50:00+00:00,view_product,,web
evt_004214,1004.0,2026-08-06T03:34:00+00:00,view_product,,android
evt_004215,1184.0,2026-07-20T13:16:00+00:00,add_to_cart,,web
evt_004216,1146.0,2026-07-07T21:03:00+00:00,view_product,,web
evt_004217,1024.0,2026-07-05T10:05:00+00:00,view_product,,web
evt_004218,1152.0,2026-07-23T12:57:00+00:00,view_product,,web
evt_004219,1129.0,2026-08-05T08:47:00+00:00,add_to_cart,,ios
evt_004220,1001.0,2026-07-02T20:50:00+00:00,add_to_cart,,web
evt_004221,1050.0,2026-07-05T03:53:00+00:00,view_product,,android
evt_004222,1077.0,2026-07-15T06:12:00+00:00,view_product,,web
evt_004223,1048.0,2026-07-08T22:02:00+00:00,add_to_cart,,web
evt_004224,1128.0,2026-07-05T14:25:00+00:00,view_product,,web
evt_004225,1137.0,2026-07-12T08:12:00+00:00,add_to_cart,,ios
evt_004226,1038.0,2026-07-25T10:14:00+00:00,view_product,,web
evt_004227,1028.0,2026-08-01T09:07:00+00:00,checkout_started,,web
evt_004228,1145.0,2026-07-12T15:25:00+00:00,view_product,,web
evt_004229,1104.0,2026-07-27T14:59:00+00:00,add_to_cart,,web
evt_004230,1059.0,2026-08-01T06:42:00+00:00,view_product,,web
evt_004231,1057.0,2026-07-01T06:23:00+00:00,view_product,,android
evt_004232,1009.0,2026-08-02T09:46:00+00:00,add_to_cart,,web
evt_004233,1189.0,2026-07-07T23:24:00+00:00,view_product,,web
evt_004234,1187.0,2026-07-27T00:46:00+00:00,add_to_cart,,ios
evt_004235,1123.0,2026-07-29T12:08:00+00:00,view_product,,android
evt_004236,1078.0,2026-08-02T02:54:00+00:00,view_product,,ios
evt_004237,1048.0,2026-07-16T08:17:00+00:00,checkout_started,,web
evt_004238,1068.0,2026-07-26T01:28:00+00:00,view_product,,android
evt_004239,1205.0,2026-07-01T23:54:00+00:00,checkout_started,,web
evt_004240,1020.0,2026-07-17T23:35:00+00:00,view_product,,web
evt_004241,1182.0,2026-08-06T15:05:00+00:00,view_product,,ios
evt_004242,1068.0,2026-07-07T00:34:00+00:00,add_to_cart,,web
evt_004243,1059.0,2026-07-06T17:55:00+00:00,view_product,,web
evt_004244,1179.0,2026-07-27T14:31:00+00:00,view_product,,android
evt_004245,1213.0,2026-07-20T09:32:00+00:00,view_product,,web
evt_004246,1220.0,2026-07-18T06:54:00+00:00,view_product,,web
evt_004247,1060.0,2026-07-10T10:27:00+00:00,add_to_cart,,web
evt_004248,1131.0,2026-07-07T12:11:00+00:00,view_product,,web
evt_004249,1065.0,2026-07-29T00:34:00+00:00,view_product,,ios
evt_004250,1043.0,2026-07-14T14:16:00+00:00,view_product,,android
evt_004251,1086.0,2026-07-30T12:22:00+00:00,view_product,,ios
evt_004252,1014.0,2026-07-17T20:19:00+00:00,view_product,,android
evt_004253,1037.0,2026-07-16T02:15:00+00:00,view_product,,web
evt_004254,1132.0,2026-07-09T17:52:00+00:00,checkout_started,,web
evt_004255,1152.0,2026-07-26T00:30:00+00:00,add_to_cart,,web
evt_004256,1060.0,2026-07-11T19:35:00+00:00,view_product,,android
evt_004257,1124.0,2026-08-04T13:04:00+00:00,view_product,,web
evt_004258,1169.0,2026-07-16T12:23:00+00:00,view_product,,web
evt_004259,1198.0,2026-07-31T23:06:00+00:00,view_product,,web
evt_004260,1126.0,2026-07-18T20:35:00+00:00,view_product,,web
evt_004261,1054.0,2026-07-16T18:23:00+00:00,checkout_started,,ios
evt_004262,1158.0,2026-07-18T05:18:00+00:00,add_to_cart,,android
evt_004263,1038.0,2026-07-17T18:37:00+00:00,view_product,,web
evt_004264,1031.0,2026-07-19T04:49:00+00:00,view_product,,web
evt_004265,1080.0,2026-08-03T16:49:00+00:00,add_to_cart,,web
evt_004266,1073.0,2026-07-27T17:12:00+00:00,purchase,50141,web
evt_004267,1033.0,2026-07-02T07:20:00+00:00,view_product,,web
evt_004268,1012.0,2026-07-03T05:05:00+00:00,checkout_started,,web
evt_004269,1210.0,2026-07-01T20:48:00+00:00,view_product,,web
evt_004270,1150.0,2026-07-27T06:07:00+00:00,add_to_cart,,ios
evt_004271,1159.0,2026-07-08T19:41:00+00:00,view_product,,android
evt_004272,1015.0,2026-07-15T15:22:00+00:00,view_product,,web
evt_004273,1176.0,2026-08-01T10:47:00+00:00,view_product,,ios
evt_004274,1081.0,2026-07-06T00:11:00+00:00,view_product,,ios
evt_004275,1166.0,2026-07-06T19:43:00+00:00,view_product,,web
evt_004276,1109.0,2026-07-04T00:26:00+00:00,view_product,,web
evt_004277,1054.0,2026-07-11T20:10:00+00:00,add_to_cart,,web
evt_004278,1058.0,2026-07-04T09:43:00+00:00,view_product,,web
evt_004279,1032.0,2026-07-24T21:42:00+00:00,add_to_cart,,web
evt_004280,1184.0,2026-07-28T23:56:00+00:00,view_product,,web
evt_004281,1095.0,2026-07-08T00:01:00+00:00,add_to_cart,,android
evt_004282,1173.0,2026-07-20T22:11:00+00:00,view_product,,android
evt_004283,1184.0,2026-07-12T12:26:00+00:00,view_product,,web
evt_004284,1037.0,2026-07-04T01:13:00+00:00,view_product,,ios
evt_004285,1074.0,2026-07-18T17:49:00+00:00,purchase,50943,android
evt_004286,1028.0,2026-07-27T11:55:00+00:00,add_to_cart,,web
evt_004287,1003.0,2026-07-09T16:02:00+00:00,view_product,,web
evt_004288,1219.0,2026-07-30T22:44:00+00:00,add_to_cart,,ios
evt_004289,1146.0,2026-08-07T17:04:00+00:00,view_product,,android
evt_004290,1100.0,2026-07-03T03:20:00+00:00,view_product,,android
evt_004291,1045.0,2026-07-07T05:03:00+00:00,view_product,,web
evt_004292,1131.0,2026-07-11T23:56:00+00:00,add_to_cart,,ios
evt_004293,1120.0,2026-08-02T07:08:00+00:00,purchase,51329,web
evt_004294,1050.0,2026-07-06T09:36:00+00:00,purchase,51137,web
evt_004295,1004.0,2026-07-18T20:43:00+00:00,view_product,,web
evt_004296,1104.0,2026-07-21T10:05:00+00:00,view_product,,ios
evt_004297,1113.0,2026-07-05T21:45:00+00:00,checkout_started,,web
evt_004298,1177.0,2026-07-02T14:18:00+00:00,view_product,,web
evt_004299,1087.0,2026-07-05T12:03:00+00:00,view_product,,ios
evt_004300,1022.0,2026-07-03T03:15:00+00:00,purchase,51495,web
evt_004301,1195.0,2026-07-20T00:16:00+00:00,view_product,,android
evt_004302,1092.0,2026-08-05T14:09:00+00:00,view_product,,web
evt_004303,1160.0,2026-07-14T10:24:00+00:00,checkout_started,,ios
evt_004304,1010.0,2026-07-10T18:07:00+00:00,add_to_cart,,web
evt_004305,1008.0,2026-07-09T21:57:00+00:00,purchase,50067,android
evt_004306,1006.0,2026-08-07T06:59:00+00:00,add_to_cart,,android
evt_004307,1175.0,2026-08-06T10:33:00+00:00,view_product,,web
evt_004308,1054.0,2026-07-25T15:26:00+00:00,add_to_cart,,ios
evt_004309,1175.0,2026-07-18T14:36:00+00:00,add_to_cart,,android
evt_004310,1209.0,2026-07-07T01:44:00+00:00,purchase,50645,web
evt_004311,1147.0,2026-08-05T07:04:00+00:00,view_product,,web
evt_004312,1218.0,2026-07-01T01:14:00+00:00,view_product,,android
evt_004313,1206.0,2026-07-07T05:34:00+00:00,view_product,,web
evt_004314,1160.0,2026-07-26T18:55:00+00:00,view_product,,android
evt_004315,1178.0,2026-07-07T23:19:00+00:00,purchase,50979,web
evt_004316,1134.0,2026-07-05T02:42:00+00:00,purchase,51372,android
evt_004317,1049.0,2026-07-23T15:34:00+00:00,view_product,,android
evt_004318,1023.0,2026-07-01T23:55:00+00:00,purchase,50501,web
evt_004319,1085.0,2026-07-11T06:07:00+00:00,view_product,,web
evt_004320,1106.0,2026-07-25T10:10:00+00:00,checkout_started,,ios
evt_004321,1078.0,2026-07-08T00:39:00+00:00,add_to_cart,,android
evt_004322,1023.0,2026-07-29T20:30:00+00:00,add_to_cart,,web
evt_004323,1112.0,2026-07-04T14:21:00+00:00,add_to_cart,,web
evt_004324,1111.0,2026-07-24T07:17:00+00:00,add_to_cart,,android
evt_004325,1211.0,2026-07-03T21:33:00+00:00,checkout_started,,web
evt_004326,1211.0,2026-07-28T19:23:00+00:00,view_product,,ios
evt_004327,1137.0,2026-07-29T14:53:00+00:00,checkout_started,,web
evt_004328,1188.0,2026-07-31T04:52:00+00:00,view_product,,android
evt_004329,1070.0,2026-07-11T17:19:00+00:00,view_product,,web
evt_004330,1215.0,2026-07-09T23:30:00+00:00,add_to_cart,,android
evt_004331,1209.0,2026-08-07T04:19:00+00:00,add_to_cart,,web
evt_004332,1028.0,2026-07-28T17:17:00+00:00,checkout_started,,android
evt_004333,1155.0,2026-07-07T23:00:00+00:00,view_product,,web
evt_004334,1102.0,2026-07-02T02:36:00+00:00,view_product,,ios
evt_004335,1059.0,2026-07-14T11:15:00+00:00,view_product,,android
evt_004336,1092.0,2026-07-26T06:35:00+00:00,checkout_started,,android
evt_004337,1201.0,2026-07-15T05:54:00+00:00,purchase,51083,web
evt_004338,1205.0,2026-07-31T16:40:00+00:00,checkout_started,,web
evt_004339,1077.0,2026-07-20T00:08:00+00:00,view_product,,web
evt_004340,1103.0,2026-08-07T16:03:00+00:00,checkout_started,,web
evt_004341,1115.0,2026-08-03T02:01:00+00:00,view_product,,ios
evt_004342,1163.0,2026-07-18T21:46:00+00:00,purchase,50333,android
evt_004343,1106.0,2026-08-01T17:18:00+00:00,view_product,,ios
evt_004344,1088.0,2026-07-18T00:43:00+00:00,view_product,,web
evt_004345,1205.0,2026-07-01T09:04:00+00:00,view_product,,web
evt_004346,1083.0,2026-07-12T16:55:00+00:00,add_to_cart,,web
evt_004347,1059.0,2026-07-16T13:14:00+00:00,view_product,,web
evt_004348,1073.0,2026-08-07T02:31:00+00:00,view_product,,android
evt_004349,1074.0,2026-08-01T11:04:00+00:00,add_to_cart,,web
evt_004350,1123.0,2026-07-06T13:42:00+00:00,purchase,50947,web
evt_004351,1146.0,2026-07-01T00:10:00+00:00,add_to_cart,,ios
evt_004352,1030.0,2026-07-21T02:15:00+00:00,view_product,,web
evt_004353,1196.0,2026-07-21T06:40:00+00:00,add_to_cart,,web
evt_004354,1057.0,2026-07-28T22:40:00+00:00,view_product,,web
evt_004355,1026.0,2026-07-10T20:38:00+00:00,view_product,,web
evt_004356,1148.0,2026-07-31T20:42:00+00:00,view_product,,web
evt_004357,1047.0,2026-07-16T16:26:00+00:00,view_product,,web
evt_004358,1166.0,2026-07-13T17:07:00+00:00,view_product,,ios
evt_004359,1210.0,2026-07-16T23:19:00+00:00,view_product,,web
evt_004360,1154.0,2026-08-05T21:22:00+00:00,view_product,,web
evt_004361,1172.0,2026-07-15T21:16:00+00:00,add_to_cart,,ios
evt_004362,1110.0,2026-07-22T07:14:00+00:00,view_product,,web
evt_004363,1077.0,2026-08-03T21:27:00+00:00,view_product,,web
evt_004364,1136.0,2026-07-01T16:40:00+00:00,view_product,,web
evt_004365,1080.0,2026-07-21T09:15:00+00:00,add_to_cart,,web
evt_004366,1194.0,2026-07-27T22:00:00+00:00,checkout_started,,web
evt_004367,1104.0,2026-08-04T08:13:00+00:00,view_product,,android
evt_004368,1111.0,2026-07-03T08:06:00+00:00,add_to_cart,,web
evt_004369,1149.0,2026-07-28T14:47:00+00:00,checkout_started,,web
evt_004370,1042.0,2026-07-31T11:55:00+00:00,add_to_cart,,web
evt_004371,1124.0,2026-07-14T08:13:00+00:00,view_product,,web
evt_004372,1167.0,2026-07-29T08:27:00+00:00,view_product,,ios
evt_004373,1172.0,2026-07-19T18:07:00+00:00,view_product,,ios
evt_004374,1050.0,2026-07-26T00:10:00+00:00,view_product,,android
evt_004375,1012.0,2026-07-15T19:33:00+00:00,view_product,,web
evt_004376,1043.0,2026-07-07T17:35:00+00:00,purchase,51241,web
evt_004377,1182.0,2026-08-01T11:39:00+00:00,view_product,,ios
evt_004378,1059.0,2026-07-09T05:23:00+00:00,view_product,,web
evt_004379,1013.0,2026-07-08T03:05:00+00:00,purchase,51311,web
evt_004380,1132.0,2026-08-03T16:06:00+00:00,view_product,,web
evt_004381,1195.0,2026-08-05T14:00:00+00:00,view_product,,web
evt_004382,1050.0,2026-07-24T03:41:00+00:00,purchase,50723,android
evt_004383,1010.0,2026-07-23T01:20:00+00:00,view_product,,android
evt_004384,1031.0,2026-07-14T17:02:00+00:00,view_product,,ios
evt_004385,1029.0,2026-07-24T05:55:00+00:00,view_product,,web
evt_004386,1046.0,2026-07-24T03:36:00+00:00,view_product,,ios
evt_004387,1040.0,2026-07-20T15:19:00+00:00,add_to_cart,,ios
evt_004388,1141.0,2026-07-25T21:29:00+00:00,view_product,,android
evt_004389,1050.0,2026-07-22T01:42:00+00:00,add_to_cart,,web
evt_004390,1122.0,2026-08-03T09:51:00+00:00,view_product,,android
evt_004391,1089.0,2026-07-26T08:55:00+00:00,purchase,50757,web
evt_004392,1145.0,2026-07-15T15:18:00+00:00,view_product,,ios
evt_004393,1145.0,2026-07-25T21:23:00+00:00,purchase,51412,android
evt_004394,1132.0,2026-07-09T17:51:00+00:00,view_product,,android
evt_004395,1198.0,2026-07-09T03:18:00+00:00,checkout_started,,android
evt_004396,1044.0,2026-08-01T10:04:00+00:00,checkout_started,,web
evt_004397,1116.0,2026-07-23T03:11:00+00:00,view_product,,ios
evt_004398,1088.0,2026-07-03T01:00:00+00:00,view_product,,web
evt_004399,1118.0,2026-07-14T11:25:00+00:00,add_to_cart,,ios
evt_004400,1031.0,2026-08-07T09:37:00+00:00,view_product,,web
evt_004401,1071.0,2026-07-25T04:58:00+00:00,view_product,,web
evt_004402,1208.0,2026-08-03T00:09:00+00:00,add_to_cart,,android
evt_004403,1177.0,2026-07-21T19:37:00+00:00,purchase,50877,android
evt_004404,1095.0,2026-07-02T14:51:00+00:00,purchase,50561,web
evt_004405,1025.0,2026-07-07T19:52:00+00:00,view_product,,web
evt_004406,1144.0,2026-07-04T12:00:00+00:00,view_product,,web
evt_004407,1067.0,2026-07-28T22:04:00+00:00,view_product,,web
evt_004408,1073.0,2026-07-29T18:02:00+00:00,add_to_cart,,web
evt_004409,1022.0,2026-07-18T08:47:00+00:00,purchase,50440,android
evt_004410,1064.0,2026-07-28T12:40:00+00:00,view_product,,web
evt_004411,1048.0,2026-07-21T22:54:00+00:00,view_product,,web
evt_004412,1008.0,2026-07-29T02:42:00+00:00,view_product,,ios
evt_004413,1130.0,2026-07-26T13:27:00+00:00,view_product,,web
evt_004414,1215.0,2026-07-18T07:30:00+00:00,purchase,51139,web
evt_004415,1028.0,2026-07-25T19:25:00+00:00,add_to_cart,,web
evt_004416,1012.0,2026-07-13T02:34:00+00:00,view_product,,web
evt_004417,1023.0,2026-07-29T11:01:00+00:00,view_product,,web
evt_004418,1121.0,2026-08-04T17:15:00+00:00,view_product,,ios
evt_004419,1183.0,2026-07-08T20:33:00+00:00,add_to_cart,,web
evt_004420,1069.0,2026-07-26T08:20:00+00:00,add_to_cart,,android
evt_004421,1027.0,2026-07-05T04:40:00+00:00,view_product,,android
evt_004422,1022.0,2026-07-15T08:16:00+00:00,view_product,,android
evt_004423,1135.0,2026-07-26T10:17:00+00:00,checkout_started,,android
evt_004424,1079.0,2026-07-11T12:59:00+00:00,checkout_started,,android
evt_004425,1078.0,2026-07-09T23:13:00+00:00,view_product,,android
evt_004426,1053.0,2026-07-15T14:06:00+00:00,view_product,,web
evt_004427,1199.0,2026-07-05T08:31:00+00:00,purchase,51140,web
evt_004428,1083.0,2026-07-24T18:24:00+00:00,add_to_cart,,ios
evt_004429,1157.0,2026-07-05T23:41:00+00:00,purchase,50861,android
evt_004430,1165.0,2026-07-13T15:50:00+00:00,view_product,,android
evt_004431,1014.0,2026-07-12T21:16:00+00:00,view_product,,ios
evt_004432,1055.0,2026-08-06T18:42:00+00:00,view_product,,android
evt_004433,1198.0,2026-08-07T16:30:00+00:00,checkout_started,,ios
evt_004434,1196.0,2026-07-04T00:19:00+00:00,add_to_cart,,ios
evt_004435,1092.0,2026-07-06T23:25:00+00:00,view_product,,web
evt_004436,1035.0,2026-07-28T19:45:00+00:00,purchase,50255,web
evt_004437,1066.0,2026-07-12T08:15:00+00:00,purchase,50259,web
evt_004438,1210.0,2026-07-25T11:25:00+00:00,view_product,,web
evt_004439,1149.0,2026-08-04T23:42:00+00:00,add_to_cart,,web
evt_004440,1017.0,2026-07-07T04:31:00+00:00,add_to_cart,,web
evt_004441,1159.0,2026-08-06T14:32:00+00:00,view_product,,android
evt_004442,1033.0,2026-07-02T23:52:00+00:00,add_to_cart,,web
evt_004443,1068.0,2026-07-09T16:42:00+00:00,view_product,,ios
evt_004444,1107.0,2026-07-20T06:54:00+00:00,checkout_started,,web
evt_004445,1078.0,2026-08-03T10:58:00+00:00,checkout_started,,android
evt_004446,1155.0,2026-07-22T01:08:00+00:00,checkout_started,,web
evt_004447,1035.0,2026-07-06T06:41:00+00:00,add_to_cart,,web
evt_004448,1194.0,2026-07-10T11:00:00+00:00,view_product,,ios
evt_004449,1132.0,2026-07-29T22:31:00+00:00,view_product,,web
evt_004450,1068.0,2026-07-22T08:09:00+00:00,add_to_cart,,web
evt_004451,1212.0,2026-07-01T11:51:00+00:00,view_product,,ios
evt_004452,1106.0,2026-07-20T01:25:00+00:00,add_to_cart,,android
evt_004453,1093.0,2026-07-16T10:50:00+00:00,view_product,,web
evt_004454,1005.0,2026-07-01T00:31:00+00:00,view_product,,android
evt_004455,999999.0,2026-07-10T09:34:00+00:00,view_product,,web
evt_004456,1188.0,2026-08-05T13:01:00+00:00,add_to_cart,,web
evt_004457,1039.0,2026-07-27T18:03:00+00:00,view_product,,web
evt_004458,1210.0,2026-07-03T16:34:00+00:00,add_to_cart,,web
evt_004459,1176.0,2026-07-01T14:38:00+00:00,view_product,,web
evt_004460,1094.0,2026-07-14T03:29:00+00:00,add_to_cart,,android
evt_004461,1206.0,2026-07-18T15:59:00+00:00,add_to_cart,,web
evt_004462,1124.0,2026-07-18T05:33:00+00:00,view_product,,android
evt_004463,1153.0,2026-07-27T11:25:00+00:00,view_product,,web
evt_004464,1041.0,2026-07-07T14:06:00+00:00,view_product,,ios
evt_004465,1025.0,2026-07-02T18:35:00+00:00,view_product,,web
evt_004466,1117.0,2026-07-26T13:28:00+00:00,add_to_cart,,web
evt_004467,1073.0,2026-08-04T02:25:00+00:00,view_product,,web
evt_004468,1217.0,2026-07-07T08:58:00+00:00,checkout_started,,ios
evt_004469,1019.0,2026-07-14T17:24:00+00:00,add_to_cart,,ios
evt_004470,1169.0,2026-07-24T19:30:00+00:00,view_product,,web
evt_004471,1133.0,2026-07-07T06:43:00+00:00,checkout_started,,web
evt_004472,1195.0,2026-08-02T16:16:00+00:00,add_to_cart,,web
evt_004473,999999.0,2026-07-09T13:37:00+00:00,view_product,,web
evt_004474,1193.0,2026-07-21T05:43:00+00:00,add_to_cart,,ios
evt_004475,1083.0,2026-07-13T21:04:00+00:00,purchase,50390,web
evt_004476,1154.0,2026-07-26T08:40:00+00:00,view_product,,android
evt_004477,1037.0,2026-07-08T12:55:00+00:00,view_product,,android
evt_004478,1108.0,2026-07-04T17:35:00+00:00,view_product,,web
evt_004479,1060.0,2026-07-20T09:38:00+00:00,view_product,,android
evt_004480,1056.0,2026-08-02T21:05:00+00:00,add_to_cart,,ios
evt_004481,1127.0,2026-07-25T01:14:00+00:00,view_product,,web
evt_004482,1029.0,2026-07-29T17:06:00+00:00,add_to_cart,,android
evt_004483,1126.0,2026-07-17T11:17:00+00:00,view_product,,web
evt_004484,1089.0,2026-07-06T07:47:00+00:00,view_product,,ios
evt_004485,1051.0,2026-07-17T05:27:00+00:00,checkout_started,,ios
evt_004486,1125.0,2026-08-07T12:35:00+00:00,view_product,,android
evt_004487,1166.0,2026-07-30T16:54:00+00:00,view_product,,ios
evt_004488,1135.0,2026-07-27T17:37:00+00:00,view_product,,android
evt_004489,1020.0,2026-07-12T10:31:00+00:00,view_product,,web
evt_004490,1125.0,2026-07-23T18:53:00+00:00,view_product,,android
evt_004491,1138.0,2026-07-24T15:57:00+00:00,view_product,,ios
evt_004492,1152.0,2026-07-25T20:37:00+00:00,add_to_cart,,ios
evt_004493,1095.0,2026-08-03T22:20:00+00:00,view_product,,android
evt_004494,1021.0,2026-07-26T21:35:00+00:00,checkout_started,,web
evt_004495,1029.0,2026-07-09T10:01:00+00:00,checkout_started,,web
evt_004496,1074.0,2026-07-09T10:04:00+00:00,view_product,,android
evt_004497,1141.0,2026-07-24T13:20:00+00:00,view_product,,android
evt_004498,1164.0,2026-08-02T21:58:00+00:00,checkout_started,,ios
evt_004499,1149.0,2026-08-06T00:33:00+00:00,view_product,,web
evt_004500,1070.0,2026-07-24T04:00:00+00:00,view_product,,web
evt_000124,1005.0,2026-07-23T10:27:00+00:00,view_product,,web
