order_id,customer_id,created_at,status,amount,discount,currency,updated_at
50001,1203,2026-07-19T05:30:00+00:00,shipped,86.17,0,EUR,2026-07-22T13:30:00+00:00
50002,1174,2026-07-18T20:01:00+00:00,cancelled,77.42,0,PLN,2026-07-21T18:01:00+00:00
50003,1097,2026-08-04T22:03:00+00:00,paid,55.24,0,EUR,2026-08-07T08:03:00+00:00
50004,1033,2026-07-06T17:24:00+00:00,paid,92.95,0,EUR,2026-07-07T00:24:00+00:00
50005,1089,2026-07-12T15:23:00+00:00,cancelled,42.58,15,EUR,2026-07-14T08:23:00+00:00
50006,1177,2026-07-07T21:00:00+00:00,paid,26.16,0,EUR,2026-07-08T03:00:00+00:00
50007,1127,2026-07-10T06:36:00+00:00,paid,74.18,10,EUR,2026-07-10T15:36:00+00:00
50008,1041,2026-08-04T11:16:00+00:00,paid,117.66,0,EUR,2026-08-05T21:16:00+00:00
50009,1035,2026-08-05T17:56:00+00:00,shipped,21.5,0,EUR,2026-08-07T13:56:00+00:00
50010,1213,2026-07-02T16:43:00+00:00,paid,47.15,0,EUR,2026-07-04T18:43:00+00:00
50011,1099,2026-07-25T00:28:00+00:00,shipped,72.3,0,EUR,2026-07-28T14:28:00+00:00
50012,1151,2026-07-09T20:21:00+00:00,paid,-25.0,5,EUR,2026-07-12T21:21:00+00:00
50013,1080,2026-07-08T07:36:00+00:00,shipped,100.34,10,EUR,2026-07-09T23:36:00+00:00
50014,1020,2026-07-12T02:21:00+00:00,paid,208.83,0,EUR,2026-07-13T10:21:00+00:00
50015,1091,2026-07-08T09:16:00+00:00,paid,7.86,5,EUR,2026-07-11T05:16:00+00:00
50016,1153,2026-07-19T15:03:00+00:00,paid,214.61,0,PLN,2026-07-20T17:03:00+00:00
50017,1074,2026-08-07T19:59:00+00:00,paid,203.13,0,EUR,2026-08-11T07:59:00+00:00
50018,1133,2026-07-23T06:50:00+00:00,paid,124.95,10,EUR,2026-07-26T09:50:00+00:00
50019,1097,2026-07-28T11:35:00+00:00,paid,81.81,0,EUR,2026-07-31T04:35:00+00:00
50020,1075,2026-07-19T17:52:00+00:00,paid,43.24,0,EUR,2026-07-20T16:52:00+00:00
50021,1057,2026-07-01T12:41:00+00:00,paid,123.97,15,EUR,2026-07-03T23:41:00+00:00
50022,1058,2026-07-04T04:42:00+00:00,refunded,84.68,20,EUR,2026-07-07T10:42:00+00:00
50023,1057,2026-07-11T05:12:00+00:00,paid,56.11,0,EUR,2026-07-11T11:12:00+00:00
50024,1159,2026-07-10T06:13:00+00:00,shipped,121.92,0,EUR,2026-07-10T23:13:00+00:00
50025,1075,2026-08-01T22:36:00+00:00,refunded,135.58,10,EUR,2026-08-03T23:36:00+00:00
50026,1164,2026-08-02T01:21:00+00:00,paid,165.17,0,PLN,2026-08-03T11:21:00+00:00
50027,1069,2026-08-02T10:57:00+00:00,shipped,39.59,0,PLN,2026-08-05T06:57:00+00:00
50028,1072,2026-07-25T05:28:00+00:00,cancelled,152.02,0,EUR,2026-07-26T19:28:00+00:00
50029,1204,2026-07-22T03:13:00+00:00,shipped,56.88,15,EUR,2026-07-26T02:13:00+00:00
50030,1193,2026-07-25T16:01:00+00:00,paid,81.97,15,EUR,2026-07-26T20:01:00+00:00
50031,1089,2026-07-16T11:00:00+00:00,paid,93.0,5,EUR,2026-07-17T21:00:00+00:00
50032,1060,2026-07-26T11:13:00+00:00,paid,144.31,0,EUR,2026-07-26T11:13:00+00:00
50033,1158,2026-07-31T04:31:00+00:00,paid,114.0,0,EUR,2026-08-01T03:31:00+00:00
50034,1016,2026-07-29T23:46:00+00:00,refunded,55.42,0,EUR,2026-07-30T21:46:00+00:00
50035,1101,2026-07-24T07:48:00+00:00,refunded,9.13,15,EUR,2026-07-27T08:48:00+00:00
50036,1132,2026-07-03T04:59:00+00:00,paid,99.56,0,EUR,2026-07-04T12:59:00+00:00
50037,1149,2026-07-28T13:09:00+00:00,shipped,79.67,0,PLN,2026-07-29T08:09:00+00:00
50038,999999,2026-07-14T22:20:00+00:00,paid,24.7,5,PLN,2026-07-16T04:20:00+00:00
50039,1001,2026-07-29T06:13:00+00:00,cancelled,86.22,0,EUR,2026-07-31T12:13:00+00:00
50040,1061,2026-07-21T12:02:00+00:00,paid,71.66,10,EUR,2026-07-24T15:02:00+00:00
50041,1027,2026-08-03T11:38:00+00:00,cancelled,164.16,0,EUR,2026-08-07T08:38:00+00:00
50042,1112,2026-07-13T20:40:00+00:00,cancelled,223.67,10,EUR,2026-07-14T00:40:00+00:00
50043,1203,2026-08-05T09:25:00+00:00,paid,133.45,0,EUR,2026-08-08T17:25:00+00:00
50044,1063,2026-08-02T02:09:00+00:00,paid,68.77,0,EUR,2026-08-03T15:09:00+00:00
50045,1100,2026-07-13T13:58:00+00:00,cancelled,76.25,0,EUR,2026-07-16T18:58:00+00:00
50046,1048,2026-07-19T08:06:00+00:00,paid,38.48,0,EUR,2026-07-19T11:06:00+00:00
50047,1010,2026-07-21T04:35:00+00:00,paid,44.47,0,PLN,2026-07-23T16:35:00+00:00
50048,1155,2026-07-30T04:59:00+00:00,cancelled,65.97,0,EUR,2026-08-02T21:59:00+00:00
50049,1057,2026-07-27T04:30:00+00:00,shipped,61.13,0,EUR,2026-07-27T07:30:00+00:00
50050,1121,2026-08-02T09:02:00+00:00,paid,23.45,5,EUR,2026-08-05T12:02:00+00:00
50051,1151,2026-07-15T01:19:00+00:00,paid,165.23,0,EUR,2026-07-15T11:19:00+00:00
50052,1185,2026-07-20T04:22:00+00:00,paid,179.79,5,EUR,2026-07-24T02:22:00+00:00
50053,1041,2026-07-17T08:56:00+00:00,refunded,161.92,10,EUR,2026-07-20T07:56:00+00:00
50054,1128,2026-08-04T13:30:00+00:00,paid,183.6,0,EUR,2026-08-08T04:30:00+00:00
50055,1201,2026-07-12T14:08:00+00:00,paid,263.81,10,EUR,2026-07-16T04:08:00+00:00
50056,1107,2026-07-23T07:27:00+00:00,paid,39.07,0,EUR,2026-07-24T13:27:00+00:00
50057,1009,2026-07-05T13:35:00+00:00,refunded,256.88,0,EUR,2026-07-07T04:35:00+00:00
50058,1058,2026-08-02T07:27:00+00:00,paid,55.17,0,EUR,2026-08-05T01:27:00+00:00
50059,1175,2026-07-15T14:24:00+00:00,cancelled,109.52,10,EUR,2026-07-16T06:24:00+00:00
50060,1175,2026-07-13T22:37:00+00:00,shipped,18.52,0,EUR,2026-07-15T03:37:00+00:00
50061,1070,2026-07-23T03:37:00+00:00,cancelled,50.0,0,EUR,2026-07-23T12:37:00+00:00
50062,1044,2026-07-19T22:55:00+00:00,refunded,135.88,20,EUR,2026-07-23T11:55:00+00:00
50063,1065,2026-08-02T05:21:00+00:00,cancelled,112.97,0,EUR,2026-08-03T04:21:00+00:00
50064,1054,2026-07-21T04:38:00+00:00,refunded,54.38,15,EUR,2026-07-22T19:38:00+00:00
50065,1164,2026-07-20T15:29:00+00:00,paid,76.23,5,EUR,2026-07-22T10:29:00+00:00
50066,1186,2026-07-04T23:44:00+00:00,shipped,46.05,15,EUR,2026-07-06T11:44:00+00:00
50067,1011,2026-07-01T20:00:00+00:00,shipped,135.64,15,EUR,2026-07-04T22:00:00+00:00
50068,1164,2026-07-16T03:28:00+00:00,shipped,172.15,20,EUR,2026-07-19T18:28:00+00:00
50069,1166,2026-08-07T22:21:00+00:00,cancelled,39.21,0,EUR,2026-08-10T04:21:00+00:00
50070,1135,2026-08-04T20:36:00+00:00,refunded,70.92,10,EUR,2026-08-08T04:36:00+00:00
50071,1192,2026-07-24T21:37:00+00:00,shipped,22.59,10,EUR,2026-07-25T07:37:00+00:00
50072,1009,2026-07-24T23:19:00+00:00,paid,84.47,5,EUR,2026-07-28T19:19:00+00:00
50073,1154,2026-07-15T21:03:00+00:00,paid,102.09,0,EUR,2026-07-16T08:03:00+00:00
50074,1028,2026-07-07T17:53:00+00:00,paid,89.21,20,EUR,2026-07-07T23:53:00+00:00
50075,1198,2026-07-01T07:47:00+00:00,paid,96.85,0,EUR,2026-07-01T09:47:00+00:00
50076,1110,2026-07-13T21:02:00+00:00,paid,65.68,0,EUR,2026-07-14T20:02:00+00:00
50077,1020,2026-07-13T00:37:00+00:00,paid,66.81,0,EUR,2026-07-16T08:37:00+00:00
50078,1165,2026-07-08T06:44:00+00:00,paid,64.61,0,EUR,2026-07-09T10:44:00+00:00
50079,1165,2026-07-10T20:21:00+00:00,shipped,48.85,5,EUR,2026-07-13T23:21:00+00:00
50080,1103,2026-07-01T22:38:00+00:00,paid,53.55,0,EUR,2026-07-03T14:38:00+00:00
50081,1069,2026-07-24T02:27:00+00:00,cancelled,99.05,5,EUR,2026-07-24T11:27:00+00:00
50082,1004,2026-08-05T05:50:00+00:00,shipped,165.34,10,EUR,2026-08-07T02:50:00+00:00
50083,1200,2026-07-27T06:00:00+00:00,paid,33.78,0,EUR,2026-07-28T04:00:00+00:00
50084,1041,2026-07-18T00:45:00+00:00,paid,66.63,5,EUR,2026-07-19T03:45:00+00:00
50085,1186,2026-07-16T23:17:00+00:00,paid,28.02,0,EUR,2026-07-19T00:17:00+00:00
50086,1130,2026-07-12T16:28:00+00:00,refunded,49.53,10,EUR,2026-07-15T19:28:00+00:00
50087,1151,2026-07-06T09:52:00+00:00,paid,55.93,20,EUR,2026-07-08T17:52:00+00:00
50088,1153,2026-07-23T17:48:00+00:00,paid,80.46,0,EUR,2026-07-24T14:48:00+00:00
50089,1189,2026/07/04 12:01:00,cancelled,78.93,5,EUR,2026-07-25T08:40:00+00:00
50090,1008,2026-07-01T06:40:00+00:00,refunded,70.47,0,EUR,2026-07-04T00:40:00+00:00
50091,1219,2026-07-16T18:57:00+00:00,paid,93.76,0,EUR,2026-07-17T16:57:00+00:00
50092,1010,2026-07-11T13:33:00+00:00,paid,36.52,5,EUR,2026-07-14T22:33:00+00:00
50093,1220,2026-07-07T11:17:00+00:00,paid,80.92,0,EUR,2026-07-10T19:17:00+00:00
50094,1058,2026-07-27T17:09:00+00:00,paid,115.07,0,EUR,2026-07-30T02:09:00+00:00
50095,1187,2026-07-20T23:33:00+00:00,paid,36.15,0,EUR,2026-07-22T03:33:00+00:00
50096,1019,2026-07-25T01:59:00+00:00,shipped,15.17,0,EUR,2026-07-26T10:59:00+00:00
50097,1102,2026-07-28T02:41:00+00:00,cancelled,134.95,15,EUR,2026-07-29T20:41:00+00:00
50098,1120,2026-08-07T07:24:00+00:00,paid,28.81,0,EUR,2026-08-08T01:24:00+00:00
50099,1210,2026-07-31T12:07:00+00:00,shipped,47.7,0,EUR,2026-08-01T17:07:00+00:00
50100,1028,2026-07-24T13:45:00+00:00,paid,112.95,0,PLN,2026-07-25T01:45:00+00:00
50101,1009,2026-08-03T09:40:00+00:00,shipped,34.65,10,PLN,2026-08-03T23:40:00+00:00
50102,1143,2026-07-19T03:29:00+00:00,shipped,129.1,0,EUR,2026-07-22T02:29:00+00:00
50103,1011,2026-08-07T10:06:00+00:00,cancelled,42.51,0,EUR,2026-08-07T22:06:00+00:00
50104,1171,2026-07-29T22:25:00+00:00,refunded,38.49,0,EUR,2026-07-31T19:25:00+00:00
50105,1009,2026-07-25T17:36:00+00:00,paid,28.14,0,EUR,2026-07-27T10:36:00+00:00
50106,1214,2026-08-04T07:50:00+00:00,paid,42.82,20,EUR,2026-08-04T11:50:00+00:00
50107,1118,2026-07-20T13:45:00+00:00,paid,103.31,0,EUR,2026-07-23T20:45:00+00:00
50108,1209,2026-07-28T09:16:00+00:00,paid,47.71,0,EUR,2026-08-01T07:16:00+00:00
50109,1028,2026-07-11T19:40:00+00:00,refunded,135.3,10,EUR,2026-07-14T08:40:00+00:00
50110,1061,2026-08-06T14:26:00+00:00,paid,72.47,0,EUR,2026-08-09T06:26:00+00:00
50111,1101,2026-07-24T16:30:00+00:00,shipped,76.91,0,EUR,2026-07-25T14:30:00+00:00
50112,1007,2026-07-30T17:11:00+00:00,shipped,37.55,0,EUR,2026-08-03T02:11:00+00:00
50113,1023,2026-07-18T12:11:00+00:00,paid,147.99,0,EUR,2026-07-21T15:11:00+00:00
50114,1073,2026-08-02T22:31:00+00:00,PAID,115.67,5,EUR,2026-08-04T16:31:00+00:00
50115,1163,2026-07-03T19:39:00+00:00,shipped,113.59,15,EUR,2026-07-06T14:39:00+00:00
50116,1156,2026-07-05T08:03:00+00:00,shipped,63.04,15,EUR,2026-07-09T03:03:00+00:00
50117,1020,2026-07-20T06:29:00+00:00,paid,25.2,15,EUR,2026-07-22T15:29:00+00:00
50118,1014,2026-07-28T19:57:00+00:00,paid,79.73,0,EUR,2026-07-29T14:57:00+00:00
50119,1145,2026-07-31T18:00:00+00:00,shipped,100.48,0,EUR,2026-08-02T01:00:00+00:00
50120,1080,2026-07-17T17:21:00+00:00,paid,101.14,5,EUR,2026-07-18T10:21:00+00:00
50121,1175,2026-07-25T16:30:00+00:00,cancelled,92.44,20,EUR,2026-07-26T23:30:00+00:00
50122,1066,2026-07-22T00:25:00+00:00,paid,89.93,5,EUR,2026-07-25T13:25:00+00:00
50123,1080,2026-08-06T12:54:00+00:00,paid,42.35,0,EUR,2026-08-07T06:54:00+00:00
50124,1049,2026-07-25T20:32:00+00:00,paid,43.98,5,EUR,2026-07-29T09:32:00+00:00
50125,1059,2026-07-16T20:09:00+00:00,paid,28.38,10,EUR,2026-07-17T23:09:00+00:00
50126,1156,2026-08-06T20:28:00+00:00,paid,136.29,15,EUR,2026-08-08T19:28:00+00:00
50127,1104,2026-07-05T01:48:00+00:00,paid,217.46,10,EUR,2026-07-07T03:48:00+00:00
50128,1146,2026-08-07T09:56:00+00:00,refunded,347.03,0,EUR,2026-08-07T21:56:00+00:00
50129,1018,2026-07-06T20:27:00+00:00,paid,83.49,0,EUR,2026-07-07T13:27:00+00:00
50130,1118,2026-07-11T22:51:00+00:00,paid,90.08,0,EUR,2026-07-13T03:51:00+00:00
50131,1101,2026-08-01T05:10:00+00:00,paid,64.84,0,EUR,2026-08-01T10:10:00+00:00
50132,1201,2026-07-28T21:10:00+00:00,paid,82.62,15,EUR,2026-07-31T21:10:00+00:00
50133,1094,2026-08-06T20:57:00+00:00,shipped,34.54,0,EUR,2026-08-09T00:57:00+00:00
50134,1023,2026-07-29T11:59:00+00:00,paid,63.92,0,EUR,2026-08-01T20:59:00+00:00
50135,1154,2026-07-25T04:57:00+00:00,shipped,38.74,0,EUR,2026-07-28T14:57:00+00:00
50136,1033,2026-07-14T04:00:00+00:00,paid,58.16,5,EUR,2026-07-15T13:00:00+00:00
50137,1200,2026-07-01T04:17:00+00:00,refunded,41.37,0,EUR,2026-07-04T10:17:00+00:00
50138,1085,2026-07-05T16:58:00+00:00,paid,100.52,0,EUR,2026-07-05T21:58:00+00:00
50139,1173,2026-07-12T07:34:00+00:00,cancelled,108.8,15,EUR,2026-07-14T00:34:00+00:00
50140,1145,2026-07-02T13:20:00+00:00,paid,88.25,0,EUR,2026-07-05T04:20:00+00:00
50141,1103,2026-07-20T07:27:00+00:00,paid,44.12,0,EUR,2026-07-22T03:27:00+00:00
50142,1129,2026-07-30T12:56:00+00:00,cancelled,26.72,0,PLN,2026-08-02T10:56:00+00:00
50143,1041,2026-08-06T14:29:00+00:00,shipped,109.58,0,EUR,2026-08-10T00:29:00+00:00
50144,1017,2026-07-19T14:36:00+00:00,shipped,72.21,5,EUR,2026-07-21T06:36:00+00:00
50145,1169,2026-08-03T06:00:00+00:00,paid,14.55,15,EUR,2026-08-04T08:00:00+00:00
50146,1211,2026-08-07T10:48:00+00:00,shipped,79.28,0,,2026-08-09T17:48:00+00:00
50147,1190,2026-08-02T16:09:00+00:00,cancelled,90.53,20,EUR,2026-08-06T03:09:00+00:00
50148,1068,2026-07-18T16:03:00+00:00,shipped,19.53,5,EUR,2026-07-22T14:03:00+00:00
50149,1079,2026-07-13T08:38:00+00:00,paid,101.65,0,EUR,2026-07-16T14:38:00+00:00
50150,1079,2026-08-07T03:51:00+00:00,shipped,22.37,0,EUR,2026-08-08T02:51:00+00:00
50151,1155,2026-07-10T04:37:00+00:00,shipped,40.51,0,EUR,2026-07-10T23:37:00+00:00
50152,1138,2026-07-16T15:21:00+00:00,refunded,22.5,15,EUR,2026-07-18T22:21:00+00:00
50153,1176,2026-07-03T19:30:00+00:00,paid,37.27,0,EUR,2026-07-05T09:30:00+00:00
50154,1208,2026-07-31T03:50:00+00:00,paid,26.92,0,EUR,2026-08-02T13:50:00+00:00
50155,1087,2026-07-25T16:39:00+00:00,shipped,135.75,5,EUR,2026-07-29T08:39:00+00:00
50156,1146,2026-07-04T05:21:00+00:00,paid,60.65,15,EUR,2026-07-06T09:21:00+00:00
50157,1111,2026-07-09T10:23:00+00:00,shipped,51.74,5,PLN,2026-07-10T20:23:00+00:00
50158,1211,2026-07-22T02:34:00+00:00,paid,143.86,10,EUR,2026-07-25T13:34:00+00:00
50159,1078,2026-07-21T12:51:00+00:00,paid,139.26,0,EUR,2026-07-23T06:51:00+00:00
50160,1042,2026-07-31T11:28:00+00:00,shipped,54.81,15,EUR,2026-08-02T21:28:00+00:00
50161,1084,2026-07-11T02:40:00+00:00,paid,87.12,0,EUR,2026-07-11T14:40:00+00:00
50162,1137,2026-08-05T03:19:00+00:00,paid,46.73,0,EUR,2026-08-07T03:19:00+00:00
50163,1210,2026-07-17T21:21:00+00:00,shipped,67.3,20,EUR,2026-07-19T13:21:00+00:00
50164,1183,2026-08-01T06:11:00+00:00,shipped,31.13,0,EUR,2026-08-01T17:11:00+00:00
50165,1005,2026-07-10T01:24:00+00:00,cancelled,95.61,0,EUR,2026-07-10T21:24:00+00:00
50166,1112,2026-07-02T09:43:00+00:00,paid,147.41,0,EUR,2026-07-05T04:43:00+00:00
50167,1036,2026-07-03T02:12:00+00:00,paid,131.49,0,EUR,2026-07-03T19:12:00+00:00
50168,1080,2026-07-15T03:54:00+00:00,refunded,74.52,0,EUR,2026-07-15T15:54:00+00:00
50169,1208,2026-08-06T05:16:00+00:00,paid,13.18,0,EUR,2026-08-06T10:16:00+00:00
50170,1217,2026-07-02T20:24:00+00:00,paid,45.12,10,EUR,2026-07-02T22:24:00+00:00
50171,1034,2026-07-15T00:30:00+00:00,paid,67.24,10,EUR,2026-07-16T17:30:00+00:00
50172,1032,2026-07-05T03:39:00+00:00,paid,24.0,0,EUR,2026-07-07T01:39:00+00:00
50173,1154,2026-08-05T09:35:00+00:00,cancelled,20.49,0,EUR,2026-08-07T20:35:00+00:00
50174,1091,2026-07-26T15:52:00+00:00,shipped,172.92,10,EUR,2026-07-28T21:52:00+00:00
50175,1096,2026-07-29T23:34:00+00:00,shipped,121.93,0,EUR,2026-08-01T02:34:00+00:00
50176,1193,2026-07-28T02:29:00+00:00,paid,100.46,0,EUR,2026-08-01T01:29:00+00:00
50177,1203,2026-07-25T23:12:00+00:00,paid,113.08,0,EUR,2026-07-26T22:12:00+00:00
50178,1199,2026-07-30T09:37:00+00:00,paid,27.67,0,EUR,2026-08-02T05:37:00+00:00
50179,1173,2026-07-01T07:24:00+00:00,paid,36.29,0,EUR,2026-07-01T14:24:00+00:00
50180,1216,2026-08-02T21:17:00+00:00,paid,83.66,5,EUR,2026-08-06T06:17:00+00:00
50181,1159,2026-07-29T02:45:00+00:00,paid,88.06,20,EUR,2026-07-30T12:45:00+00:00
50182,1195,2026-07-29T02:21:00+00:00,paid,22.78,0,EUR,2026-07-30T11:21:00+00:00
50183,1119,2026-07-15T22:48:00+00:00,shipped,79.75,5,PLN,2026-07-16T10:48:00+00:00
50184,1012,2026-07-31T10:23:00+00:00,shipped,68.1,0,EUR,2026-08-02T10:23:00+00:00
50185,1180,2026-07-15T12:13:00+00:00,paid,128.86,0,EUR,2026-07-17T02:13:00+00:00
50186,1205,2026-07-02T20:39:00+00:00,paid,88.34,10,PLN,2026-07-06T17:39:00+00:00
50187,1069,2026-08-04T11:55:00+00:00,shipped,185.17,0,EUR,2026-08-05T04:55:00+00:00
50188,1095,2026-07-09T21:53:00+00:00,shipped,55.03,15,PLN,2026-07-11T13:53:00+00:00
50189,1126,2026-07-04T20:55:00+00:00,shipped,29.26,0,PLN,2026-07-08T10:55:00+00:00
50190,1144,2026-07-24T15:10:00+00:00,paid,182.17,0,EUR,2026-07-27T20:10:00+00:00
50191,1149,2026-07-09T21:05:00+00:00,cancelled,91.4,0,EUR,2026-07-12T22:05:00+00:00
50192,1087,2026-08-02T14:36:00+00:00,paid,68.38,0,EUR,2026-08-04T16:36:00+00:00
50193,1188,2026-07-17T20:42:00+00:00,paid,37.37,15,EUR,2026-07-21T07:42:00+00:00
50194,1180,2026-07-01T04:06:00+00:00,paid,55.5,5,EUR,2026-07-02T01:06:00+00:00
50195,1208,2026-08-06T03:58:00+00:00,paid,53.4,0,EUR,2026-08-09T08:58:00+00:00
50196,1127,2026-07-20T13:20:00+00:00,paid,28.19,0,EUR,2026-07-22T20:20:00+00:00
50197,1018,2026-07-10T23:50:00+00:00,paid,9.36,5,EUR,2026-07-12T08:50:00+00:00
50198,1187,2026-07-26T17:41:00+00:00,shipped,52.48,10,EUR,2026-07-27T13:41:00+00:00
50199,1018,2026-07-21T03:55:00+00:00,paid,114.93,0,EUR,2026-07-23T05:55:00+00:00
50200,1043,2026-07-02T03:00:00+00:00,paid,155.26,0,EUR,2026-07-02T03:00:00+00:00
50201,1063,2026-07-29T20:47:00+00:00,paid,132.03,0,EUR,2026-08-01T16:47:00+00:00
50202,1041,2026-07-16T06:02:00+00:00,paid,136.86,0,PLN,2026-07-17T04:02:00+00:00
50203,1160,2026-07-27T14:14:00+00:00,paid,31.03,0,EUR,2026-07-29T03:14:00+00:00
50204,1097,2026-08-04T00:49:00+00:00,paid,84.71,0,PLN,2026-08-04T18:49:00+00:00
50205,1049,2026-07-24T04:52:00+00:00,paid,100.97,0,EUR,2026-07-26T00:52:00+00:00
50206,1002,2026-07-26T12:30:00+00:00,shipped,105.16,0,EUR,2026-07-27T23:30:00+00:00
50207,1048,2026-07-10T16:14:00+00:00,cancelled,67.33,0,EUR,2026-07-11T10:14:00+00:00
50208,1153,2026-07-10T00:44:00+00:00,paid,77.94,15,EUR,2026-07-13T13:44:00+00:00
50209,1175,2026-07-16T18:28:00+00:00,shipped,129.58,0,EUR,2026-07-19T18:28:00+00:00
50210,1066,2026-08-02T09:44:00+00:00,cancelled,98.62,0,EUR,2026-08-03T22:44:00+00:00
50211,1017,2026-07-20T22:03:00+00:00,refunded,110.6,0,EUR,2026-07-21T03:03:00+00:00
50212,1123,2026-07-14T05:24:00+00:00,shipped,50.73,0,EUR,2026-07-17T14:24:00+00:00
50213,1173,2026-07-30T15:00:00+00:00,cancelled,106.91,15,EUR,2026-08-02T09:00:00+00:00
50214,1016,2026-08-02T10:15:00+00:00,cancelled,77.24,0,EUR,2026-08-04T15:15:00+00:00
50215,1176,2026-08-04T07:06:00+00:00,shipped,121.46,0,EUR,2026-08-06T17:06:00+00:00
50216,1038,2026-07-12T08:38:00+00:00,paid,42.34,15,EUR,2026-07-12T08:38:00+00:00
50217,1057,2026-07-27T23:11:00+00:00,paid,115.29,10,EUR,2026-07-29T20:11:00+00:00
50218,1138,2026-07-23T10:22:00+00:00,paid,56.04,10,EUR,2026-07-24T04:22:00+00:00
50219,1012,2026-07-18T01:27:00+00:00,paid,115.62,0,EUR,2026-07-20T15:27:00+00:00
50220,1068,2026-07-16T02:00:00+00:00,paid,85.08,0,EUR,2026-07-19T19:00:00+00:00
50221,1031,2026-07-05T08:28:00+00:00,paid,73.45,5,EUR,2026-07-07T10:28:00+00:00
50222,1048,2026-07-11T10:38:00+00:00,shipped,58.25,0,EUR,2026-07-13T20:38:00+00:00
50223,1171,2026-07-21T21:17:00+00:00,shipped,68.59,5,EUR,2026-07-24T13:17:00+00:00
50224,1051,2026-08-03T16:32:00+00:00,cancelled,52.57,10,PLN,2026-08-07T09:32:00+00:00
50225,1010,2026-08-02T22:06:00+00:00,paid,57.39,0,EUR,2026-08-03T01:06:00+00:00
50226,1048,2026-07-08T03:05:00+00:00,paid,96.92,0,EUR,2026-07-09T08:05:00+00:00
50227,1020,2026-07-26T19:32:00+00:00,shipped,16.95,0,EUR,2026-07-27T20:32:00+00:00
50228,1138,2026-07-04T05:20:00+00:00,cancelled,114.62,0,EUR,2026-07-07T01:20:00+00:00
50229,1215,2026-07-26T15:36:00+00:00,refunded,115.85,5,EUR,2026-07-28T09:36:00+00:00
50230,1037,2026-07-13T23:50:00+00:00,cancelled,59.51,10,EUR,2026-07-17T01:50:00+00:00
50231,1161,2026-07-18T02:15:00+00:00,cancelled,79.31,0,EUR,2026-07-19T23:15:00+00:00
50232,1080,2026-07-28T06:29:00+00:00,paid,34.3,5,PLN,2026-08-01T03:29:00+00:00
50233,1016,2026-07-17T03:29:00+00:00,paid,92.88,0,EUR,2026-07-20T04:29:00+00:00
50234,1152,2026-07-31T16:22:00+00:00,paid,37.78,500,EUR,2026-07-31T17:22:00+00:00
50235,1047,2026-07-21T06:37:00+00:00,shipped,3.65,0,EUR,2026-07-25T04:37:00+00:00
50236,1114,2026-08-07T22:51:00+00:00,cancelled,151.59,10,EUR,2026-08-11T17:51:00+00:00
50237,1112,2026-07-25T06:04:00+00:00,paid,31.28,5,EUR,2026-07-25T10:04:00+00:00
50238,1132,2026-07-12T06:16:00+00:00,shipped,67.57,0,EUR,2026-07-13T19:16:00+00:00
50239,1030,2026-07-30T11:03:00+00:00,paid,81.34,0,EUR,2026-08-03T08:03:00+00:00
50240,1056,2026-07-16T12:02:00+00:00,paid,96.78,15,EUR,2026-07-19T20:02:00+00:00
50241,1163,2026-07-21T07:09:00+00:00,paid,71.74,0,EUR,2026-07-23T03:09:00+00:00
50242,1206,2026-07-06T04:46:00+00:00,paid,86.15,10,EUR,2026-07-08T08:46:00+00:00
50243,1003,2026-07-05T12:50:00+00:00,refunded,58.52,20,EUR,2026-07-05T14:50:00+00:00
50244,1092,2026-07-22T20:16:00+00:00,paid,19.97,15,EUR,2026-07-25T02:16:00+00:00
50245,1194,2026-07-08T02:15:00+00:00,cancelled,69.86,0,EUR,2026-07-10T17:15:00+00:00
50246,1064,2026-08-07T21:47:00+00:00,shipped,105.47,0,EUR,2026-08-09T07:47:00+00:00
50247,1099,2026-08-02T12:22:00+00:00,paid,32.87,20,EUR,2026-08-03T17:22:00+00:00
50248,1199,2026-07-27T15:12:00+00:00,paid,81.89,0,EUR,2026-07-30T22:12:00+00:00
50249,1214,2026-07-28T22:02:00+00:00,shipped,207.87,0,EUR,2026-07-30T17:02:00+00:00
50250,1145,2026-07-23T14:50:00+00:00,paid,66.74,0,EUR,2026-07-24T15:50:00+00:00
50251,1153,2026-07-03T06:59:00+00:00,cancelled,69.13,10,EUR,2026-07-04T17:59:00+00:00
50252,1136,2026-07-15T21:50:00+00:00,paid,18.49,0,EUR,2026-07-17T20:50:00+00:00
50253,1063,2026-07-19T20:10:00+00:00,shipped,29.77,0,EUR,2026-07-20T20:10:00+00:00
50254,1196,2026-08-04T18:45:00+00:00,shipped,38.11,0,EUR,2026-08-06T23:45:00+00:00
50255,1008,2026-07-09T08:10:00+00:00,paid,102.84,10,EUR,2026-07-12T18:10:00+00:00
50256,1013,2026-07-19T21:11:00+00:00,paid,34.7,0,PLN,2026-07-22T20:11:00+00:00
50257,1133,2026-07-14T01:47:00+00:00,refunded,12.95,15,EUR,2026-07-14T23:47:00+00:00
50258,1185,2026-07-06T02:32:00+00:00,paid,91.63,10,EUR,2026-07-07T23:32:00+00:00
50259,1180,2026-07-04T21:57:00+00:00,paid,40.86,20,EUR,2026-07-07T01:57:00+00:00
50260,1150,2026-07-14T21:13:00+00:00,paid,19.17,15,EUR,2026-07-17T14:13:00+00:00
50261,1083,2026-07-04T03:10:00+00:00,paid,110.97,0,EUR,2026-07-07T03:10:00+00:00
50262,1080,2026-07-03T13:15:00+00:00,shipped,53.82,5,EUR,2026-07-05T11:15:00+00:00
50263,1094,2026-07-14T07:59:00+00:00,shipped,97.25,0,EUR,2026-07-15T13:59:00+00:00
50264,1057,2026-07-08T16:12:00+00:00,paid,18.56,20,EUR,2026-07-11T07:12:00+00:00
50265,1093,2026-07-22T01:59:00+00:00,cancelled,8.32,0,EUR,2026-07-22T13:59:00+00:00
50266,1024,2026-07-01T16:06:00+00:00,paid,76.78,5,EUR,2026-07-04T08:06:00+00:00
50267,1071,2026-07-12T11:15:00+00:00,paid,28.89,10,EUR,2026-07-16T01:15:00+00:00
50268,1208,2026-07-18T05:23:00+00:00,shipped,76.05,0,EUR,2026-07-21T01:23:00+00:00
50269,1156,2026-08-06T14:23:00+00:00,refunded,77.16,10,EUR,2026-08-08T07:23:00+00:00
50270,1032,2026-07-25T02:42:00+00:00,paid,70.66,0,EUR,2026-07-28T09:42:00+00:00
50271,1063,2026-08-03T11:12:00+00:00,paid,136.18,0,EUR,2026-08-05T14:12:00+00:00
50272,1058,2026-07-14T01:04:00+00:00,paid,317.13,0,EUR,2026-07-16T04:04:00+00:00
50273,1062,2026-07-18T02:08:00+00:00,shipped,90.57,0,EUR,2026-07-21T11:08:00+00:00
50274,1153,2026-07-16T23:23:00+00:00,paid,207.75,0,EUR,2026-07-17T17:23:00+00:00
50275,1197,2026-08-03T17:18:00+00:00,paid,54.89,15,EUR,2026-08-06T19:18:00+00:00
50276,1157,2026-08-06T10:47:00+00:00,shipped,24.45,0,PLN,2026-08-09T03:47:00+00:00
50277,1108,2026-08-06T13:38:00+00:00,paid,43.0,0,EUR,2026-08-08T15:38:00+00:00
50278,1036,2026-07-29T13:47:00+00:00,paid,57.28,15,EUR,2026-07-29T20:47:00+00:00
50279,1032,2026-07-20T02:50:00+00:00,paid,218.51,10,PLN,2026-07-23T03:50:00+00:00
50280,1180,2026-07-21T13:15:00+00:00,paid,73.44,0,EUR,2026-07-22T10:15:00+00:00
50281,1150,2026-08-07T06:13:00+00:00,paid,139.37,15,EUR,2026-08-10T19:13:00+00:00
50282,1113,2026-07-11T19:30:00+00:00,cancelled,51.62,0,EUR,2026-07-14T23:30:00+00:00
50283,1127,2026-07-14T04:11:00+00:00,shipped,47.1,0,EUR,2026-07-15T14:11:00+00:00
50284,1187,2026-08-04T02:03:00+00:00,shipped,17.85,0,EUR,2026-08-05T19:03:00+00:00
50285,1180,2026-07-15T16:19:00+00:00,refunded,214.23,10,EUR,2026-07-15T18:19:00+00:00
50286,1020,2026-07-09T22:24:00+00:00,paid,168.67,0,EUR,2026-07-11T21:24:00+00:00
50287,1087,2026-07-22T07:08:00+00:00,paid,82.46,0,EUR,2026-07-22T12:08:00+00:00
50288,1010,2026-07-13T08:42:00+00:00,cancelled,59.71,10,EUR,2026-07-17T06:42:00+00:00
50289,1085,2026-08-03T20:28:00+00:00,paid,75.36,0,EUR,2026-08-06T09:28:00+00:00
50290,1141,2026-08-04T13:04:00+00:00,shipped,23.6,0,EUR,2026-08-05T11:04:00+00:00
50291,1046,2026-07-12T15:04:00+00:00,shipped,97.13,10,EUR,2026-07-15T20:04:00+00:00
50292,1034,2026-07-21T02:56:00+00:00,paid,160.11,5,EUR,2026-07-21T03:56:00+00:00
50293,1109,2026-08-07T09:24:00+00:00,paid,165.13,0,EUR,2026-08-09T13:24:00+00:00
50294,1116,2026-07-29T04:59:00+00:00,paid,18.57,0,EUR,2026-07-29T14:59:00+00:00
50295,1158,2026-07-09T04:39:00+00:00,paid,138.57,20,EUR,2026-07-09T09:39:00+00:00
50296,1004,2026-07-23T10:45:00+00:00,paid,23.74,0,EUR,2026-07-24T09:45:00+00:00
50297,1055,2026-07-24T13:20:00+00:00,paid,9.02,0,EUR,2026-07-25T17:20:00+00:00
50298,1172,2026-07-25T19:56:00+00:00,shipped,141.85,0,EUR,2026-07-28T16:56:00+00:00
50299,1151,2026-07-01T22:48:00+00:00,cancelled,48.59,0,EUR,2026-07-05T11:48:00+00:00
50300,1198,2026-07-12T09:02:00+00:00,shipped,129.49,20,EUR,2026-07-15T11:02:00+00:00
50301,1180,2026-08-02T11:24:00+00:00,paid,122.25,0,EUR,2026-08-05T10:24:00+00:00
50302,1185,2026-07-10T04:07:00+00:00,paid,112.52,0,PLN,2026-07-12T10:07:00+00:00
50303,1113,2026-07-12T09:19:00+00:00,paid,74.73,0,EUR,2026-07-13T20:19:00+00:00
50304,1211,2026-07-13T06:06:00+00:00,paid,26.11,0,EUR,2026-07-14T06:06:00+00:00
50305,1092,2026-07-07T17:46:00+00:00,refunded,57.36,0,EUR,2026-07-11T11:46:00+00:00
50306,1199,2026-07-06T21:45:00+00:00,paid,166.84,20,EUR,2026-07-08T23:45:00+00:00
50307,1087,2026-07-14T04:28:00+00:00,paid,131.61,5,EUR,2026-07-16T10:28:00+00:00
50308,1098,2026-08-03T05:22:00+00:00,cancelled,59.55,0,PLN,2026-08-03T06:22:00+00:00
50309,1151,2026-07-01T01:23:00+00:00,paid,59.02,0,EUR,2026-07-02T20:23:00+00:00
50310,1088,2026-07-11T18:19:00+00:00,paid,106.15,0,PLN,2026-07-14T11:19:00+00:00
50311,1033,2026-07-03T07:17:00+00:00,paid,78.46,0,EUR,2026-07-05T06:17:00+00:00
50312,1198,2026-07-22T08:04:00+00:00,shipped,61.78,0,EUR,2026-07-24T18:04:00+00:00
50313,1100,2026-07-10T12:32:00+00:00,shipped,100.47,0,EUR,2026-07-13T17:32:00+00:00
50314,1204,2026-07-31T02:16:00+00:00,paid,98.3,10,PLN,2026-07-31T04:16:00+00:00
50315,1088,2026-07-23T05:32:00+00:00,cancelled,43.91,15,EUR,2026-07-26T19:32:00+00:00
50316,1215,2026-07-30T18:50:00+00:00,cancelled,89.19,0,EUR,2026-08-03T00:50:00+00:00
50317,1133,2026-07-25T03:02:00+00:00,cancelled,94.43,15,EUR,2026-07-26T19:02:00+00:00
50318,1170,2026-07-17T15:48:00+00:00,paid,70.88,0,EUR,2026-07-20T16:48:00+00:00
50319,1167,2026-08-02T17:12:00+00:00,paid,40.37,0,EUR,2026-08-02T23:12:00+00:00
50320,1045,2026-07-19T02:20:00+00:00,cancelled,56.08,10,EUR,2026-07-20T07:20:00+00:00
50321,1180,2026-08-06T02:20:00+00:00,paid,34.2,0,EUR,2026-08-06T12:20:00+00:00
50322,1208,2026-08-07T19:10:00+00:00,shipped,90.8,0,EUR,2026-08-10T07:10:00+00:00
50323,1146,2026-07-23T09:11:00+00:00,shipped,18.67,5,EUR,2026-07-26T19:11:00+00:00
50324,1209,2026-07-26T15:13:00+00:00,paid,177.53,0,EUR,2026-07-29T00:13:00+00:00
50325,1187,2026-07-10T17:09:00+00:00,shipped,155.47,15,EUR,2026-07-13T13:09:00+00:00
50326,1147,2026-07-31T22:57:00+00:00,cancelled,95.91,0,EUR,2026-08-01T11:57:00+00:00
50327,1105,2026-07-26T12:29:00+00:00,shipped,126.77,10,EUR,2026-07-30T05:29:00+00:00
50328,1189,2026-08-04T07:07:00+00:00,paid,121.46,0,PLN,2026-08-05T01:07:00+00:00
50329,1041,2026-07-11T03:30:00+00:00,cancelled,79.28,0,EUR,2026-07-13T05:30:00+00:00
50330,1124,2026-07-30T22:16:00+00:00,paid,63.0,0,EUR,2026-08-02T15:16:00+00:00
50331,1180,2026-07-18T20:53:00+00:00,shipped,58.03,15,EUR,2026-07-22T06:53:00+00:00
50332,1208,2026-07-08T00:53:00+00:00,cancelled,181.58,0,EUR,2026-07-11T17:53:00+00:00
50333,1059,2026-07-07T12:07:00+00:00,shipped,39.25,15,EUR,2026-07-09T21:07:00+00:00
50334,1021,2026-07-22T08:41:00+00:00,paid,39.86,0,EUR,2026-07-24T15:41:00+00:00
50335,1074,2026-07-13T03:20:00+00:00,paid,133.88,0,EUR,2026-07-14T19:20:00+00:00
50336,1191,2026-07-04T20:55:00+00:00,paid,126.0,0,EUR,2026-07-07T02:55:00+00:00
50337,1116,2026-07-17T05:33:00+00:00,paid,60.43,0,EUR,2026-07-19T21:33:00+00:00
50338,1013,2026-07-25T19:27:00+00:00,paid,102.67,15,EUR,2026-07-28T09:27:00+00:00
50339,1027,2026-07-13T02:52:00+00:00,shipped,111.51,0,EUR,2026-07-15T10:52:00+00:00
50340,1075,2026-08-06T07:16:00+00:00,paid,25.02,5,EUR,2026-08-08T01:16:00+00:00
50341,1076,2026-07-30T14:56:00+00:00,shipped,161.71,0,EUR,2026-07-31T08:56:00+00:00
50342,1030,2026-07-20T11:36:00+00:00,cancelled,111.48,0,EUR,2026-07-20T16:36:00+00:00
50343,1109,2026-08-05T12:24:00+00:00,paid,97.08,0,PLN,2026-08-07T04:24:00+00:00
50344,1106,2026-07-17T10:52:00+00:00,shipped,112.04,15,EUR,2026-07-19T00:52:00+00:00
50345,1044,2026-07-06T07:22:00+00:00,shipped,89.56,5,EUR,2026-07-08T17:22:00+00:00
50346,1052,2026-07-02T08:41:00+00:00,paid,68.09,0,EUR,2026-07-05T22:41:00+00:00
50347,1147,2026-08-05T15:28:00+00:00,paid,12.34,5,EUR,2026-08-08T10:28:00+00:00
50348,1210,2026-08-06T11:18:00+00:00,shipped,79.76,0,EUR,2026-08-09T16:18:00+00:00
50349,1220,2026-07-29T02:11:00+00:00,refunded,23.07,0,EUR,2026-07-31T09:11:00+00:00
50350,1124,2026-07-04T21:56:00+00:00,shipped,226.13,0,EUR,2026-07-08T14:56:00+00:00
50351,1009,2026-07-12T03:48:00+00:00,cancelled,67.3,0,EUR,2026-07-15T21:48:00+00:00
50352,1198,2026-07-02T13:27:00+00:00,refunded,223.77,10,PLN,2026-07-03T03:27:00+00:00
50353,1210,2026-07-02T22:44:00+00:00,paid,80.67,20,EUR,2026-07-05T11:44:00+00:00
50354,1062,2026-07-10T08:24:00+00:00,shipped,46.78,20,EUR,2026-07-12T08:24:00+00:00
50355,1089,2026-07-22T17:47:00+00:00,paid,158.84,10,EUR,2026-07-26T14:47:00+00:00
50356,1006,2026-07-03T11:45:00+00:00,refunded,94.53,0,EUR,2026-07-05T19:45:00+00:00
50357,1177,2026-08-07T09:57:00+00:00,paid,276.1,10,EUR,2026-08-07T10:57:00+00:00
50358,1171,2026-07-18T07:04:00+00:00,paid,45.88,0,EUR,2026-07-19T03:04:00+00:00
50359,1005,2026-07-11T00:37:00+00:00,cancelled,162.98,0,EUR,2026-07-11T12:37:00+00:00
50360,1155,2026-07-20T14:40:00+00:00,paid,168.35,0,EUR,2026-07-21T09:40:00+00:00
50361,1091,2026-07-31T00:37:00+00:00,shipped,117.49,0,EUR,2026-07-31T09:37:00+00:00
50362,1121,2026-07-12T21:03:00+00:00,paid,169.22,20,PLN,2026-07-16T00:03:00+00:00
50363,1049,2026-07-02T19:19:00+00:00,refunded,68.38,15,EUR,2026-07-04T18:19:00+00:00
50364,1180,2026-07-02T22:28:00+00:00,cancelled,39.1,0,EUR,2026-07-05T14:28:00+00:00
50365,1089,2026-08-02T09:00:00+00:00,paid,49.96,0,EUR,2026-08-06T08:00:00+00:00
50366,1185,2026-07-05T05:46:00+00:00,shipped,76.96,5,EUR,2026-07-07T19:46:00+00:00
50367,1033,2026-07-25T03:38:00+00:00,paid,121.36,0,EUR,2026-07-27T01:38:00+00:00
50368,1130,2026-07-15T14:40:00+00:00,shipped,41.26,10,EUR,2026-07-16T15:40:00+00:00
50369,1069,2026-07-30T13:05:00+00:00,shipped,58.07,20,EUR,2026-08-02T13:05:00+00:00
50370,1213,2026-07-03T07:12:00+00:00,cancelled,43.84,0,PLN,2026-07-05T07:12:00+00:00
50371,1123,2026-08-04T02:47:00+00:00,paid,135.25,0,EUR,2026-08-07T02:47:00+00:00
50372,1159,2026-07-27T12:44:00+00:00,paid,222.69,0,EUR,2026-07-27T14:44:00+00:00
50373,1019,2026-07-18T01:44:00+00:00,shipped,34.03,0,PLN,2026-07-18T16:44:00+00:00
50374,1149,2026-07-08T20:48:00+00:00,shipped,105.83,0,EUR,2026-07-09T08:48:00+00:00
50375,1023,2026-08-07T03:09:00+00:00,paid,146.0,0,EUR,2026-08-09T20:09:00+00:00
50376,1080,2026-07-12T11:29:00+00:00,paid,64.23,0,EUR,2026-07-14T12:29:00+00:00
50377,1049,2026-07-19T15:20:00+00:00,paid,24.18,0,EUR,2026-07-20T21:20:00+00:00
50378,1001,2026-07-15T23:26:00+00:00,cancelled,157.92,0,EUR,2026-07-17T04:26:00+00:00
50379,1129,2026-07-09T18:15:00+00:00,paid,22.87,10,EUR,2026-07-12T04:15:00+00:00
50380,1054,2026-07-16T19:56:00+00:00,paid,187.09,0,EUR,2026-07-20T15:56:00+00:00
50381,1113,2026-07-06T18:09:00+00:00,refunded,43.14,15,EUR,2026-07-10T17:09:00+00:00
50382,1169,2026-07-01T01:30:00+00:00,paid,19.97,0,EUR,2026-07-02T22:30:00+00:00
50383,1040,2026-07-12T00:28:00+00:00,shipped,52.75,0,EUR,2026-07-14T16:28:00+00:00
50384,1157,2026-07-05T06:12:00+00:00,paid,72.82,0,EUR,2026-07-05T14:12:00+00:00
50385,1066,2026-07-16T18:16:00+00:00,cancelled,83.57,5,EUR,2026-07-20T12:16:00+00:00
50386,1073,2026-08-02T18:50:00+00:00,shipped,111.6,0,EUR,2026-08-02T19:50:00+00:00
50387,1127,2026-07-07T04:15:00+00:00,cancelled,88.68,0,EUR,2026-07-08T12:15:00+00:00
50388,1138,2026-07-01T01:07:00+00:00,paid,211.63,0,EUR,2026-07-03T22:07:00+00:00
50389,1145,2026-07-05T05:19:00+00:00,paid,70.48,20,PLN,2026-07-09T02:19:00+00:00
50390,1043,2026-07-20T07:26:00+00:00,shipped,91.83,0,EUR,2026-07-20T23:26:00+00:00
50391,1128,2026-07-11T10:39:00+00:00,paid,86.8,0,EUR,2026-07-14T01:39:00+00:00
50392,1058,2026-07-19T14:25:00+00:00,paid,17.84,15,EUR,2026-07-20T08:25:00+00:00
50393,1061,2026-07-02T02:40:00+00:00,paid,29.03,0,EUR,2026-07-02T06:40:00+00:00
50394,1209,2026-07-13T15:46:00+00:00,refunded,77.17,0,EUR,2026-07-15T07:46:00+00:00
50395,1023,2026-07-16T14:02:00+00:00,shipped,99.28,10,EUR,2026-07-18T21:02:00+00:00
50396,1091,2026-07-17T09:22:00+00:00,shipped,11.81,0,PLN,2026-07-18T10:22:00+00:00
50397,1097,2026-07-21T22:39:00+00:00,shipped,217.6,0,PLN,2026-07-25T19:39:00+00:00
50398,1054,2026-07-30T15:53:00+00:00,paid,104.55,0,EUR,2026-08-02T02:53:00+00:00
50399,1173,2026-07-18T18:06:00+00:00,paid,74.23,0,EUR,2026-07-20T12:06:00+00:00
50400,1108,2026-08-01T23:10:00+00:00,paid,101.44,15,EUR,2026-08-03T21:10:00+00:00
50401,1159,2026-07-21T03:07:00+00:00,shipped,50.55,5,EUR,2026-07-22T23:07:00+00:00
50402,1086,2026-07-10T21:26:00+00:00,paid,84.18,0,EUR,2026-07-11T07:26:00+00:00
50403,1198,2026-07-09T16:51:00+00:00,cancelled,93.3,0,EUR,2026-07-12T02:51:00+00:00
50404,1161,2026-07-13T06:06:00+00:00,shipped,159.08,5,EUR,2026-07-16T09:06:00+00:00
50405,1074,2026-07-23T16:53:00+00:00,paid,66.16,5,EUR,2026-07-25T08:53:00+00:00
50406,1212,2026-07-10T05:08:00+00:00,shipped,23.43,0,PLN,2026-07-11T21:08:00+00:00
50407,1191,2026-08-04T17:43:00+00:00,paid,38.3,15,EUR,2026-08-08T08:43:00+00:00
50408,1131,2026-07-19T05:38:00+00:00,refunded,62.48,0,EUR,2026-07-21T15:38:00+00:00
50409,1004,2026-08-02T19:18:00+00:00,cancelled,25.74,10,EUR,2026-08-03T23:18:00+00:00
50410,1131,2026-07-26T23:07:00+00:00,cancelled,35.08,0,EUR,2026-07-26T23:07:00+00:00
50411,1152,2026-07-13T16:01:00+00:00,paid,38.58,0,PLN,2026-07-16T23:01:00+00:00
50412,1081,2026-07-09T16:09:00+00:00,paid,59.52,5,EUR,2026-07-12T04:09:00+00:00
50413,1032,2026-07-29T06:28:00+00:00,paid,103.67,10,EUR,2026-07-31T18:28:00+00:00
50414,1125,2026-07-13T13:37:00+00:00,paid,57.52,0,EUR,2026-07-14T16:37:00+00:00
50415,1177,2026-07-10T09:08:00+00:00,paid,108.25,0,EUR,2026-07-11T02:08:00+00:00
50416,1071,2026-08-05T08:30:00+00:00,paid,74.28,10,EUR,2026-08-07T07:30:00+00:00
50417,1101,2026-07-19T08:09:00+00:00,refunded,36.04,0,EUR,2026-07-22T08:09:00+00:00
50418,1001,2026-07-02T20:17:00+00:00,paid,94.34,0,EUR,2026-07-04T00:17:00+00:00
50419,1155,2026-07-19T19:13:00+00:00,paid,84.91,0,EUR,2026-07-21T21:13:00+00:00
50420,1191,2026-07-18T12:13:00+00:00,cancelled,110.1,0,EUR,2026-07-22T11:13:00+00:00
50421,1171,2026-08-02T19:56:00+00:00,shipped,124.88,0,EUR,2026-08-03T16:56:00+00:00
50422,1095,2026-07-28T00:56:00+00:00,shipped,162.2,0,EUR,2026-07-28T22:56:00+00:00
50423,1010,2026-07-08T06:31:00+00:00,shipped,105.93,15,PLN,2026-07-09T04:31:00+00:00
50424,1109,2026-07-06T17:12:00+00:00,cancelled,83.04,0,EUR,2026-07-10T08:12:00+00:00
50425,1207,2026-07-23T22:28:00+00:00,shipped,110.42,5,EUR,2026-07-26T00:28:00+00:00
50426,1019,2026-07-02T19:12:00+00:00,paid,53.49,20,EUR,2026-07-06T11:12:00+00:00
50427,1048,2026-07-13T02:56:00+00:00,shipped,50.64,5,PLN,2026-07-16T20:56:00+00:00
50428,1185,2026-07-06T06:02:00+00:00,paid,176.02,0,EUR,2026-07-07T22:02:00+00:00
50429,1126,2026-07-01T18:45:00+00:00,paid,49.55,0,EUR,2026-07-01T23:45:00+00:00
50430,1038,2026-08-04T21:58:00+00:00,paid,39.36,0,PLN,2026-08-06T02:58:00+00:00
50431,1006,2026-07-04T09:54:00+00:00,paid,105.89,0,EUR,2026-07-06T13:54:00+00:00
50432,1091,2026-07-01T08:26:00+00:00,shipped,53.82,20,PLN,2026-07-02T20:26:00+00:00
50433,1131,2026-08-05T10:47:00+00:00,paid,124.08,10,EUR,2026-08-05T10:47:00+00:00
50434,1185,2026-07-08T03:44:00+00:00,paid,154.83,0,EUR,2026-07-12T01:44:00+00:00
50435,1195,2026-08-01T00:42:00+00:00,paid,43.69,0,EUR,2026-08-02T05:42:00+00:00
50436,1101,2026-07-02T04:31:00+00:00,cancelled,114.19,15,PLN,2026-07-04T15:31:00+00:00
50437,1093,2026-07-06T20:02:00+00:00,paid,48.68,0,EUR,2026-07-10T14:02:00+00:00
50438,1205,2026-07-05T04:53:00+00:00,shipped,63.42,10,EUR,2026-07-07T08:53:00+00:00
50439,1171,2026-07-27T20:06:00+00:00,cancelled,91.51,0,EUR,2026-07-30T14:06:00+00:00
50440,1047,2026-07-24T13:34:00+00:00,paid,50.72,5,EUR,2026-07-24T16:34:00+00:00
50441,1150,2026-07-19T01:39:00+00:00,shipped,86.14,10,EUR,2026-07-21T19:39:00+00:00
50442,1158,2026-07-10T04:22:00+00:00,paid,67.14,0,EUR,2026-07-13T13:22:00+00:00
50443,1052,2026-07-04T09:02:00+00:00,paid,125.85,0,EUR,2026-07-08T01:02:00+00:00
50444,1216,2026-07-22T15:07:00+00:00,shipped,126.05,10,EUR,2026-07-22T23:07:00+00:00
50445,1066,2026-07-09T18:24:00+00:00,cancelled,50.9,0,EUR,2026-07-10T15:24:00+00:00
50446,1121,2026-07-23T10:15:00+00:00,paid,92.88,0,EUR,2026-07-23T14:15:00+00:00
50447,1109,2026-07-27T02:58:00+00:00,shipped,138.18,0,EUR,2026-07-30T18:58:00+00:00
50448,1153,2026-08-02T06:41:00+00:00,paid,34.62,0,EUR,2026-08-03T08:41:00+00:00
50449,1199,2026-07-19T18:30:00+00:00,shipped,66.85,5,EUR,2026-07-21T21:30:00+00:00
50450,1087,2026-07-01T04:19:00+00:00,shipped,90.24,0,EUR,2026-07-03T01:19:00+00:00
50451,1085,2026-07-11T15:58:00+00:00,shipped,33.45,0,EUR,
50452,1166,2026-08-02T10:16:00+00:00,shipped,55.36,15,EUR,2026-08-05T23:16:00+00:00
50453,1210,2026-07-21T06:19:00+00:00,paid,198.24,0,EUR,2026-07-22T13:19:00+00:00
50454,1200,2026-07-24T12:38:00+00:00,shipped,49.44,0,EUR,2026-07-27T15:38:00+00:00
50455,1166,2026-07-18T09:32:00+00:00,shipped,53.49,5,EUR,2026-07-19T12:32:00+00:00
50456,1155,2026-07-07T04:25:00+00:00,shipped,105.14,15,EUR,2026-07-07T22:25:00+00:00
50457,1170,2026-08-04T01:47:00+00:00,paid,30.27,0,EUR,2026-08-04T11:47:00+00:00
50458,1206,2026-07-30T08:55:00+00:00,paid,67.86,10,EUR,2026-07-31T19:55:00+00:00
50459,1003,2026-08-07T19:36:00+00:00,paid,39.66,0,EUR,2026-08-10T00:36:00+00:00
50460,1130,2026-08-02T12:12:00+00:00,paid,86.04,0,EUR,2026-08-05T14:12:00+00:00
50461,1008,2026-07-12T01:30:00+00:00,paid,4.21,15,EUR,2026-07-15T10:30:00+00:00
50462,1127,2026-07-10T15:53:00+00:00,paid,78.33,15,EUR,2026-07-12T17:53:00+00:00
50463,1087,2026-07-10T10:36:00+00:00,shipped,91.88,0,EUR,2026-07-12T01:36:00+00:00
50464,1068,2026-08-04T21:56:00+00:00,paid,56.39,0,EUR,2026-08-05T13:56:00+00:00
50465,1197,2026-07-22T03:55:00+00:00,cancelled,58.94,0,EUR,2026-07-25T18:55:00+00:00
50466,1157,2026-07-18T06:27:00+00:00,shipped,51.52,0,EUR,2026-07-19T20:27:00+00:00
50467,1125,2026-08-06T19:03:00+00:00,shipped,67.24,15,EUR,2026-08-09T20:03:00+00:00
50468,1195,2026-07-23T22:19:00+00:00,paid,177.45,10,EUR,2026-07-26T10:19:00+00:00
50469,1022,2026-08-04T13:24:00+00:00,paid,128.32,0,EUR,2026-08-08T06:24:00+00:00
50470,1143,2026-08-07T10:00:00+00:00,shipped,67.2,0,EUR,2026-08-11T07:00:00+00:00
50471,1035,2026-07-04T00:27:00+00:00,cancelled,55.38,0,EUR,2026-07-06T19:27:00+00:00
50472,1052,2026-07-14T17:43:00+00:00,paid,120.84,0,EUR,2026-07-17T08:43:00+00:00
50473,1041,2026-07-28T21:32:00+00:00,paid,82.41,5,EUR,2026-07-29T10:32:00+00:00
50474,1120,2026-07-31T21:36:00+00:00,shipped,32.79,0,PLN,2026-07-31T22:36:00+00:00
50475,1139,2026-07-06T15:25:00+00:00,shipped,61.93,0,EUR,2026-07-08T19:25:00+00:00
50476,1167,2026-07-13T02:22:00+00:00,paid,165.99,0,EUR,2026-07-15T21:22:00+00:00
50477,1097,2026-07-21T19:56:00+00:00,paid,102.48,20,EUR,2026-07-24T18:56:00+00:00
50478,1207,2026-07-31T08:52:00+00:00,paid,55.81,0,EUR,2026-08-01T08:52:00+00:00
50479,1083,2026-07-05T07:01:00+00:00,cancelled,22.03,0,EUR,2026-07-07T07:01:00+00:00
50480,1035,2026-07-23T19:52:00+00:00,paid,85.75,0,EUR,2026-07-27T05:52:00+00:00
50481,1009,2026-07-12T06:21:00+00:00,paid,74.55,0,EUR,2026-07-12T15:21:00+00:00
50482,1029,2026-07-09T05:18:00+00:00,refunded,65.77,0,EUR,2026-07-10T17:18:00+00:00
50483,1098,2026-07-20T14:02:00+00:00,paid,121.69,0,EUR,2026-07-24T08:02:00+00:00
50484,1091,2026-07-16T17:35:00+00:00,paid,103.3,0,EUR,2026-07-17T12:35:00+00:00
50485,1188,2026-07-25T03:46:00+00:00,paid,22.69,0,PLN,2026-07-26T09:46:00+00:00
50486,1028,2026-07-13T01:41:00+00:00,paid,74.84,15,EUR,2026-07-14T21:41:00+00:00
50487,1058,2026-08-01T06:49:00+00:00,paid,27.74,0,EUR,2026-08-04T00:49:00+00:00
50488,1216,2026-07-03T23:14:00+00:00,paid,52.14,5,EUR,2026-07-04T23:14:00+00:00
50489,1007,2026-08-02T18:02:00+00:00,shipped,26.05,0,EUR,2026-08-05T22:02:00+00:00
50490,1094,2026-07-02T03:12:00+00:00,shipped,26.84,10,EUR,2026-07-03T01:12:00+00:00
50491,1044,2026-07-28T23:08:00+00:00,paid,92.7,10,EUR,2026-07-30T10:08:00+00:00
50492,1118,2026-07-14T03:59:00+00:00,shipped,86.82,10,EUR,2026-07-16T10:59:00+00:00
50493,1215,2026-07-15T13:36:00+00:00,paid,71.13,0,EUR,2026-07-15T14:36:00+00:00
50494,1050,2026-07-01T17:21:00+00:00,refunded,48.93,0,EUR,2026-07-04T18:21:00+00:00
50495,1082,2026-07-27T16:18:00+00:00,paid,24.47,0,EUR,2026-07-30T08:18:00+00:00
50496,1099,2026-07-07T06:55:00+00:00,shipped,52.32,0,PLN,2026-07-10T14:55:00+00:00
50497,1176,2026-07-26T01:09:00+00:00,paid,87.07,0,EUR,2026-07-27T03:09:00+00:00
50498,1217,2026-07-28T13:22:00+00:00,shipped,85.77,0,EUR,2026-07-30T03:22:00+00:00
50499,1022,2026-08-02T02:51:00+00:00,paid,163.88,0,EUR,2026-08-05T16:51:00+00:00
50500,1108,2026-07-27T21:46:00+00:00,shipped,149.63,0,PLN,2026-07-28T03:46:00+00:00
50501,1166,2026-07-12T10:58:00+00:00,paid,73.05,0,EUR,2026-07-14T09:58:00+00:00
50502,1002,2026-07-29T01:35:00+00:00,cancelled,51.93,0,EUR,2026-07-30T23:35:00+00:00
50503,1178,2026-08-01T09:16:00+00:00,paid,40.42,10,EUR,2026-08-03T03:16:00+00:00
50504,1054,2026-07-13T01:14:00+00:00,shipped,21.35,0,EUR,2026-07-14T18:14:00+00:00
50505,1115,2026-07-05T17:14:00+00:00,cancelled,30.25,10,EUR,2026-07-08T16:14:00+00:00
50506,1216,2026-08-03T19:41:00+00:00,refunded,87.16,0,EUR,2026-08-04T13:41:00+00:00
50507,1140,2026-07-06T14:55:00+00:00,paid,107.88,15,EUR,2026-07-10T03:55:00+00:00
50508,1218,2026-07-23T13:34:00+00:00,paid,59.57,10,EUR,2026-07-27T03:34:00+00:00
50509,1133,2026-07-09T23:29:00+00:00,paid,270.49,0,EUR,2026-07-10T16:29:00+00:00
50510,1047,2026-07-05T18:56:00+00:00,paid,30.49,20,EUR,2026-07-09T15:56:00+00:00
50511,1153,2026-07-30T12:05:00+00:00,shipped,19.56,0,EUR,2026-07-31T13:05:00+00:00
50512,1136,2026-07-06T11:04:00+00:00,refunded,267.63,0,EUR,2026-07-06T15:04:00+00:00
50513,1069,2026-07-26T11:14:00+00:00,refunded,23.47,10,EUR,2026-07-28T01:14:00+00:00
50514,1017,2026-07-27T08:06:00+00:00,paid,59.0,0,EUR,2026-07-30T12:06:00+00:00
50515,1143,2026-07-03T06:55:00+00:00,shipped,43.0,0,EUR,2026-07-06T15:55:00+00:00
50516,1128,2026-07-07T13:43:00+00:00,cancelled,91.41,0,PLN,2026-07-10T02:43:00+00:00
50517,1171,2026-07-31T04:27:00+00:00,cancelled,55.92,0,EUR,2026-08-03T09:27:00+00:00
50518,1028,2026-07-20T06:39:00+00:00,paid,108.09,0,EUR,2026-07-21T07:39:00+00:00
50519,1119,2026-07-05T14:40:00+00:00,paid,123.25,0,EUR,2026-07-09T02:40:00+00:00
50520,1181,2026-08-07T16:29:00+00:00,cancelled,21.17,0,EUR,2026-08-10T04:29:00+00:00
50521,1197,2026-07-11T01:40:00+00:00,paid,39.43,0,EUR,2026-07-11T13:40:00+00:00
50522,1207,2026-07-01T03:39:00+00:00,paid,114.02,0,EUR,2026-07-01T15:39:00+00:00
50523,1047,2026-08-05T02:50:00+00:00,refunded,138.85,0,EUR,2026-08-06T03:50:00+00:00
50524,1039,2026-07-01T15:07:00+00:00,refunded,80.97,5,EUR,2026-07-01T21:07:00+00:00
50525,1127,2026-07-22T00:39:00+00:00,cancelled,95.82,0,EUR,2026-07-23T03:39:00+00:00
50526,1102,2026-08-07T17:41:00+00:00,shipped,170.31,0,EUR,2026-08-11T16:41:00+00:00
50527,1052,2026-07-22T22:57:00+00:00,paid,56.42,10,EUR,2026-07-23T21:57:00+00:00
50528,1023,2026-07-23T05:11:00+00:00,paid,80.38,15,PLN,2026-07-25T18:11:00+00:00
50529,1032,2026-07-15T18:00:00+00:00,shipped,149.73,0,EUR,2026-07-19T15:00:00+00:00
50530,1075,2026-07-05T19:44:00+00:00,shipped,155.54,0,PLN,2026-07-06T19:44:00+00:00
50531,1163,2026-07-22T18:17:00+00:00,paid,67.59,10,EUR,2026-07-25T12:17:00+00:00
50532,1015,2026-08-04T02:20:00+00:00,shipped,40.39,15,EUR,2026-08-05T21:20:00+00:00
50533,1024,2026-07-04T11:05:00+00:00,paid,67.08,0,EUR,2026-07-05T14:05:00+00:00
50534,1059,2026-08-03T10:54:00+00:00,shipped,71.54,0,EUR,2026-08-07T05:54:00+00:00
50535,1193,2026-07-16T18:31:00+00:00,paid,39.29,0,EUR,2026-07-19T09:31:00+00:00
50536,1218,2026-07-21T09:00:00+00:00,paid,43.79,0,EUR,2026-07-23T03:00:00+00:00
50537,1097,2026-07-07T06:50:00+00:00,paid,155.68,15,EUR,2026-07-10T11:50:00+00:00
50538,1010,2026-07-24T15:04:00+00:00,paid,98.69,5,EUR,2026-07-28T05:04:00+00:00
50539,1003,2026-07-07T22:18:00+00:00,cancelled,59.2,0,EUR,2026-07-11T01:18:00+00:00
50540,1189,2026-07-11T09:08:00+00:00,paid,32.0,5,EUR,2026-07-14T20:08:00+00:00
50541,1098,2026-07-28T10:06:00+00:00,paid,44.18,10,EUR,2026-07-29T16:06:00+00:00
50542,1018,2026-07-02T22:04:00+00:00,shipped,18.2,0,EUR,2026-07-04T07:04:00+00:00
50543,1184,2026-07-17T23:49:00+00:00,shipped,82.37,10,EUR,2026-07-18T21:49:00+00:00
50544,1117,2026-07-23T14:14:00+00:00,paid,42.4,0,EUR,2026-07-26T08:14:00+00:00
50545,1077,2026-07-06T00:24:00+00:00,paid,86.69,0,EUR,2026-07-09T05:24:00+00:00
50546,1100,2026-07-12T04:49:00+00:00,paid,113.29,0,EUR,2026-07-14T19:49:00+00:00
50547,1050,2026-07-14T01:16:00+00:00,shipped,87.52,0,EUR,2026-07-16T10:16:00+00:00
50548,1205,2026-07-26T05:13:00+00:00,paid,54.2,20,EUR,2026-07-29T07:13:00+00:00
50549,1174,2026-08-07T02:45:00+00:00,paid,37.78,0,PLN,2026-08-07T19:45:00+00:00
50550,1044,2026-08-01T18:39:00+00:00,paid,28.4,0,PLN,2026-08-03T05:39:00+00:00
50551,1162,2026-07-08T05:03:00+00:00,shipped,146.48,0,EUR,2026-07-11T00:03:00+00:00
50552,1040,2026-07-01T16:33:00+00:00,paid,85.05,0,EUR,2026-07-01T21:33:00+00:00
50553,1100,2026-07-02T23:20:00+00:00,cancelled,56.39,0,EUR,2026-07-06T14:20:00+00:00
50554,1165,2026-07-23T15:17:00+00:00,paid,103.98,5,EUR,2026-07-24T07:17:00+00:00
50555,1009,2026-07-06T22:30:00+00:00,shipped,132.22,0,EUR,2026-07-10T01:30:00+00:00
50556,1160,2026-07-09T18:55:00+00:00,paid,43.06,0,EUR,2026-07-12T05:55:00+00:00
50557,1050,2026-08-02T04:49:00+00:00,paid,83.38,0,EUR,2026-08-05T13:49:00+00:00
50558,1154,2026-08-03T04:59:00+00:00,paid,84.49,0,PLN,2026-08-06T06:59:00+00:00
50559,1110,2026-08-01T21:11:00+00:00,shipped,165.88,5,EUR,2026-08-03T22:11:00+00:00
50560,1006,2026-07-10T15:20:00+00:00,cancelled,55.84,0,PLN,2026-07-13T15:20:00+00:00
50561,1168,2026-07-24T13:09:00+00:00,paid,36.75,0,EUR,2026-07-25T22:09:00+00:00
50562,1058,2026-07-24T05:01:00+00:00,paid,89.46,5,EUR,2026-07-26T13:01:00+00:00
50563,1210,2026-07-08T00:56:00+00:00,cancelled,109.48,10,EUR,2026-07-11T15:56:00+00:00
50564,1185,2026-07-22T00:49:00+00:00,shipped,78.96,10,EUR,2026-07-22T08:49:00+00:00
50565,1043,2026-07-20T23:02:00+00:00,paid,172.82,0,EUR,2026-07-22T09:02:00+00:00
50566,1133,2026-07-16T01:18:00+00:00,paid,55.72,0,EUR,2026-07-16T02:18:00+00:00
50567,1080,2026-07-29T13:30:00+00:00,shipped,80.26,5,EUR,2026-07-31T16:30:00+00:00
50568,1133,2026-07-26T17:59:00+00:00,shipped,22.63,0,EUR,2026-07-29T20:59:00+00:00
50569,1123,2026-07-21T05:46:00+00:00,shipped,35.21,5,EUR,2026-07-21T08:46:00+00:00
50570,1066,2026-07-28T13:54:00+00:00,refunded,43.26,0,EUR,2026-07-30T17:54:00+00:00
50571,1144,2026-07-29T23:57:00+00:00,paid,62.33,10,EUR,2026-07-31T14:57:00+00:00
50572,1058,2026-07-22T13:02:00+00:00,paid,25.81,0,EUR,2026-07-25T16:02:00+00:00
50573,1200,2026-07-11T04:07:00+00:00,paid,103.06,0,EUR,2026-07-12T01:07:00+00:00
50574,1209,2026-07-29T19:40:00+00:00,paid,40.47,0,EUR,2026-07-30T10:40:00+00:00
50575,1037,2026-07-28T06:27:00+00:00,paid,241.85,0,EUR,2026-07-28T15:27:00+00:00
50576,1161,2026-08-07T08:52:00+00:00,paid,41.54,5,PLN,2026-08-08T23:52:00+00:00
50577,1205,2026-07-06T16:36:00+00:00,paid,74.87,0,EUR,2026-07-08T14:36:00+00:00
50578,1028,2026-07-16T22:22:00+00:00,shipped,68.75,0,EUR,2026-07-20T14:22:00+00:00
50579,1163,2026-08-05T02:53:00+00:00,paid,32.94,15,EUR,2026-08-06T22:53:00+00:00
50580,1207,2026-07-20T13:17:00+00:00,paid,62.49,10,EUR,2026-07-21T05:17:00+00:00
50581,1050,2026-08-05T19:40:00+00:00,shipped,61.96,0,EUR,2026-08-08T14:40:00+00:00
50582,1129,2026-07-01T11:22:00+00:00,shipped,123.32,20,EUR,2026-07-01T16:22:00+00:00
50583,1176,2026-07-02T08:04:00+00:00,shipped,91.63,0,EUR,2026-07-03T17:04:00+00:00
50584,1074,2026-07-31T05:58:00+00:00,shipped,102.1,10,EUR,2026-08-02T19:58:00+00:00
50585,1053,2026-07-14T14:53:00+00:00,shipped,121.65,0,PLN,2026-07-15T14:53:00+00:00
50586,1088,2026-07-20T18:26:00+00:00,paid,103.15,0,EUR,2026-07-23T03:26:00+00:00
50587,1074,2026-07-17T06:20:00+00:00,paid,82.93,0,EUR,2026-07-19T01:20:00+00:00
50588,1160,2026-07-16T12:03:00+00:00,shipped,42.97,0,EUR,2026-07-20T07:03:00+00:00
50589,1082,2026-08-05T16:48:00+00:00,paid,79.51,0,EUR,2026-08-06T19:48:00+00:00
50590,1083,2026-07-04T13:47:00+00:00,paid,37.19,0,EUR,2026-07-08T04:47:00+00:00
50591,1208,2026-07-30T08:15:00+00:00,paid,65.77,5,PLN,2026-08-01T20:15:00+00:00
50592,1128,2026-08-03T19:21:00+00:00,paid,60.07,0,PLN,2026-08-06T18:21:00+00:00
50593,1205,2026-07-25T23:33:00+00:00,paid,62.72,0,EUR,2026-07-26T15:33:00+00:00
50594,1157,2026-07-16T00:14:00+00:00,paid,26.02,20,EUR,2026-07-16T01:14:00+00:00
50595,1195,2026-07-07T01:55:00+00:00,cancelled,4.31,5,PLN,2026-07-09T23:55:00+00:00
50596,1043,2026-07-26T22:30:00+00:00,cancelled,52.65,15,EUR,2026-07-28T20:30:00+00:00
50597,1207,2026-07-18T19:32:00+00:00,paid,139.5,0,EUR,2026-07-20T00:32:00+00:00
50598,1208,2026-07-06T16:13:00+00:00,cancelled,74.14,0,EUR,2026-07-10T06:13:00+00:00
50599,1009,2026-07-14T16:00:00+00:00,paid,133.31,0,EUR,2026-07-15T23:00:00+00:00
50600,1079,2026-08-06T12:55:00+00:00,cancelled,37.38,0,EUR,2026-08-08T05:55:00+00:00
50601,1091,2026-07-11T02:01:00+00:00,refunded,50.83,0,PLN,2026-07-13T23:01:00+00:00
50602,1093,2026-07-07T18:44:00+00:00,paid,250.61,15,EUR,2026-07-11T14:44:00+00:00
50603,1172,2026-07-26T21:57:00+00:00,shipped,39.1,0,EUR,2026-07-30T11:57:00+00:00
50604,1154,2026-07-08T13:58:00+00:00,refunded,100.85,10,EUR,2026-07-11T03:58:00+00:00
50605,1047,2026-08-04T22:57:00+00:00,cancelled,100.75,0,EUR,2026-08-05T08:57:00+00:00
50606,1134,2026-08-02T15:23:00+00:00,refunded,93.82,0,EUR,2026-08-03T01:23:00+00:00
50607,1215,2026-08-07T08:58:00+00:00,shipped,101.65,0,EUR,2026-08-10T02:58:00+00:00
50608,1097,2026-08-04T16:16:00+00:00,paid,38.68,20,PLN,2026-08-06T16:16:00+00:00
50609,1205,2026-07-10T06:18:00+00:00,cancelled,54.44,0,EUR,2026-07-10T18:18:00+00:00
50610,1143,2026-07-09T01:28:00+00:00,shipped,5.95,0,EUR,2026-07-11T19:28:00+00:00
50611,1204,2026-07-14T00:29:00+00:00,shipped,169.28,0,EUR,2026-07-17T18:29:00+00:00
50612,1199,2026-07-18T20:27:00+00:00,paid,101.27,5,EUR,2026-07-19T02:27:00+00:00
50613,1004,2026-08-03T10:33:00+00:00,shipped,43.3,20,EUR,2026-08-06T17:33:00+00:00
50614,1177,2026-07-28T20:56:00+00:00,paid,37.69,15,PLN,2026-07-30T05:56:00+00:00
50615,1042,2026-07-25T11:43:00+00:00,shipped,141.0,5,EUR,2026-07-27T01:43:00+00:00
50616,1182,2026-08-03T09:04:00+00:00,paid,41.09,20,EUR,2026-08-06T05:04:00+00:00
50617,1178,2026-07-25T13:02:00+00:00,shipped,43.2,5,EUR,2026-07-26T12:02:00+00:00
50618,1057,2026-07-15T09:41:00+00:00,cancelled,31.85,0,EUR,2026-07-16T00:41:00+00:00
50619,1015,2026-07-16T16:39:00+00:00,paid,113.46,0,EUR,2026-07-20T12:39:00+00:00
50620,1093,2026-07-20T15:31:00+00:00,paid,132.1,0,EUR,2026-07-22T00:31:00+00:00
50621,1067,2026-07-04T08:57:00+00:00,paid,60.32,0,EUR,2026-07-05T00:57:00+00:00
50622,1122,2026-07-29T04:26:00+00:00,refunded,132.63,0,EUR,2026-07-31T22:26:00+00:00
50623,1019,2026-07-25T19:19:00+00:00,shipped,88.79,0,EUR,2026-07-26T15:19:00+00:00
50624,1010,2026-07-28T18:47:00+00:00,paid,30.35,20,EUR,2026-07-31T20:47:00+00:00
50625,1097,2026-07-21T06:57:00+00:00,paid,161.85,20,EUR,2026-07-21T12:57:00+00:00
50626,1170,2026-07-30T18:03:00+00:00,paid,31.58,0,EUR,2026-08-01T19:03:00+00:00
50627,1070,2026-08-06T02:10:00+00:00,paid,63.36,5,EUR,2026-08-07T16:10:00+00:00
50628,1072,2026-07-22T15:46:00+00:00,refunded,60.44,0,EUR,2026-07-26T10:46:00+00:00
50629,1037,2026-07-17T21:16:00+00:00,shipped,53.26,0,EUR,2026-07-19T23:16:00+00:00
50630,1063,2026-07-04T23:24:00+00:00,paid,13.23,0,EUR,2026-07-08T15:24:00+00:00
50631,1066,2026-07-30T14:09:00+00:00,cancelled,219.78,0,EUR,2026-07-31T13:09:00+00:00
50632,1058,2026-08-04T08:25:00+00:00,paid,15.03,0,PLN,2026-08-06T05:25:00+00:00
50633,1076,2026-07-27T13:56:00+00:00,cancelled,168.03,0,EUR,2026-07-30T19:56:00+00:00
50634,1063,2026-08-02T21:24:00+00:00,paid,36.72,0,EUR,2026-08-03T12:24:00+00:00
50635,1150,2026-08-02T17:24:00+00:00,shipped,46.31,0,PLN,2026-08-06T10:24:00+00:00
50636,1075,2026-07-31T07:51:00+00:00,cancelled,158.07,15,EUR,2026-08-03T09:51:00+00:00
50637,1167,2026-07-20T02:37:00+00:00,paid,95.0,0,EUR,2026-07-22T18:37:00+00:00
50638,1134,2026-07-04T19:04:00+00:00,shipped,23.29,0,EUR,2026-07-05T18:04:00+00:00
50639,1141,2026-07-01T02:57:00+00:00,refunded,22.89,0,EUR,2026-07-04T08:57:00+00:00
50640,1129,2026-07-08T18:24:00+00:00,paid,86.21,0,EUR,2026-07-12T02:24:00+00:00
50641,1204,2026-07-17T09:05:00+00:00,paid,31.15,0,EUR,2026-07-18T13:05:00+00:00
50642,1057,2026-07-29T06:09:00+00:00,shipped,97.87,0,EUR,2026-07-31T14:09:00+00:00
50643,1217,2026-07-18T07:41:00+00:00,paid,104.31,5,PLN,2026-07-18T12:41:00+00:00
50644,1046,2026-07-01T21:06:00+00:00,paid,39.74,0,EUR,2026-07-03T10:06:00+00:00
50645,1031,2026-07-08T23:50:00+00:00,paid,48.14,5,EUR,2026-07-09T13:50:00+00:00
50646,1182,2026-08-07T05:03:00+00:00,shipped,88.04,0,EUR,2026-08-09T10:03:00+00:00
50647,1198,2026-08-07T13:04:00+00:00,paid,38.44,0,PLN,2026-08-09T17:04:00+00:00
50648,1021,2026-07-15T07:57:00+00:00,paid,74.21,0,EUR,2026-07-17T10:57:00+00:00
50649,1132,2026-07-31T14:08:00+00:00,cancelled,259.77,0,EUR,2026-08-03T07:08:00+00:00
50650,1113,2026-07-28T08:00:00+00:00,paid,90.78,0,EUR,2026-08-01T00:00:00+00:00
50651,1049,2026-08-05T09:19:00+00:00,cancelled,53.79,0,EUR,2026-08-06T03:19:00+00:00
50652,1115,2026-08-03T17:27:00+00:00,paid,233.35,0,EUR,2026-08-04T13:27:00+00:00
50653,1151,2026-07-24T21:24:00+00:00,refunded,118.58,5,EUR,2026-07-25T17:24:00+00:00
50654,1127,2026-07-15T23:54:00+00:00,shipped,31.75,0,PLN,2026-07-19T16:54:00+00:00
50655,1115,2026-07-24T19:30:00+00:00,paid,36.59,0,PLN,2026-07-25T03:30:00+00:00
50656,1195,2026-07-13T03:02:00+00:00,cancelled,16.74,5,PLN,2026-07-13T06:02:00+00:00
50657,1050,2026-07-14T05:27:00+00:00,paid,87.0,0,EUR,2026-07-14T20:27:00+00:00
50658,1138,2026-07-24T03:10:00+00:00,paid,10.99,10,EUR,2026-07-27T04:10:00+00:00
50659,1070,2026-07-22T17:06:00+00:00,paid,233.18,15,EUR,2026-07-25T00:06:00+00:00
50660,1215,2026-07-23T01:51:00+00:00,shipped,58.42,20,EUR,2026-07-26T17:51:00+00:00
50661,1056,2026-07-15T14:49:00+00:00,paid,123.2,0,EUR,2026-07-16T09:49:00+00:00
50662,1192,2026-07-16T13:08:00+00:00,paid,54.78,0,EUR,2026-07-18T02:08:00+00:00
50663,1140,2026-07-01T09:17:00+00:00,paid,86.01,0,EUR,2026-07-03T14:17:00+00:00
50664,1048,2026-07-23T20:49:00+00:00,paid,63.96,0,EUR,2026-07-24T03:49:00+00:00
50665,1167,2026-07-22T21:06:00+00:00,paid,72.79,0,EUR,2026-07-26T13:06:00+00:00
50666,1054,2026-08-05T13:04:00+00:00,paid,147.52,0,EUR,2026-08-08T18:04:00+00:00
50667,1058,2026-07-20T03:54:00+00:00,paid,192.24,0,EUR,2026-07-20T16:54:00+00:00
50668,1076,2026-07-18T18:29:00+00:00,paid,183.19,0,EUR,2026-07-22T02:29:00+00:00
50669,1150,2026-07-03T13:43:00+00:00,shipped,382.07,0,EUR,2026-07-05T08:43:00+00:00
50670,1087,2026-07-08T11:25:00+00:00,paid,41.67,0,EUR,2026-07-09T19:25:00+00:00
50671,1126,2026-07-13T20:17:00+00:00,shipped,91.53,15,EUR,2026-07-17T14:17:00+00:00
50672,1122,2026-07-15T08:00:00+00:00,paid,42.4,0,PLN,2026-07-17T09:00:00+00:00
50673,1044,2026-07-14T18:46:00+00:00,paid,143.78,0,EUR,2026-07-15T15:46:00+00:00
50674,1052,2026-07-15T23:25:00+00:00,paid,32.98,15,EUR,2026-07-19T04:25:00+00:00
50675,1068,2026-07-30T05:15:00+00:00,paid,149.11,0,EUR,2026-08-02T01:15:00+00:00
50676,1049,2026-07-05T23:34:00+00:00,paid,80.74,0,EUR,2026-07-06T17:34:00+00:00
50677,1203,2026-07-13T15:01:00+00:00,shipped,66.49,5,EUR,2026-07-16T08:01:00+00:00
50678,1084,2026-07-07T04:32:00+00:00,paid,71.8,0,EUR,2026-07-09T16:32:00+00:00
50679,1090,2026-07-12T16:42:00+00:00,paid,28.48,0,EUR,2026-07-13T18:42:00+00:00
50680,1148,2026-07-27T00:19:00+00:00,shipped,30.47,10,EUR,2026-07-28T17:19:00+00:00
50681,1174,2026-07-02T18:38:00+00:00,paid,81.69,10,EUR,2026-07-06T02:38:00+00:00
50682,1152,2026-07-13T21:36:00+00:00,paid,81.33,10,PLN,2026-07-14T13:36:00+00:00
50683,1122,2026-07-01T21:36:00+00:00,paid,43.85,20,EUR,2026-07-04T18:36:00+00:00
50684,1215,2026-08-06T06:52:00+00:00,paid,57.98,0,EUR,2026-08-09T13:52:00+00:00
50685,1198,2026-07-28T15:15:00+00:00,paid,96.58,10,EUR,2026-08-01T08:15:00+00:00
50686,1045,2026-07-10T06:09:00+00:00,shipped,38.28,0,EUR,2026-07-11T13:09:00+00:00
50687,1036,2026-07-08T12:45:00+00:00,refunded,14.96,5,EUR,2026-07-09T13:45:00+00:00
50688,1087,2026-07-04T18:13:00+00:00,paid,173.03,10,EUR,2026-07-08T11:13:00+00:00
50689,1184,2026-07-18T23:15:00+00:00,shipped,85.52,10,EUR,2026-07-20T19:15:00+00:00
50690,1213,2026-07-29T15:11:00+00:00,shipped,49.83,15,PLN,2026-07-31T21:11:00+00:00
50691,1155,2026-07-23T04:47:00+00:00,paid,42.3,0,EUR,2026-07-25T05:47:00+00:00
50692,1152,2026-08-03T11:30:00+00:00,shipped,37.99,5,EUR,2026-08-05T12:30:00+00:00
50693,1052,2026-07-14T01:33:00+00:00,shipped,143.42,0,EUR,2026-07-16T12:33:00+00:00
50694,1131,2026-07-11T13:38:00+00:00,cancelled,24.65,0,EUR,2026-07-13T05:38:00+00:00
50695,1041,2026-07-19T03:58:00+00:00,refunded,91.37,10,EUR,2026-07-20T16:58:00+00:00
50696,1119,2026-07-08T16:18:00+00:00,paid,91.32,10,EUR,2026-07-10T06:18:00+00:00
50697,1043,2026-08-07T01:47:00+00:00,paid,114.76,0,EUR,2026-08-09T16:47:00+00:00
50698,1017,2026-07-08T01:25:00+00:00,shipped,53.35,0,EUR,2026-07-11T07:25:00+00:00
50699,1213,2026-07-19T04:43:00+00:00,paid,164.04,0,EUR,2026-07-21T09:43:00+00:00
50700,1197,2026-07-20T20:04:00+00:00,paid,116.92,0,EUR,2026-07-23T13:04:00+00:00
50701,1151,2026-07-03T04:01:00+00:00,refunded,52.06,0,EUR,2026-07-04T19:01:00+00:00
50702,1138,2026-07-18T19:11:00+00:00,paid,40.82,15,EUR,2026-07-21T21:11:00+00:00
50703,1053,2026-07-18T06:41:00+00:00,paid,64.08,0,EUR,2026-07-19T19:41:00+00:00
50704,1126,2026-07-10T20:36:00+00:00,cancelled,50.81,20,EUR,2026-07-12T12:36:00+00:00
50705,1165,2026-07-05T20:42:00+00:00,paid,35.88,0,EUR,2026-07-06T01:42:00+00:00
50706,1119,2026-07-02T17:11:00+00:00,paid,73.99,5,EUR,2026-07-03T18:11:00+00:00
50707,1063,2026-07-01T07:49:00+00:00,refunded,58.25,0,EUR,2026-07-04T05:49:00+00:00
50708,1087,2026-07-19T07:07:00+00:00,paid,188.29,5,EUR,2026-07-19T15:07:00+00:00
50709,1186,2026-07-04T09:56:00+00:00,paid,50.75,5,EUR,2026-07-05T06:56:00+00:00
50710,1057,2026-08-06T10:54:00+00:00,paid,40.54,5,EUR,2026-08-09T12:54:00+00:00
50711,1212,2026-07-10T07:12:00+00:00,refunded,70.77,15,EUR,2026-07-13T18:12:00+00:00
50712,1167,2026-07-25T19:05:00+00:00,paid,83.74,0,EUR,2026-07-27T10:05:00+00:00
50713,1196,2026-07-26T14:13:00+00:00,paid,88.02,0,EUR,2026-07-28T05:13:00+00:00
50714,1113,2026-07-19T19:54:00+00:00,paid,87.45,0,EUR,2026-07-21T19:54:00+00:00
50715,1050,2026-08-03T13:51:00+00:00,paid,72.41,5,EUR,2026-08-06T14:51:00+00:00
50716,1008,2026-07-05T04:57:00+00:00,cancelled,68.87,0,EUR,2026-07-07T01:57:00+00:00
50717,1118,2026-07-09T21:26:00+00:00,paid,104.69,0,EUR,2026-07-10T13:26:00+00:00
50718,1088,2026-07-10T14:13:00+00:00,refunded,33.38,0,EUR,2026-07-12T07:13:00+00:00
50719,1026,2026-07-06T03:29:00+00:00,paid,40.76,0,EUR,2026-07-07T03:29:00+00:00
50720,1205,2026-07-12T04:50:00+00:00,paid,19.58,10,EUR,2026-07-14T21:50:00+00:00
50721,1214,2026-07-12T21:10:00+00:00,cancelled,33.81,5,EUR,2026-07-13T10:10:00+00:00
50722,1083,2026-07-30T01:30:00+00:00,paid,134.73,5,EUR,2026-08-01T11:30:00+00:00
50723,1147,2026-07-12T11:05:00+00:00,paid,101.87,5,EUR,2026-07-12T23:05:00+00:00
50724,1091,2026-08-03T07:33:00+00:00,cancelled,203.72,15,EUR,2026-08-07T04:33:00+00:00
50725,1110,2026-07-30T08:40:00+00:00,paid,174.59,0,EUR,2026-08-01T21:40:00+00:00
50726,1138,2026-08-04T06:17:00+00:00,paid,102.43,20,EUR,2026-08-04T19:17:00+00:00
50727,1092,2026-07-04T23:57:00+00:00,refunded,77.94,0,EUR,2026-07-08T19:57:00+00:00
50728,1177,2026-08-07T09:55:00+00:00,paid,71.7,5,EUR,2026-08-09T16:55:00+00:00
50729,1042,2026-07-24T07:56:00+00:00,paid,10.3,5,EUR,2026-07-26T17:56:00+00:00
50730,1148,2026-08-07T07:55:00+00:00,paid,66.38,0,EUR,2026-08-07T13:55:00+00:00
50731,1217,2026-07-14T11:36:00+00:00,paid,46.28,0,PLN,2026-07-15T05:36:00+00:00
50732,1188,2026-08-06T05:08:00+00:00,paid,35.01,0,EUR,2026-08-09T10:08:00+00:00
50733,1011,2026-07-23T08:48:00+00:00,shipped,92.1,0,EUR,2026-07-25T04:48:00+00:00
50734,1026,2026-07-03T17:30:00+00:00,paid,60.95,15,EUR,2026-07-06T04:30:00+00:00
50735,1139,2026-07-16T14:02:00+00:00,shipped,74.7,0,EUR,2026-07-20T12:02:00+00:00
50736,1204,2026-07-06T05:40:00+00:00,paid,31.07,0,EUR,2026-07-07T22:40:00+00:00
50737,1186,2026-08-05T18:26:00+00:00,paid,120.12,0,EUR,2026-08-07T06:26:00+00:00
50738,1199,2026-07-12T13:40:00+00:00,paid,50.57,0,EUR,2026-07-15T18:40:00+00:00
50739,1033,2026-07-09T10:47:00+00:00,shipped,88.94,0,EUR,2026-07-09T16:47:00+00:00
50740,1115,2026-07-22T00:14:00+00:00,paid,53.7,0,EUR,2026-07-23T19:14:00+00:00
50741,1160,2026-07-17T03:44:00+00:00,paid,8.42,0,EUR,2026-07-20T13:44:00+00:00
50742,1138,2026-07-04T16:26:00+00:00,cancelled,94.54,0,EUR,2026-07-05T13:26:00+00:00
50743,1171,2026-08-01T00:38:00+00:00,shipped,63.77,0,EUR,2026-08-02T05:38:00+00:00
50744,1047,2026-08-02T03:22:00+00:00,paid,18.38,0,EUR,2026-08-04T00:22:00+00:00
50745,1101,2026-07-29T05:34:00+00:00,cancelled,28.07,10,EUR,2026-07-29T12:34:00+00:00
50746,1099,2026-07-24T10:28:00+00:00,paid,122.35,0,EUR,2026-07-24T16:28:00+00:00
50747,1207,2026-07-16T07:07:00+00:00,paid,19.21,0,EUR,2026-07-17T07:07:00+00:00
50748,1045,2026-07-21T14:38:00+00:00,paid,49.61,20,PLN,2026-07-25T04:38:00+00:00
50749,1072,2026-07-20T19:08:00+00:00,paid,214.63,0,EUR,2026-07-21T16:08:00+00:00
50750,1005,2026-07-07T06:45:00+00:00,paid,96.12,0,EUR,2026-07-10T04:45:00+00:00
50751,1034,2026-07-04T02:36:00+00:00,shipped,111.81,10,PLN,2026-07-05T18:36:00+00:00
50752,1216,2026-07-10T14:58:00+00:00,paid,57.31,0,EUR,2026-07-13T14:58:00+00:00
50753,1187,2026-07-18T06:21:00+00:00,shipped,16.93,10,EUR,2026-07-19T13:21:00+00:00
50754,1058,2026-07-07T02:12:00+00:00,cancelled,79.56,5,EUR,2026-07-10T13:12:00+00:00
50755,1155,2026-07-05T01:16:00+00:00,shipped,29.72,20,EUR,2026-07-06T12:16:00+00:00
50756,1131,2026-08-02T08:57:00+00:00,shipped,27.4,20,EUR,2026-08-05T11:57:00+00:00
50757,1200,2026-07-15T05:59:00+00:00,shipped,73.54,0,EUR,2026-07-18T12:59:00+00:00
50758,1067,2026-07-23T04:48:00+00:00,refunded,31.44,10,PLN,2026-07-24T21:48:00+00:00
50759,1219,2026-07-20T21:54:00+00:00,paid,67.92,0,EUR,2026-07-23T13:54:00+00:00
50760,1082,2026-07-28T22:26:00+00:00,paid,41.8,0,EUR,2026-07-29T09:26:00+00:00
50761,1158,2026-07-29T02:42:00+00:00,paid,66.32,0,EUR,2026-07-31T01:42:00+00:00
50762,1088,2026-07-12T05:58:00+00:00,paid,47.29,0,EUR,2026-07-13T16:58:00+00:00
50763,1148,2026-08-02T05:17:00+00:00,paid,67.59,0,EUR,2026-08-06T00:17:00+00:00
50764,1074,2026-07-15T02:34:00+00:00,shipped,165.76,0,EUR,2026-07-18T19:34:00+00:00
50765,1186,2026-08-01T17:42:00+00:00,paid,113.43,0,EUR,2026-08-04T20:42:00+00:00
50766,1141,2026-07-16T09:13:00+00:00,cancelled,62.51,0,EUR,2026-07-20T04:13:00+00:00
50767,1064,2026-07-05T05:13:00+00:00,paid,149.65,15,EUR,2026-07-09T02:13:00+00:00
50768,1212,2026-07-29T21:08:00+00:00,paid,89.78,0,EUR,2026-08-01T22:08:00+00:00
50769,1157,2026-07-02T03:30:00+00:00,paid,143.29,10,EUR,2026-07-04T12:30:00+00:00
50770,1095,2026-07-30T08:23:00+00:00,paid,21.17,10,EUR,2026-07-31T03:23:00+00:00
50771,1030,2026-07-02T15:21:00+00:00,paid,31.73,10,EUR,2026-07-05T21:21:00+00:00
50772,1215,2026-07-08T20:36:00+00:00,paid,78.94,0,EUR,2026-07-09T14:36:00+00:00
50773,1167,2026-07-23T22:16:00+00:00,paid,61.44,15,EUR,2026-07-24T15:16:00+00:00
50774,1147,2026-08-05T18:41:00+00:00,paid,67.7,10,EUR,2026-08-09T06:41:00+00:00
50775,1184,2026-07-16T12:31:00+00:00,paid,99.41,10,EUR,2026-07-16T22:31:00+00:00
50776,1134,2026-07-05T14:02:00+00:00,paid,79.47,15,EUR,2026-07-06T03:02:00+00:00
50777,1052,2026-07-09T20:24:00+00:00,paid,120.39,0,EUR,2026-07-11T21:24:00+00:00
50778,1053,2026-08-04T01:15:00+00:00,paid,,0,EUR,2026-08-06T09:15:00+00:00
50779,1018,2026-07-28T14:46:00+00:00,paid,32.94,15,EUR,2026-07-28T18:46:00+00:00
50780,1014,2026-07-04T19:33:00+00:00,paid,8.76,0,EUR,2026-07-06T07:33:00+00:00
50781,1161,2026-07-15T15:01:00+00:00,paid,31.27,10,EUR,2026-07-16T12:01:00+00:00
50782,1188,2026-07-11T01:15:00+00:00,shipped,29.66,0,EUR,2026-07-12T05:15:00+00:00
50783,1037,2026-07-07T18:10:00+00:00,refunded,71.22,0,EUR,2026-07-08T11:10:00+00:00
50784,1127,2026-08-02T03:59:00+00:00,cancelled,70.6,0,EUR,2026-08-04T20:59:00+00:00
50785,1028,2026-07-24T11:21:00+00:00,paid,58.88,0,EUR,2026-07-26T08:21:00+00:00
50786,1092,2026-07-07T19:41:00+00:00,paid,92.05,20,EUR,2026-07-11T15:41:00+00:00
50787,1174,2026-07-25T17:26:00+00:00,paid,273.24,0,EUR,2026-07-25T17:26:00+00:00
50788,1179,2026-07-16T17:10:00+00:00,shipped,57.97,5,PLN,2026-07-19T19:10:00+00:00
50789,1209,2026-07-03T08:04:00+00:00,shipped,81.15,0,EUR,2026-07-06T23:04:00+00:00
50790,1069,2026-07-18T02:16:00+00:00,cancelled,67.69,20,EUR,2026-07-20T00:16:00+00:00
50791,1209,2026-07-08T00:55:00+00:00,cancelled,44.22,0,EUR,2026-07-10T19:55:00+00:00
50792,1173,2026-07-10T07:40:00+00:00,paid,100.01,0,EUR,2026-07-12T01:40:00+00:00
50793,1075,2026-08-03T09:38:00+00:00,shipped,55.97,0,EUR,2026-08-05T18:38:00+00:00
50794,1073,2026-07-27T23:44:00+00:00,shipped,37.42,0,PLN,2026-07-31T14:44:00+00:00
50795,1024,2026-07-06T02:17:00+00:00,paid,39.61,20,EUR,2026-07-08T04:17:00+00:00
50796,1203,2026-08-02T08:25:00+00:00,cancelled,123.14,20,EUR,2026-08-04T15:25:00+00:00
50797,1045,2026-07-22T19:46:00+00:00,paid,98.42,0,EUR,2026-07-26T17:46:00+00:00
50798,1059,2026-08-03T05:36:00+00:00,refunded,47.92,0,EUR,2026-08-05T04:36:00+00:00
50799,1091,2026-07-29T09:19:00+00:00,shipped,91.06,0,EUR,2026-07-30T01:19:00+00:00
50800,1031,2026-07-13T21:27:00+00:00,paid,68.24,0,EUR,2026-07-16T14:27:00+00:00
50801,1178,2026-07-21T07:47:00+00:00,shipped,82.09,0,EUR,2026-07-24T01:47:00+00:00
50802,1154,2026-07-21T04:08:00+00:00,paid,43.36,0,EUR,2026-07-22T02:08:00+00:00
50803,1035,2026-07-28T08:35:00+00:00,shipped,30.41,0,EUR,2026-07-31T05:35:00+00:00
50804,1036,2026-07-10T10:32:00+00:00,shipped,55.75,15,EUR,2026-07-10T16:32:00+00:00
50805,1005,2026-07-13T15:46:00+00:00,shipped,34.71,0,EUR,2026-07-14T21:46:00+00:00
50806,1209,2026-07-10T07:15:00+00:00,cancelled,32.72,0,EUR,2026-07-13T17:15:00+00:00
50807,1096,2026-07-12T06:04:00+00:00,paid,22.25,0,EUR,2026-07-14T17:04:00+00:00
50808,1145,2026-07-07T03:03:00+00:00,paid,8.83,0,EUR,2026-07-09T13:03:00+00:00
50809,1033,2026-07-02T09:19:00+00:00,paid,48.54,0,EUR,2026-07-04T20:19:00+00:00
50810,1051,2026-08-05T17:17:00+00:00,paid,137.81,0,EUR,2026-08-06T08:17:00+00:00
50811,1120,2026-07-03T19:46:00+00:00,paid,116.86,0,EUR,2026-07-07T15:46:00+00:00
50812,1046,2026-08-03T17:50:00+00:00,paid,181.22,10,EUR,2026-08-04T21:50:00+00:00
50813,1135,2026-07-01T02:48:00+00:00,paid,31.61,15,EUR,2026-07-04T05:48:00+00:00
50814,1204,2026-07-30T12:57:00+00:00,paid,104.21,15,EUR,2026-08-03T11:57:00+00:00
50815,1068,2026-07-13T11:30:00+00:00,cancelled,62.31,5,EUR,2026-07-14T10:30:00+00:00
50816,1134,2026-07-20T16:06:00+00:00,paid,39.66,0,PLN,2026-07-23T04:06:00+00:00
50817,1202,2026-07-11T17:23:00+00:00,cancelled,128.02,0,EUR,2026-07-11T21:23:00+00:00
50818,1197,2026-07-19T15:26:00+00:00,paid,62.75,0,EUR,2026-07-22T04:26:00+00:00
50819,1002,2026-07-18T03:49:00+00:00,paid,14.94,20,EUR,2026-07-19T21:49:00+00:00
50820,1025,2026-07-21T03:07:00+00:00,paid,116.07,20,EUR,2026-07-21T09:07:00+00:00
50821,1217,2026-07-15T22:40:00+00:00,paid,87.0,0,EUR,2026-07-18T14:40:00+00:00
50822,1204,2026-07-21T09:21:00+00:00,paid,73.99,0,EUR,2026-07-25T06:21:00+00:00
50823,1071,2026-08-01T08:49:00+00:00,paid,26.74,0,EUR,2026-08-01T15:49:00+00:00
50824,1115,2026-07-17T12:19:00+00:00,paid,79.9,0,EUR,2026-07-21T01:19:00+00:00
50825,1127,2026-07-14T17:34:00+00:00,paid,166.03,20,PLN,2026-07-18T01:34:00+00:00
50826,1148,2026-07-06T00:09:00+00:00,shipped,85.42,0,EUR,2026-07-08T04:09:00+00:00
50827,1166,2026-07-14T16:03:00+00:00,paid,19.52,0,EUR,2026-07-18T06:03:00+00:00
50828,1083,2026-07-05T18:36:00+00:00,cancelled,89.74,0,EUR,2026-07-06T23:36:00+00:00
50829,1196,2026-07-07T22:26:00+00:00,paid,86.01,0,EUR,2026-07-10T19:26:00+00:00
50830,1014,2026-08-06T04:27:00+00:00,refunded,109.71,0,EUR,2026-08-08T23:27:00+00:00
50831,1008,2026-07-04T09:32:00+00:00,shipped,84.44,15,EUR,2026-07-06T16:32:00+00:00
50832,1211,2026-07-19T07:36:00+00:00,refunded,32.81,0,EUR,2026-07-22T15:36:00+00:00
50833,1039,2026-08-01T16:52:00+00:00,cancelled,71.31,0,EUR,2026-08-05T04:52:00+00:00
50834,1219,2026-08-06T05:19:00+00:00,paid,56.44,0,PLN,2026-08-09T08:19:00+00:00
50835,1063,2026-07-06T13:48:00+00:00,paid,77.16,0,EUR,2026-07-08T21:48:00+00:00
50836,1081,2026-07-07T05:10:00+00:00,paid,130.98,0,EUR,2026-07-11T02:10:00+00:00
50837,1007,2026-07-15T03:48:00+00:00,shipped,41.7,0,EUR,2026-07-17T08:48:00+00:00
50838,1208,2026-07-22T01:37:00+00:00,shipped,198.22,0,EUR,2026-07-24T14:37:00+00:00
50839,1080,2026-08-06T11:20:00+00:00,paid,89.36,0,PLN,2026-08-07T05:20:00+00:00
50840,1037,2026-07-08T21:26:00+00:00,cancelled,116.49,10,EUR,2026-07-10T03:26:00+00:00
50841,1107,2026-07-07T05:55:00+00:00,paid,106.69,5,EUR,2026-07-10T19:55:00+00:00
50842,1035,2026-07-10T14:54:00+00:00,shipped,87.01,15,EUR,2026-07-12T13:54:00+00:00
50843,1174,2026-08-03T05:22:00+00:00,shipped,97.72,0,EUR,2026-08-05T06:22:00+00:00
50844,1017,2026-07-02T03:24:00+00:00,paid,1.67,5,EUR,2026-07-05T09:24:00+00:00
50845,1110,2026-07-15T10:40:00+00:00,shipped,106.56,5,EUR,2026-07-16T17:40:00+00:00
50846,1087,2026-07-05T12:29:00+00:00,shipped,34.87,0,EUR,2026-07-06T13:29:00+00:00
50847,1009,2026-07-06T23:15:00+00:00,paid,65.37,0,EUR,2026-07-06T23:15:00+00:00
50848,1012,2026-08-04T20:09:00+00:00,paid,86.61,0,EUR,2026-08-05T18:09:00+00:00
50849,1115,2026-07-01T01:30:00+00:00,paid,134.68,10,EUR,2026-07-03T02:30:00+00:00
50850,1087,2026-07-13T05:14:00+00:00,shipped,34.88,0,PLN,2026-07-16T02:14:00+00:00
50851,1029,2026-08-04T18:52:00+00:00,paid,49.43,0,EUR,2026-08-06T01:52:00+00:00
50852,1031,2026-07-24T02:36:00+00:00,cancelled,54.38,20,EUR,2026-07-25T20:36:00+00:00
50853,1178,2026-07-03T17:26:00+00:00,cancelled,77.79,0,EUR,2026-07-04T14:26:00+00:00
50854,1161,2026-07-18T16:05:00+00:00,paid,56.8,20,EUR,2026-07-21T22:05:00+00:00
50855,1134,2026-08-06T21:30:00+00:00,paid,98.01,10,PLN,2026-08-08T23:30:00+00:00
50856,1184,2026-07-16T05:12:00+00:00,shipped,15.5,10,EUR,2026-07-16T18:12:00+00:00
50857,1016,2026-07-21T02:06:00+00:00,shipped,61.83,10,PLN,2026-07-23T12:06:00+00:00
50858,1152,2026-07-21T05:04:00+00:00,paid,176.15,0,EUR,2026-07-22T13:04:00+00:00
50859,1166,2026-07-26T02:19:00+00:00,paid,56.91,5,EUR,2026-07-29T13:19:00+00:00
50860,1045,2026-07-08T02:45:00+00:00,paid,89.58,10,EUR,2026-07-09T03:45:00+00:00
50861,1119,2026-08-01T21:47:00+00:00,refunded,121.85,10,EUR,2026-08-05T08:47:00+00:00
50862,1169,2026-08-07T13:36:00+00:00,paid,87.68,0,EUR,2026-08-10T07:36:00+00:00
50863,1133,2026-07-06T10:00:00+00:00,cancelled,209.09,0,PLN,2026-07-06T22:00:00+00:00
50864,1055,2026-08-01T02:17:00+00:00,paid,72.45,0,PLN,2026-08-04T02:17:00+00:00
50865,1147,2026-08-01T01:01:00+00:00,cancelled,101.18,0,EUR,2026-08-03T22:01:00+00:00
50866,1168,2026-07-29T04:21:00+00:00,paid,79.95,0,PLN,2026-07-30T23:21:00+00:00
50867,1003,2026-07-15T02:14:00+00:00,paid,154.64,10,EUR,2026-07-15T17:14:00+00:00
50868,1125,2026-07-18T19:30:00+00:00,cancelled,51.19,10,EUR,2026-07-20T16:30:00+00:00
50869,1112,2026-08-01T21:21:00+00:00,refunded,219.42,5,EUR,2026-08-04T07:21:00+00:00
50870,1081,2026-07-06T19:25:00+00:00,paid,42.48,0,EUR,2026-07-07T07:25:00+00:00
50871,1010,2026-08-01T11:48:00+00:00,paid,186.54,0,EUR,2026-08-02T19:48:00+00:00
50872,1019,2026-08-04T23:38:00+00:00,paid,31.77,0,EUR,2026-08-07T18:38:00+00:00
50873,1166,2026-07-26T21:51:00+00:00,paid,103.29,0,PLN,2026-07-29T02:51:00+00:00
50874,1183,2026-07-13T23:20:00+00:00,paid,68.24,0,EUR,2026-07-17T22:20:00+00:00
50875,1093,2026-07-22T05:56:00+00:00,cancelled,120.27,0,EUR,2026-07-23T01:56:00+00:00
50876,1207,2026-07-02T21:41:00+00:00,paid,91.02,0,EUR,2026-07-05T23:41:00+00:00
50877,1205,2026-08-05T09:48:00+00:00,shipped,116.19,0,EUR,2026-08-07T01:48:00+00:00
50878,1147,2026-07-14T00:16:00+00:00,paid,30.89,0,EUR,2026-07-14T21:16:00+00:00
50879,1128,2026-07-03T04:04:00+00:00,paid,18.17,0,EUR,2026-07-06T23:04:00+00:00
50880,1213,2026-07-31T04:32:00+00:00,shipped,26.99,0,EUR,2026-08-02T15:32:00+00:00
50881,1135,2026-07-25T23:41:00+00:00,paid,26.43,5,EUR,2026-07-28T02:41:00+00:00
50882,1206,2026-07-24T15:54:00+00:00,shipped,30.6,0,EUR,2026-07-25T19:54:00+00:00
50883,1216,2026-07-03T01:20:00+00:00,paid,44.63,0,EUR,2026-07-06T13:20:00+00:00
50884,1043,2026-07-29T12:45:00+00:00,refunded,44.34,0,EUR,2026-07-29T14:45:00+00:00
50885,1146,2026-07-25T05:14:00+00:00,shipped,69.34,20,EUR,2026-07-25T16:14:00+00:00
50886,1161,2026-07-31T03:47:00+00:00,cancelled,36.83,0,EUR,2026-07-31T20:47:00+00:00
50887,1181,2026-08-01T10:31:00+00:00,paid,39.11,5,EUR,2026-08-04T00:31:00+00:00
50888,1077,2026-07-09T01:18:00+00:00,paid,59.34,0,EUR,2026-07-09T10:18:00+00:00
50889,1190,2026-07-09T00:06:00+00:00,paid,130.75,10,EUR,2026-07-12T04:06:00+00:00
50890,1108,2026-08-05T02:29:00+00:00,paid,50.56,15,PLN,2026-08-05T20:29:00+00:00
50891,1086,2026-07-21T04:17:00+00:00,paid,66.25,0,EUR,2026-07-23T20:17:00+00:00
50892,1035,2026-07-17T15:26:00+00:00,paid,73.77,5,EUR,2026-07-20T19:26:00+00:00
50893,1071,2026-07-11T21:55:00+00:00,paid,33.46,0,EUR,2026-07-15T09:55:00+00:00
50894,1215,2026-07-25T06:46:00+00:00,paid,54.16,5,EUR,2026-07-26T10:46:00+00:00
50895,1158,2026-07-29T15:36:00+00:00,paid,41.49,0,PLN,2026-07-29T22:36:00+00:00
50896,1160,2026-07-01T02:06:00+00:00,paid,123.06,0,EUR,2026-07-04T02:06:00+00:00
50897,1198,2026-07-22T00:00:00+00:00,paid,116.74,20,EUR,2026-07-23T19:00:00+00:00
50898,1059,2026-08-07T17:57:00+00:00,shipped,38.39,15,EUR,2026-08-11T12:57:00+00:00
50899,1146,2026-07-11T15:56:00+00:00,paid,65.38,0,EUR,2026-07-12T09:56:00+00:00
50900,1082,2026-07-11T16:10:00+00:00,paid,101.24,20,EUR,2026-07-13T23:10:00+00:00
50901,1187,2026-08-03T08:51:00+00:00,paid,84.61,0,EUR,2026-08-03T19:51:00+00:00
50902,1093,2026-07-03T08:36:00+00:00,shipped,90.64,0,EUR,2026-07-05T06:36:00+00:00
50903,1189,2026-07-16T02:32:00+00:00,paid,33.62,15,EUR,2026-07-16T02:32:00+00:00
50904,1165,2026-07-18T09:56:00+00:00,shipped,182.37,0,EUR,2026-07-21T09:56:00+00:00
50905,1170,2026-07-31T07:39:00+00:00,refunded,43.99,0,EUR,2026-08-02T17:39:00+00:00
50906,1204,2026-07-05T21:40:00+00:00,paid,43.07,5,EUR,2026-07-06T06:40:00+00:00
50907,1174,2026-07-17T11:51:00+00:00,cancelled,24.36,0,PLN,2026-07-19T10:51:00+00:00
50908,1071,2026-07-06T18:55:00+00:00,shipped,61.16,0,EUR,2026-07-08T11:55:00+00:00
50909,1115,2026-07-30T22:19:00+00:00,paid,139.46,0,PLN,2026-08-02T14:19:00+00:00
50910,1104,2026-07-25T00:38:00+00:00,paid,84.05,5,EUR,2026-07-26T23:38:00+00:00
50911,1015,2026-07-19T21:01:00+00:00,shipped,64.52,0,EUR,2026-07-21T17:01:00+00:00
50912,1131,2026-07-15T22:20:00+00:00,refunded,111.41,0,EUR,2026-07-19T05:20:00+00:00
50913,1097,2026-07-06T19:41:00+00:00,paid,137.31,5,EUR,2026-07-08T20:41:00+00:00
50914,1087,2026-08-05T00:43:00+00:00,paid,116.58,0,EUR,2026-08-08T06:43:00+00:00
50915,1025,2026-07-25T14:40:00+00:00,shipped,13.69,0,PLN,2026-07-29T02:40:00+00:00
50916,1111,2026-07-13T03:04:00+00:00,paid,112.02,5,PLN,2026-07-16T12:04:00+00:00
50917,1128,2026-07-16T17:30:00+00:00,shipped,92.99,10,EUR,2026-07-20T12:30:00+00:00
50918,1024,2026-07-28T14:16:00+00:00,paid,37.75,0,EUR,2026-07-31T08:16:00+00:00
50919,1140,2026-07-28T08:14:00+00:00,shipped,93.24,15,EUR,2026-07-30T13:14:00+00:00
50920,1037,2026-07-18T12:31:00+00:00,cancelled,139.64,5,EUR,2026-07-20T14:31:00+00:00
50921,1032,2026-07-12T12:14:00+00:00,shipped,45.43,0,EUR,2026-07-13T07:14:00+00:00
50922,1089,2026-07-26T01:52:00+00:00,shipped,121.85,10,EUR,2026-07-29T08:52:00+00:00
50923,1086,2026-07-26T00:18:00+00:00,shipped,85.27,5,EUR,2026-07-28T18:18:00+00:00
50924,1202,2026-07-23T18:55:00+00:00,cancelled,3.37,0,EUR,2026-07-27T05:55:00+00:00
50925,1015,2026-07-03T18:26:00+00:00,cancelled,67.81,0,PLN,2026-07-06T13:26:00+00:00
50926,1077,2026-07-18T23:10:00+00:00,paid,83.05,10,EUR,2026-07-20T21:10:00+00:00
50927,1162,2026-07-24T07:53:00+00:00,shipped,55.69,20,EUR,2026-07-25T11:53:00+00:00
50928,1055,2026-08-06T02:27:00+00:00,paid,87.37,0,EUR,2026-08-10T00:27:00+00:00
50929,1216,2026-07-20T23:18:00+00:00,cancelled,62.91,10,EUR,2026-07-23T21:18:00+00:00
50930,1164,2026-07-14T00:33:00+00:00,shipped,246.67,10,EUR,2026-07-17T11:33:00+00:00
50931,1209,2026-07-22T02:52:00+00:00,paid,52.94,15,EUR,2026-07-24T10:52:00+00:00
50932,1209,2026-07-07T17:38:00+00:00,paid,38.58,20,EUR,2026-07-09T18:38:00+00:00
50933,1025,2026-07-04T10:42:00+00:00,paid,117.98,0,EUR,2026-07-04T13:42:00+00:00
50934,1102,2026-07-26T18:25:00+00:00,shipped,57.85,0,EUR,2026-07-27T00:25:00+00:00
50935,1164,2026-08-07T11:23:00+00:00,paid,65.27,0,EUR,2026-08-10T06:23:00+00:00
50936,1002,2026-08-02T03:33:00+00:00,paid,61.47,0,EUR,2026-08-03T00:33:00+00:00
50937,1100,2026-07-23T04:17:00+00:00,cancelled,113.89,0,EUR,2026-07-23T11:17:00+00:00
50938,1152,2026-07-02T12:42:00+00:00,shipped,30.41,10,EUR,2026-07-05T14:42:00+00:00
50939,1175,2026-08-07T13:01:00+00:00,paid,121.69,15,EUR,2026-08-10T00:01:00+00:00
50940,1092,2026-07-18T02:03:00+00:00,paid,97.97,0,EUR,2026-07-18T12:03:00+00:00
50941,1190,2026-07-12T00:10:00+00:00,refunded,198.6,5,EUR,2026-07-13T23:10:00+00:00
50942,1149,2026-08-03T21:56:00+00:00,shipped,78.81,0,EUR,2026-08-05T18:56:00+00:00
50943,1011,2026-07-29T08:43:00+00:00,shipped,32.22,0,EUR,2026-07-29T08:43:00+00:00
50944,1062,2026-07-29T11:39:00+00:00,paid,79.39,0,EUR,2026-07-31T21:39:00+00:00
50945,1207,2026-07-11T13:18:00+00:00,paid,86.04,0,EUR,2026-07-13T03:18:00+00:00
50946,1001,2026-08-07T16:31:00+00:00,paid,147.21,0,EUR,2026-08-11T04:31:00+00:00
50947,1024,2026-07-18T05:00:00+00:00,shipped,32.16,10,EUR,2026-07-18T16:00:00+00:00
50948,1076,2026-07-21T04:38:00+00:00,paid,19.53,5,EUR,2026-07-24T13:38:00+00:00
50949,1219,2026-07-29T12:52:00+00:00,paid,80.5,0,EUR,2026-07-29T12:52:00+00:00
50950,1156,2026-07-26T01:54:00+00:00,shipped,203.89,0,EUR,2026-07-29T02:54:00+00:00
50951,1033,2026-07-07T13:07:00+00:00,refunded,107.32,0,EUR,2026-07-10T16:07:00+00:00
50952,1087,2026-07-12T11:51:00+00:00,shipped,111.33,20,EUR,2026-07-14T02:51:00+00:00
50953,1207,2026-07-14T17:24:00+00:00,paid,23.81,15,EUR,2026-07-15T19:24:00+00:00
50954,1049,2026-08-06T00:09:00+00:00,paid,71.82,0,EUR,2026-08-06T13:09:00+00:00
50955,1127,2026-07-28T03:37:00+00:00,paid,148.94,0,EUR,2026-07-29T11:37:00+00:00
50956,1103,2026-07-14T22:05:00+00:00,paid,86.71,0,EUR,2026-07-17T14:05:00+00:00
50957,1168,2026-07-28T22:04:00+00:00,paid,18.34,5,EUR,2026-07-31T19:04:00+00:00
50958,1166,2026-07-29T01:31:00+00:00,paid,70.85,0,EUR,2026-07-29T18:31:00+00:00
50959,1184,2026-07-15T23:31:00+00:00,shipped,102.55,0,EUR,2026-07-16T00:31:00+00:00
50960,1027,2026-07-16T07:39:00+00:00,cancelled,65.67,0,EUR,2026-07-18T12:39:00+00:00
50961,1100,2026-08-03T23:35:00+00:00,refunded,35.41,0,EUR,2026-08-06T06:35:00+00:00
50962,1153,2026-07-22T08:22:00+00:00,paid,120.27,0,EUR,2026-07-26T06:22:00+00:00
50963,1093,2026-07-06T16:21:00+00:00,paid,51.43,0,EUR,2026-07-09T17:21:00+00:00
50964,1147,2026-07-28T08:26:00+00:00,paid,92.2,5,EUR,2026-07-30T12:26:00+00:00
50965,1140,2026-07-23T09:41:00+00:00,paid,69.57,0,EUR,2026-07-25T17:41:00+00:00
50966,1082,2026-07-20T08:08:00+00:00,paid,50.02,0,EUR,2026-07-22T21:08:00+00:00
50967,1023,2026-07-28T13:17:00+00:00,paid,217.96,0,PLN,2026-07-30T08:17:00+00:00
50968,1214,2026-08-04T11:15:00+00:00,shipped,45.98,0,EUR,2026-08-07T04:15:00+00:00
50969,1182,2026-07-13T13:21:00+00:00,paid,73.6,10,EUR,2026-07-14T07:21:00+00:00
50970,1197,2026-07-16T22:24:00+00:00,cancelled,69.42,20,EUR,2026-07-20T05:24:00+00:00
50971,1066,2026-07-08T04:49:00+00:00,paid,79.16,0,EUR,2026-07-11T14:49:00+00:00
50972,1070,2026-07-25T14:07:00+00:00,paid,208.12,15,EUR,2026-07-27T07:07:00+00:00
50973,1072,2026-07-16T07:16:00+00:00,paid,102.64,5,EUR,2026-07-18T02:16:00+00:00
50974,1007,2026-07-14T00:14:00+00:00,paid,49.67,5,EUR,2026-07-15T23:14:00+00:00
50975,1038,2026-07-27T11:13:00+00:00,paid,169.37,0,EUR,2026-07-30T17:13:00+00:00
50976,1068,2026-07-16T12:14:00+00:00,refunded,114.21,0,EUR,2026-07-17T04:14:00+00:00
50977,1218,2026-07-18T15:30:00+00:00,paid,50.38,0,EUR,2026-07-19T23:30:00+00:00
50978,1046,2026-07-17T17:19:00+00:00,paid,153.55,20,EUR,2026-07-20T04:19:00+00:00
50979,1112,2026-07-10T19:47:00+00:00,shipped,23.58,0,EUR,2026-07-13T13:47:00+00:00
50980,1121,2026-07-05T18:44:00+00:00,paid,29.39,0,PLN,2026-07-06T22:44:00+00:00
50981,1080,2026-08-01T10:26:00+00:00,shipped,17.21,0,EUR,2026-08-01T21:26:00+00:00
50982,1203,2026-07-04T11:39:00+00:00,paid,10.63,0,EUR,2026-07-06T11:39:00+00:00
50983,1021,2026-07-13T08:17:00+00:00,cancelled,146.79,0,PLN,2026-07-15T21:17:00+00:00
50984,1192,2026-07-26T08:45:00+00:00,paid,79.83,0,EUR,2026-07-29T09:45:00+00:00
50985,1164,2026-07-05T23:44:00+00:00,paid,18.75,0,PLN,2026-07-05T23:44:00+00:00
50986,1068,2026-07-25T21:49:00+00:00,shipped,68.18,10,EUR,2026-07-25T22:49:00+00:00
50987,1169,2026-07-28T20:33:00+00:00,cancelled,124.24,5,EUR,2026-07-30T09:33:00+00:00
50988,1095,2026-07-26T04:34:00+00:00,paid,40.03,0,EUR,2026-07-28T10:34:00+00:00
50989,1214,2026-07-12T14:11:00+00:00,shipped,55.7,10,EUR,2026-07-12T14:11:00+00:00
50990,1009,2026-07-01T18:01:00+00:00,paid,224.27,0,EUR,2026-07-02T10:01:00+00:00
50991,1007,2026-08-03T17:15:00+00:00,paid,59.41,5,EUR,2026-08-05T09:15:00+00:00
50992,1120,2026-07-13T09:48:00+00:00,paid,20.21,5,EUR,2026-07-14T11:48:00+00:00
50993,1205,2026-07-31T14:09:00+00:00,shipped,47.45,0,EUR,2026-08-03T10:09:00+00:00
50994,1014,2026-07-08T12:24:00+00:00,paid,17.57,0,EUR,2026-07-08T15:24:00+00:00
50995,1172,2026-07-07T04:07:00+00:00,shipped,108.12,0,EUR,2026-07-10T17:07:00+00:00
50996,1207,2026-07-30T13:40:00+00:00,paid,35.73,0,EUR,2026-07-31T05:40:00+00:00
50997,1108,2026-08-05T17:02:00+00:00,cancelled,34.83,0,PLN,2026-08-07T11:02:00+00:00
50998,1191,2026-08-02T16:53:00+00:00,cancelled,236.83,0,EUR,2026-08-06T14:53:00+00:00
50999,1167,2026-07-29T13:08:00+00:00,paid,26.74,5,EUR,2026-08-01T04:08:00+00:00
51000,1048,2026-07-10T08:58:00+00:00,paid,22.74,0,EUR,2026-07-14T07:58:00+00:00
51001,1188,2026-08-04T16:50:00+00:00,paid,30.67,0,EUR,2026-08-04T17:50:00+00:00
51002,1154,2026-07-26T09:04:00+00:00,cancelled,126.73,0,EUR,2026-07-29T06:04:00+00:00
51003,1003,2026-07-07T13:00:00+00:00,paid,99.05,0,PLN,2026-07-07T20:00:00+00:00
51004,1125,2026-07-05T21:58:00+00:00,shipped,46.99,20,EUR,2026-07-08T07:58:00+00:00
51005,1144,2026-08-03T02:29:00+00:00,paid,43.81,0,EUR,2026-08-04T09:29:00+00:00
51006,1177,2026-07-11T10:56:00+00:00,shipped,94.12,0,PLN,2026-07-14T12:56:00+00:00
51007,1170,2026-07-30T02:29:00+00:00,paid,81.91,0,EUR,2026-07-30T13:29:00+00:00
51008,1105,2026-07-06T06:27:00+00:00,paid,62.2,0,EUR,2026-07-09T20:27:00+00:00
51009,1066,2026-07-11T15:51:00+00:00,refunded,101.31,0,EUR,2026-07-13T13:51:00+00:00
51010,1043,2026-07-11T18:34:00+00:00,paid,28.99,10,EUR,2026-07-13T19:34:00+00:00
51011,1020,2026-07-11T16:22:00+00:00,cancelled,36.22,0,EUR,2026-07-13T22:22:00+00:00
51012,1141,2026-07-26T15:21:00+00:00,paid,104.79,0,EUR,2026-07-26T18:21:00+00:00
51013,1212,2026-08-04T17:55:00+00:00,paid,86.43,0,EUR,2026-08-05T22:55:00+00:00
51014,1018,2026-08-04T14:13:00+00:00,cancelled,71.53,10,EUR,2026-08-07T10:13:00+00:00
51015,1155,2026-07-29T04:17:00+00:00,shipped,231.68,0,EUR,2026-08-02T00:17:00+00:00
51016,1129,2026-07-08T16:42:00+00:00,shipped,116.05,0,EUR,2026-07-12T14:42:00+00:00
51017,1038,2026-08-06T12:02:00+00:00,paid,48.06,5,EUR,2026-08-08T15:02:00+00:00
51018,1047,2026-07-21T14:22:00+00:00,paid,38.77,10,EUR,2026-07-22T14:22:00+00:00
51019,1063,2026-07-21T17:55:00+00:00,paid,89.2,0,EUR,2026-07-23T14:55:00+00:00
51020,1151,2026-07-27T15:40:00+00:00,paid,146.5,20,EUR,2026-07-29T11:40:00+00:00
51021,1066,2026-07-30T05:24:00+00:00,paid,15.11,15,EUR,2026-07-31T19:24:00+00:00
51022,1183,2026-08-06T05:03:00+00:00,paid,84.93,0,EUR,2026-08-07T15:03:00+00:00
51023,1082,2026-07-23T03:07:00+00:00,paid,55.03,10,EUR,2026-07-26T14:07:00+00:00
51024,1025,2026-07-24T04:22:00+00:00,paid,79.82,0,EUR,2026-07-25T17:22:00+00:00
51025,1022,2026-07-29T07:55:00+00:00,paid,21.31,0,EUR,2026-07-29T09:55:00+00:00
51026,1089,2026-07-10T16:39:00+00:00,paid,146.43,0,EUR,2026-07-13T13:39:00+00:00
51027,1090,2026-07-12T16:38:00+00:00,cancelled,171.66,15,EUR,2026-07-15T07:38:00+00:00
51028,1162,2026-07-24T18:26:00+00:00,shipped,109.26,0,EUR,2026-07-26T06:26:00+00:00
51029,1106,2026-07-03T10:29:00+00:00,paid,193.42,0,EUR,2026-07-05T22:29:00+00:00
51030,1037,2026-07-13T04:17:00+00:00,shipped,53.04,0,EUR,2026-07-16T22:17:00+00:00
51031,1047,2026-07-28T06:48:00+00:00,cancelled,83.58,0,EUR,2026-07-31T22:48:00+00:00
51032,1125,2026-08-07T02:13:00+00:00,paid,110.31,15,EUR,2026-08-10T05:13:00+00:00
51033,1074,2026-07-20T17:46:00+00:00,paid,89.98,5,PLN,2026-07-23T01:46:00+00:00
51034,1148,2026-07-16T04:30:00+00:00,paid,58.12,0,EUR,2026-07-16T06:30:00+00:00
51035,1204,2026-07-17T17:37:00+00:00,paid,62.68,15,EUR,2026-07-19T18:37:00+00:00
51036,1079,2026-07-27T01:06:00+00:00,shipped,162.03,10,EUR,2026-07-30T07:06:00+00:00
51037,1122,2026-07-21T16:33:00+00:00,refunded,69.04,0,EUR,2026-07-25T01:33:00+00:00
51038,1184,2026-07-01T21:11:00+00:00,paid,141.23,0,EUR,2026-07-04T23:11:00+00:00
51039,1047,2026-07-21T11:47:00+00:00,shipped,66.55,0,EUR,2026-07-25T09:47:00+00:00
51040,1113,2026-07-16T04:51:00+00:00,paid,140.7,0,EUR,2026-07-18T05:51:00+00:00
51041,1068,2026-07-27T15:07:00+00:00,shipped,74.25,0,PLN,2026-07-28T01:07:00+00:00
51042,1138,2026-08-03T06:05:00+00:00,shipped,104.43,0,PLN,2026-08-05T05:05:00+00:00
51043,1164,2026-08-06T13:45:00+00:00,paid,42.57,15,PLN,2026-08-07T19:45:00+00:00
51044,1031,2026-07-24T04:31:00+00:00,paid,83.46,0,EUR,2026-07-27T12:31:00+00:00
51045,1042,2026-07-14T18:39:00+00:00,shipped,43.06,15,EUR,2026-07-17T20:39:00+00:00
51046,1006,2026-07-17T20:52:00+00:00,refunded,52.09,15,PLN,2026-07-19T12:52:00+00:00
51047,1003,2026-07-07T16:55:00+00:00,paid,55.23,0,PLN,2026-07-09T05:55:00+00:00
51048,1012,2026-08-05T13:34:00+00:00,paid,61.92,0,EUR,2026-08-06T04:34:00+00:00
51049,1156,2026-08-02T04:44:00+00:00,paid,130.54,5,EUR,2026-08-02T08:44:00+00:00
51050,1199,2026-08-02T10:50:00+00:00,shipped,50.63,10,EUR,2026-08-03T16:50:00+00:00
51051,1091,2026-07-13T11:14:00+00:00,shipped,77.76,0,EUR,2026-07-14T10:14:00+00:00
51052,1195,2026-07-13T05:51:00+00:00,shipped,140.98,5,EUR,2026-07-14T06:51:00+00:00
51053,1161,2026-08-02T13:13:00+00:00,shipped,103.01,0,EUR,2026-08-06T12:13:00+00:00
51054,1178,2026-07-21T16:37:00+00:00,cancelled,15.42,10,EUR,2026-07-24T09:37:00+00:00
51055,1163,2026-07-27T18:38:00+00:00,shipped,20.79,5,EUR,2026-07-29T22:38:00+00:00
51056,1044,2026-07-19T14:43:00+00:00,paid,91.1,0,EUR,2026-07-20T07:43:00+00:00
51057,1116,2026-07-17T19:48:00+00:00,shipped,48.76,0,PLN,2026-07-21T03:48:00+00:00
51058,1116,2026-07-25T00:34:00+00:00,paid,18.26,0,EUR,2026-07-27T13:34:00+00:00
51059,1142,2026-07-31T21:26:00+00:00,paid,46.15,15,EUR,2026-08-02T22:26:00+00:00
51060,1176,2026-07-13T16:42:00+00:00,cancelled,93.38,15,EUR,2026-07-15T12:42:00+00:00
51061,1025,2026-07-31T17:56:00+00:00,shipped,54.79,10,EUR,2026-08-02T22:56:00+00:00
51062,1149,2026-07-10T06:42:00+00:00,refunded,72.73,0,EUR,2026-07-13T14:42:00+00:00
51063,1184,2026-07-16T07:22:00+00:00,paid,58.4,0,EUR,2026-07-19T04:22:00+00:00
51064,1026,2026-08-04T16:21:00+00:00,paid,41.42,0,EUR,2026-08-06T14:21:00+00:00
51065,1092,2026-08-06T06:27:00+00:00,paid,82.37,0,EUR,2026-08-08T22:27:00+00:00
51066,1198,2026-08-05T02:34:00+00:00,paid,16.51,0,EUR,2026-08-08T19:34:00+00:00
51067,1006,2026-07-13T00:13:00+00:00,paid,37.48,10,EUR,2026-07-14T07:13:00+00:00
51068,1036,2026-08-02T01:06:00+00:00,paid,115.77,0,EUR,2026-08-05T15:06:00+00:00
51069,1177,2026-08-05T13:42:00+00:00,paid,21.39,5,EUR,2026-08-07T23:42:00+00:00
51070,1038,2026-08-07T04:07:00+00:00,cancelled,70.24,20,EUR,2026-08-07T21:07:00+00:00
51071,1155,2026-07-01T19:03:00+00:00,paid,51.7,5,EUR,2026-07-05T15:03:00+00:00
51072,1199,2026-07-29T07:25:00+00:00,paid,48.15,0,EUR,2026-08-01T00:25:00+00:00
51073,1110,2026-08-07T21:01:00+00:00,shipped,122.89,15,EUR,2026-08-09T10:01:00+00:00
51074,1107,2026-07-30T01:22:00+00:00,paid,138.41,5,EUR,2026-07-30T21:22:00+00:00
51075,1095,2026-07-09T20:39:00+00:00,cancelled,30.61,0,EUR,2026-07-13T11:39:00+00:00
51076,1083,2026-07-29T23:28:00+00:00,shipped,62.28,5,EUR,2026-08-02T06:28:00+00:00
51077,1084,2026-07-04T23:58:00+00:00,paid,12.51,15,PLN,2026-07-05T03:58:00+00:00
51078,1122,2026-07-19T06:18:00+00:00,shipped,118.49,0,EUR,2026-07-21T19:18:00+00:00
51079,1198,2026-07-24T19:07:00+00:00,shipped,67.72,0,EUR,2026-07-25T06:07:00+00:00
51080,1216,2026-07-18T08:17:00+00:00,shipped,20.1,0,EUR,2026-07-19T12:17:00+00:00
51081,1191,2026-07-27T14:14:00+00:00,cancelled,38.91,0,EUR,2026-07-29T20:14:00+00:00
51082,1027,2026-07-10T03:05:00+00:00,shipped,28.4,10,PLN,2026-07-11T02:05:00+00:00
51083,1068,2026-07-24T00:52:00+00:00,shipped,37.19,0,EUR,2026-07-26T01:52:00+00:00
51084,1167,2026-07-25T12:04:00+00:00,paid,13.76,0,EUR,2026-07-27T05:04:00+00:00
51085,1121,2026-07-25T02:01:00+00:00,shipped,160.96,0,EUR,2026-07-27T09:01:00+00:00
51086,1074,2026-07-11T23:51:00+00:00,refunded,31.58,0,EUR,2026-07-15T03:51:00+00:00
51087,1069,2026-07-12T14:30:00+00:00,shipped,70.12,0,EUR,2026-07-13T04:30:00+00:00
51088,1026,2026-07-10T19:07:00+00:00,shipped,92.81,0,EUR,2026-07-13T23:07:00+00:00
51089,1074,2026-07-18T13:08:00+00:00,paid,138.54,0,EUR,2026-07-19T10:08:00+00:00
51090,1093,2026-07-23T06:23:00+00:00,shipped,71.8,0,EUR,2026-07-23T09:23:00+00:00
51091,1092,2026-07-14T18:37:00+00:00,refunded,57.76,15,EUR,2026-07-16T12:37:00+00:00
51092,1121,2026-07-16T13:54:00+00:00,paid,73.89,20,EUR,2026-07-17T18:54:00+00:00
51093,1061,2026-07-11T21:12:00+00:00,paid,30.47,0,EUR,2026-07-12T14:12:00+00:00
51094,1046,2026-07-09T07:35:00+00:00,paid,32.53,0,EUR,2026-07-10T23:35:00+00:00
51095,1196,2026-07-25T23:35:00+00:00,paid,56.8,0,EUR,2026-07-29T10:35:00+00:00
51096,1090,2026-08-01T00:14:00+00:00,shipped,9.25,0,PLN,2026-08-03T08:14:00+00:00
51097,1057,2026-07-12T01:07:00+00:00,paid,42.1,0,EUR,2026-07-14T22:07:00+00:00
51098,1140,2026-08-02T16:50:00+00:00,paid,49.39,15,EUR,2026-08-03T06:50:00+00:00
51099,1120,2026-07-22T16:43:00+00:00,shipped,211.46,10,EUR,2026-07-22T23:43:00+00:00
51100,1127,2026-07-07T08:56:00+00:00,shipped,149.88,0,EUR,2026-07-08T16:56:00+00:00
51101,1049,2026-07-14T21:47:00+00:00,shipped,92.59,20,EUR,2026-07-17T23:47:00+00:00
51102,1160,2026-07-01T06:50:00+00:00,shipped,120.39,0,EUR,2026-07-04T19:50:00+00:00
51103,1043,2026-07-02T11:43:00+00:00,shipped,32.31,0,EUR,2026-07-02T20:43:00+00:00
51104,1185,2026-07-13T18:33:00+00:00,shipped,75.25,0,PLN,2026-07-15T15:33:00+00:00
51105,1094,2026-07-18T06:28:00+00:00,shipped,111.01,0,EUR,2026-07-19T20:28:00+00:00
51106,1091,2026-07-31T07:19:00+00:00,paid,32.55,15,EUR,2026-08-03T06:19:00+00:00
51107,1086,2026-07-06T02:29:00+00:00,shipped,20.85,0,PLN,2026-07-06T21:29:00+00:00
51108,1094,2026-08-01T21:19:00+00:00,paid,86.24,5,EUR,2026-08-03T19:19:00+00:00
51109,1147,2026-07-09T21:53:00+00:00,paid,23.01,0,EUR,2026-07-13T06:53:00+00:00
51110,1110,2026-07-06T06:09:00+00:00,paid,98.21,15,EUR,2026-07-08T02:09:00+00:00
51111,1028,2026-07-27T14:18:00+00:00,cancelled,137.05,5,EUR,2026-07-30T17:18:00+00:00
51112,1125,2026-07-30T10:11:00+00:00,shipped,33.4,0,EUR,2026-08-01T21:11:00+00:00
51113,1059,2026-07-23T23:40:00+00:00,paid,35.5,0,EUR,2026-07-26T08:40:00+00:00
51114,1024,2026-07-05T09:31:00+00:00,shipped,134.52,15,EUR,2026-07-06T09:31:00+00:00
51115,1185,2026-07-05T09:11:00+00:00,paid,72.07,0,EUR,2026-07-09T08:11:00+00:00
51116,1069,2026-07-15T19:44:00+00:00,shipped,123.36,0,EUR,2026-07-16T18:44:00+00:00
51117,1131,2026-07-18T02:56:00+00:00,cancelled,58.31,15,EUR,2026-07-21T19:56:00+00:00
51118,1038,2026-08-07T22:43:00+00:00,shipped,61.47,0,EUR,2026-08-11T20:43:00+00:00
51119,1075,2026-07-11T21:15:00+00:00,shipped,70.78,0,EUR,2026-07-13T22:15:00+00:00
51120,1085,2026-07-08T07:38:00+00:00,paid,185.38,0,EUR,2026-07-11T18:38:00+00:00
51121,1030,2026-08-05T22:39:00+00:00,paid,117.3,0,EUR,2026-08-08T18:39:00+00:00
51122,1215,2026-07-06T20:24:00+00:00,cancelled,41.04,0,EUR,2026-07-09T18:24:00+00:00
51123,1069,2026-07-02T00:04:00+00:00,shipped,78.97,0,EUR,2026-07-02T06:04:00+00:00
51124,1129,2026-07-17T01:35:00+00:00,paid,55.42,0,EUR,2026-07-17T14:35:00+00:00
51125,1125,2026-07-16T05:47:00+00:00,paid,48.15,0,PLN,2026-07-16T11:47:00+00:00
51126,1095,2026-07-24T13:08:00+00:00,paid,96.43,0,EUR,2026-07-24T15:08:00+00:00
51127,1129,2026-08-03T08:29:00+00:00,paid,83.94,20,EUR,2026-08-06T16:29:00+00:00
51128,1125,2026-08-05T10:48:00+00:00,paid,33.71,0,EUR,2026-08-06T02:48:00+00:00
51129,1018,2026-07-12T00:09:00+00:00,paid,70.91,0,EUR,2026-07-12T00:09:00+00:00
51130,1148,2026-08-07T06:30:00+00:00,refunded,47.06,0,EUR,2026-08-11T00:30:00+00:00
51131,1026,2026-07-25T00:59:00+00:00,paid,92.48,5,EUR,2026-07-26T02:59:00+00:00
51132,1096,2026-07-03T15:30:00+00:00,paid,45.51,0,EUR,2026-07-06T21:30:00+00:00
51133,1081,2026-08-05T15:51:00+00:00,paid,61.74,0,EUR,2026-08-09T11:51:00+00:00
51134,1099,2026-07-06T05:51:00+00:00,paid,49.14,5,EUR,2026-07-08T07:51:00+00:00
51135,1016,2026-07-23T08:47:00+00:00,shipped,15.95,0,EUR,2026-07-27T00:47:00+00:00
51136,1155,2026-07-31T01:09:00+00:00,paid,179.72,10,EUR,2026-08-03T22:09:00+00:00
51137,1093,2026-07-10T11:29:00+00:00,shipped,70.37,15,EUR,2026-07-11T00:29:00+00:00
51138,1014,2026-07-11T06:48:00+00:00,shipped,183.59,10,EUR,2026-07-11T20:48:00+00:00
51139,1001,2026-07-19T02:16:00+00:00,paid,72.57,0,EUR,2026-07-20T13:16:00+00:00
51140,1119,2026-08-03T14:58:00+00:00,shipped,107.81,0,EUR,2026-08-05T19:58:00+00:00
51141,1147,2026-07-09T11:55:00+00:00,refunded,43.14,0,EUR,2026-07-12T14:55:00+00:00
51142,1121,2026-07-26T05:04:00+00:00,paid,43.96,10,EUR,2026-07-26T22:04:00+00:00
51143,1159,2026-07-18T04:45:00+00:00,paid,67.7,15,EUR,2026-07-18T22:45:00+00:00
51144,1167,2026-07-05T06:00:00+00:00,cancelled,182.57,15,EUR,2026-07-06T11:00:00+00:00
51145,1192,2026-07-28T00:19:00+00:00,cancelled,34.66,0,EUR,2026-07-29T02:19:00+00:00
51146,1217,2026-08-01T15:16:00+00:00,paid,12.47,10,EUR,2026-08-05T09:16:00+00:00
51147,1195,2026-07-22T20:58:00+00:00,shipped,132.57,0,EUR,2026-07-24T10:58:00+00:00
51148,1176,2026-07-07T16:50:00+00:00,paid,112.09,10,EUR,2026-07-11T03:50:00+00:00
51149,1095,2026-07-06T22:01:00+00:00,shipped,51.2,0,EUR,2026-07-07T03:01:00+00:00
51150,1111,2026-07-17T02:13:00+00:00,paid,226.68,0,EUR,2026-07-17T11:13:00+00:00
51151,1136,2026-07-20T05:51:00+00:00,paid,232.7,0,EUR,2026-07-23T10:51:00+00:00
51152,1038,2026-07-21T23:35:00+00:00,shipped,14.9,20,EUR,2026-07-22T22:35:00+00:00
51153,1150,2026-07-10T06:12:00+00:00,refunded,42.38,0,EUR,2026-07-10T13:12:00+00:00
51154,1130,2026-07-20T00:41:00+00:00,cancelled,67.36,0,EUR,2026-07-22T09:41:00+00:00
51155,1115,2026-07-12T05:06:00+00:00,paid,90.83,0,EUR,2026-07-12T19:06:00+00:00
51156,1184,2026-07-27T01:46:00+00:00,paid,82.06,0,EUR,2026-07-27T06:46:00+00:00
51157,1152,2026-07-31T06:23:00+00:00,refunded,70.19,15,EUR,2026-08-01T20:23:00+00:00
51158,1206,2026-07-25T19:15:00+00:00,cancelled,30.57,0,EUR,2026-07-27T23:15:00+00:00
51159,1215,2026-07-01T01:08:00+00:00,paid,98.34,0,EUR,2026-07-03T03:08:00+00:00
51160,1182,2026-08-07T16:44:00+00:00,shipped,101.98,10,EUR,2026-08-10T00:44:00+00:00
51161,1066,2026-07-01T21:40:00+00:00,paid,126.73,0,EUR,2026-07-01T23:40:00+00:00
51162,1042,2026-08-07T23:28:00+00:00,paid,27.14,0,EUR,2026-08-09T02:28:00+00:00
51163,1066,2026-07-02T04:58:00+00:00,paid,60.07,0,EUR,2026-07-03T12:58:00+00:00
51164,1157,2026-07-20T15:00:00+00:00,paid,49.38,0,PLN,2026-07-21T19:00:00+00:00
51165,1191,2026-07-05T00:38:00+00:00,paid,26.72,0,EUR,2026-07-07T05:38:00+00:00
51166,1194,2026-07-04T14:49:00+00:00,cancelled,59.4,0,EUR,2026-07-05T11:49:00+00:00
51167,1151,2026-07-26T23:15:00+00:00,paid,31.83,0,EUR,2026-07-29T11:15:00+00:00
51168,1150,2026-07-28T15:47:00+00:00,paid,23.11,10,EUR,2026-08-01T08:47:00+00:00
51169,1210,2026-07-05T11:49:00+00:00,shipped,113.01,15,EUR,2026-07-08T02:49:00+00:00
51170,1151,2026-08-07T02:43:00+00:00,paid,51.0,15,EUR,2026-08-08T15:43:00+00:00
51171,1032,2026-07-13T04:15:00+00:00,paid,40.83,0,EUR,2026-07-14T21:15:00+00:00
51172,1111,2026-07-13T02:18:00+00:00,shipped,146.47,0,EUR,2026-07-15T10:18:00+00:00
51173,1079,2026-07-12T06:50:00+00:00,paid,103.96,20,EUR,2026-07-15T03:50:00+00:00
51174,1141,2026-07-18T12:37:00+00:00,shipped,11.16,10,EUR,2026-07-19T16:37:00+00:00
51175,1140,2026-07-07T18:11:00+00:00,cancelled,91.22,0,EUR,2026-07-07T21:11:00+00:00
51176,1065,2026-07-17T03:23:00+00:00,paid,90.94,0,EUR,2026-07-19T22:23:00+00:00
51177,1066,2026-07-08T23:30:00+00:00,cancelled,57.65,0,EUR,2026-07-11T14:30:00+00:00
51178,1020,2026-07-02T22:53:00+00:00,cancelled,56.1,0,EUR,2026-07-03T07:53:00+00:00
51179,1065,2026-07-15T00:17:00+00:00,cancelled,17.75,0,EUR,2026-07-17T12:17:00+00:00
51180,1183,2026-07-26T13:06:00+00:00,shipped,225.09,0,EUR,2026-07-26T19:06:00+00:00
51181,1145,2026-07-29T23:56:00+00:00,shipped,59.23,20,EUR,2026-08-01T12:56:00+00:00
51182,1208,2026-07-14T10:14:00+00:00,shipped,87.99,0,EUR,2026-07-17T09:14:00+00:00
51183,1204,2026-07-13T07:15:00+00:00,shipped,61.58,0,EUR,2026-07-13T08:15:00+00:00
51184,1189,2026-07-30T22:10:00+00:00,paid,41.35,0,EUR,2026-08-02T19:10:00+00:00
51185,1040,2026-07-26T21:14:00+00:00,refunded,118.6,10,EUR,2026-07-27T08:14:00+00:00
51186,1074,2026-08-01T14:53:00+00:00,shipped,77.36,10,EUR,2026-08-02T15:53:00+00:00
51187,1013,2026-08-04T10:21:00+00:00,shipped,59.59,0,EUR,2026-08-07T05:21:00+00:00
51188,1021,2026-08-01T04:57:00+00:00,paid,87.37,0,EUR,2026-08-02T14:57:00+00:00
51189,1051,2026-08-05T14:04:00+00:00,paid,65.63,5,PLN,2026-08-09T11:04:00+00:00
51190,1062,2026-07-16T19:59:00+00:00,paid,191.32,10,EUR,2026-07-20T14:59:00+00:00
51191,1004,2026-07-15T23:56:00+00:00,paid,116.06,0,EUR,2026-07-19T21:56:00+00:00
51192,1186,2026-07-13T05:14:00+00:00,paid,96.87,15,EUR,2026-07-13T15:14:00+00:00
51193,1116,2026-07-09T22:31:00+00:00,paid,19.75,0,EUR,2026-07-10T14:31:00+00:00
51194,1145,2026-07-29T10:55:00+00:00,paid,99.07,0,EUR,2026-07-30T03:55:00+00:00
51195,1144,2026-07-28T03:34:00+00:00,paid,97.47,0,EUR,2026-07-30T11:34:00+00:00
51196,1213,2026-07-31T10:52:00+00:00,paid,32.29,0,PLN,2026-08-02T03:52:00+00:00
51197,1033,2026-07-07T08:39:00+00:00,refunded,19.35,0,EUR,2026-07-10T07:39:00+00:00
51198,1076,2026-07-19T16:01:00+00:00,paid,113.04,0,EUR,2026-07-20T19:01:00+00:00
51199,1068,2026-07-09T10:25:00+00:00,paid,122.12,10,EUR,2026-07-10T05:25:00+00:00
51200,1122,2026-08-03T22:26:00+00:00,paid,44.13,0,EUR,2026-08-06T12:26:00+00:00
51201,1116,2026-07-11T03:52:00+00:00,shipped,42.65,20,PLN,2026-07-13T14:52:00+00:00
51202,1174,2026-07-06T11:14:00+00:00,paid,76.47,0,EUR,2026-07-09T05:14:00+00:00
51203,1124,2026-07-22T15:42:00+00:00,shipped,50.88,0,EUR,2026-07-23T20:42:00+00:00
51204,1052,2026-08-03T09:42:00+00:00,refunded,18.96,15,EUR,2026-08-05T11:42:00+00:00
51205,1125,2026-08-04T19:08:00+00:00,paid,32.0,10,EUR,2026-08-08T12:08:00+00:00
51206,1213,2026-07-04T15:38:00+00:00,shipped,85.89,5,EUR,2026-07-07T01:38:00+00:00
51207,1128,2026-07-13T09:12:00+00:00,paid,33.46,5,EUR,2026-07-17T02:12:00+00:00
51208,1131,2026-07-06T20:00:00+00:00,paid,126.03,0,EUR,2026-07-08T13:00:00+00:00
51209,1039,2026-07-12T16:46:00+00:00,paid,96.45,0,EUR,2026-07-12T20:46:00+00:00
51210,1002,2026-07-21T06:51:00+00:00,paid,88.17,0,EUR,2026-07-24T06:51:00+00:00
51211,1047,2026-07-11T15:52:00+00:00,shipped,75.39,0,EUR,2026-07-13T11:52:00+00:00
51212,1006,2026-07-03T13:34:00+00:00,shipped,39.94,0,EUR,2026-07-03T17:34:00+00:00
51213,1100,2026-07-20T09:08:00+00:00,shipped,105.11,0,EUR,2026-07-20T22:08:00+00:00
51214,1195,2026-07-03T00:09:00+00:00,paid,39.07,15,PLN,2026-07-04T06:09:00+00:00
51215,1099,2026-07-09T14:44:00+00:00,shipped,130.49,15,EUR,2026-07-10T08:44:00+00:00
51216,1142,2026-07-01T00:28:00+00:00,paid,173.12,10,EUR,2026-07-03T17:28:00+00:00
51217,1189,2026-07-04T07:10:00+00:00,paid,77.05,5,EUR,2026-07-06T17:10:00+00:00
51218,1168,2026-07-17T13:55:00+00:00,paid,159.15,0,EUR,2026-07-18T20:55:00+00:00
51219,1144,2026-08-02T07:51:00+00:00,shipped,32.35,0,EUR,2026-08-02T15:51:00+00:00
51220,1173,2026-07-30T10:27:00+00:00,refunded,97.16,5,EUR,2026-07-30T17:27:00+00:00
51221,1062,2026-07-04T18:08:00+00:00,paid,68.98,5,EUR,2026-07-08T12:08:00+00:00
51222,1093,2026-07-02T07:46:00+00:00,shipped,114.28,0,EUR,2026-07-03T16:46:00+00:00
51223,1088,2026-07-13T20:20:00+00:00,shipped,11.83,0,EUR,2026-07-14T06:20:00+00:00
51224,1176,2026-07-25T18:51:00+00:00,cancelled,109.98,0,EUR,2026-07-28T14:51:00+00:00
51225,1090,2026-07-29T09:01:00+00:00,shipped,42.87,0,EUR,2026-08-01T20:01:00+00:00
51226,1207,2026-08-01T06:41:00+00:00,shipped,71.33,0,EUR,2026-08-01T17:41:00+00:00
51227,1042,2026-07-14T00:05:00+00:00,shipped,222.74,0,EUR,2026-07-17T18:05:00+00:00
51228,1038,2026-07-07T09:13:00+00:00,cancelled,99.27,0,EUR,2026-07-10T06:13:00+00:00
51229,1158,2026-07-02T00:01:00+00:00,paid,90.97,20,EUR,2026-07-03T00:01:00+00:00
51230,1169,2026-07-06T13:56:00+00:00,cancelled,86.18,0,EUR,2026-07-09T15:56:00+00:00
51231,1150,2026-07-03T11:25:00+00:00,paid,139.1,10,EUR,2026-07-05T03:25:00+00:00
51232,1068,2026-08-02T17:03:00+00:00,cancelled,116.78,10,EUR,2026-08-05T05:03:00+00:00
51233,1003,2026-07-11T04:47:00+00:00,paid,86.81,0,EUR,2026-07-11T16:47:00+00:00
51234,1071,2026-08-01T06:41:00+00:00,paid,79.87,5,EUR,2026-08-02T05:41:00+00:00
51235,1103,2026-07-22T00:28:00+00:00,paid,76.36,0,EUR,2026-07-25T02:28:00+00:00
51236,1091,2026-07-21T11:30:00+00:00,paid,66.41,0,EUR,2026-07-24T16:30:00+00:00
51237,1203,2026-07-18T06:46:00+00:00,paid,26.77,0,EUR,2026-07-18T07:46:00+00:00
51238,1191,2026-08-01T03:06:00+00:00,paid,97.9,15,PLN,2026-08-01T23:06:00+00:00
51239,1171,2026-07-02T15:37:00+00:00,paid,46.12,20,EUR,2026-07-05T01:37:00+00:00
51240,1005,2026-07-04T12:35:00+00:00,paid,60.96,0,EUR,2026-07-08T02:35:00+00:00
51241,1029,2026-07-17T02:07:00+00:00,shipped,121.81,0,EUR,2026-07-19T18:07:00+00:00
51242,1096,2026-07-15T23:46:00+00:00,cancelled,67.49,0,EUR,2026-07-18T18:46:00+00:00
51243,1137,2026-07-21T17:35:00+00:00,shipped,63.93,10,EUR,2026-07-23T06:35:00+00:00
51244,1150,2026-07-29T00:52:00+00:00,paid,77.21,0,PLN,2026-07-29T05:52:00+00:00
51245,1066,2026-07-23T07:50:00+00:00,paid,55.59,0,EUR,2026-07-26T08:50:00+00:00
51246,1025,2026-07-10T18:47:00+00:00,cancelled,219.81,10,EUR,2026-07-13T22:47:00+00:00
51247,1073,2026-07-13T10:29:00+00:00,paid,201.52,0,EUR,2026-07-15T04:29:00+00:00
51248,1175,2026-07-29T14:07:00+00:00,paid,198.3,0,EUR,2026-07-31T14:07:00+00:00
51249,1218,2026-07-08T15:44:00+00:00,refunded,86.37,0,EUR,2026-07-09T13:44:00+00:00
51250,1208,2026-07-20T03:48:00+00:00,refunded,43.97,0,EUR,2026-07-21T22:48:00+00:00
51251,1131,2026-07-21T11:22:00+00:00,paid,123.89,0,EUR,2026-07-22T10:22:00+00:00
51252,1021,2026-07-29T12:14:00+00:00,shipped,55.9,0,EUR,2026-07-31T04:14:00+00:00
51253,1213,2026-07-28T03:29:00+00:00,paid,130.8,0,EUR,2026-07-28T15:29:00+00:00
51254,1034,2026-07-18T15:47:00+00:00,shipped,42.44,15,EUR,2026-07-21T01:47:00+00:00
51255,1060,2026-07-12T17:57:00+00:00,paid,90.49,0,EUR,2026-07-13T16:57:00+00:00
51256,1215,2026-07-14T23:31:00+00:00,paid,142.48,15,EUR,2026-07-17T20:31:00+00:00
51257,1111,2026-07-16T15:22:00+00:00,shipped,58.13,0,EUR,2026-07-18T16:22:00+00:00
51258,1044,2026-07-09T07:54:00+00:00,paid,57.99,10,EUR,2026-07-12T21:54:00+00:00
51259,1111,2026-07-24T18:22:00+00:00,shipped,21.15,0,EUR,2026-07-25T15:22:00+00:00
51260,1018,2026-07-08T22:02:00+00:00,paid,43.43,10,EUR,2026-07-10T00:02:00+00:00
51261,1070,2026-07-25T15:35:00+00:00,cancelled,85.27,0,EUR,2026-07-26T14:35:00+00:00
51262,1210,2026-07-29T13:21:00+00:00,shipped,93.89,0,EUR,2026-08-01T01:21:00+00:00
51263,1066,2026-08-06T13:11:00+00:00,paid,102.91,0,EUR,2026-08-06T23:11:00+00:00
51264,1197,2026-07-05T12:26:00+00:00,shipped,14.52,0,PLN,2026-07-08T05:26:00+00:00
51265,1120,2026-07-29T20:52:00+00:00,paid,56.09,15,EUR,2026-08-02T02:52:00+00:00
51266,1145,2026-07-04T06:24:00+00:00,paid,23.4,20,EUR,2026-07-06T22:24:00+00:00
51267,1155,2026-07-13T19:34:00+00:00,paid,82.46,10,EUR,2026-07-14T07:34:00+00:00
51268,1122,2026-07-07T16:46:00+00:00,cancelled,17.77,0,EUR,2026-07-09T15:46:00+00:00
51269,1008,2026-07-07T04:00:00+00:00,cancelled,29.45,15,EUR,2026-07-09T07:00:00+00:00
51270,1203,2026-07-07T15:54:00+00:00,cancelled,115.51,10,EUR,2026-07-09T04:54:00+00:00
51271,1105,2026-07-02T16:04:00+00:00,cancelled,47.23,0,EUR,2026-07-04T12:04:00+00:00
51272,1145,2026-08-01T06:40:00+00:00,refunded,159.98,0,EUR,2026-08-04T07:40:00+00:00
51273,1122,2026-07-03T07:44:00+00:00,paid,104.65,5,EUR,2026-07-06T15:44:00+00:00
51274,1145,2026-07-16T03:26:00+00:00,cancelled,58.36,0,PLN,2026-07-17T07:26:00+00:00
51275,1079,2026-07-27T13:38:00+00:00,shipped,127.17,0,EUR,2026-07-28T20:38:00+00:00
51276,1186,2026-08-07T15:14:00+00:00,paid,61.9,10,EUR,2026-08-08T10:14:00+00:00
51277,1050,2026-08-02T10:34:00+00:00,shipped,111.36,0,EUR,2026-08-04T00:34:00+00:00
51278,1144,2026-07-06T05:08:00+00:00,paid,41.84,0,EUR,2026-07-08T09:08:00+00:00
51279,1128,2026-08-07T12:49:00+00:00,paid,131.83,0,EUR,2026-08-10T08:49:00+00:00
51280,1111,2026-07-25T20:01:00+00:00,paid,19.34,10,EUR,2026-07-26T21:01:00+00:00
51281,1005,2026-07-07T19:45:00+00:00,paid,29.41,20,EUR,2026-07-08T15:45:00+00:00
51282,1086,2026-07-18T01:14:00+00:00,paid,33.65,10,EUR,2026-07-18T04:14:00+00:00
51283,1011,2026-08-04T21:06:00+00:00,cancelled,45.22,0,EUR,2026-08-05T06:06:00+00:00
51284,1111,2026-07-15T22:20:00+00:00,shipped,87.28,0,EUR,2026-07-16T02:20:00+00:00
51285,1152,2026-07-07T23:28:00+00:00,paid,69.99,0,EUR,2026-07-08T18:28:00+00:00
51286,1115,2026-08-03T06:04:00+00:00,paid,112.18,0,EUR,2026-08-06T00:04:00+00:00
51287,1167,2026-08-06T05:06:00+00:00,paid,143.72,0,EUR,2026-08-09T07:06:00+00:00
51288,1080,2026-08-07T01:44:00+00:00,paid,17.44,5,EUR,2026-08-10T22:44:00+00:00
51289,1068,2026-08-06T07:36:00+00:00,cancelled,154.55,5,EUR,2026-08-08T11:36:00+00:00
51290,1099,2026-08-03T04:02:00+00:00,paid,60.95,0,EUR,2026-08-04T23:02:00+00:00
51291,1051,2026-07-18T06:29:00+00:00,shipped,195.96,15,EUR,2026-07-21T20:29:00+00:00
51292,1177,2026-07-08T07:22:00+00:00,shipped,40.44,5,EUR,2026-07-08T21:22:00+00:00
51293,1179,2026-07-24T10:50:00+00:00,shipped,12.99,0,EUR,2026-07-26T22:50:00+00:00
51294,1092,2026-07-09T09:22:00+00:00,cancelled,105.4,0,EUR,2026-07-12T15:22:00+00:00
51295,1175,2026-07-18T23:31:00+00:00,paid,101.23,0,EUR,2026-07-20T23:31:00+00:00
51296,1006,2026-07-25T22:20:00+00:00,cancelled,30.06,0,EUR,2026-07-26T23:20:00+00:00
51297,1035,2026-08-05T23:16:00+00:00,shipped,32.57,0,EUR,2026-08-08T10:16:00+00:00
51298,1063,2026-07-11T23:38:00+00:00,shipped,117.54,0,EUR,2026-07-15T22:38:00+00:00
51299,1086,2026-07-10T13:44:00+00:00,shipped,90.05,0,EUR,2026-07-11T11:44:00+00:00
51300,1051,2026-07-28T22:04:00+00:00,cancelled,56.72,0,PLN,2026-07-31T04:04:00+00:00
51301,1113,2026-07-01T05:53:00+00:00,refunded,96.05,10,EUR,2026-07-01T09:53:00+00:00
51302,1175,2026-07-22T12:34:00+00:00,paid,84.26,10,EUR,2026-07-23T10:34:00+00:00
51303,1101,2026-07-29T08:16:00+00:00,shipped,35.38,0,EUR,2026-08-01T09:16:00+00:00
51304,1099,2026-07-21T22:25:00+00:00,shipped,123.13,0,EUR,2026-07-23T21:25:00+00:00
51305,1014,2026-07-15T14:10:00+00:00,paid,108.41,0,EUR,2026-07-16T09:10:00+00:00
51306,1062,2026-08-01T11:38:00+00:00,cancelled,71.08,0,EUR,2026-08-02T19:38:00+00:00
51307,1178,2026-07-15T02:23:00+00:00,paid,117.59,0,EUR,2026-07-15T13:23:00+00:00
51308,1179,2026-07-28T00:00:00+00:00,shipped,210.95,0,EUR,2026-07-31T02:00:00+00:00
51309,1023,2026-07-18T15:17:00+00:00,paid,32.26,0,EUR,2026-07-22T09:17:00+00:00
51310,1005,2026-07-02T00:14:00+00:00,paid,58.55,20,EUR,2026-07-02T10:14:00+00:00
51311,1183,2026-07-21T03:49:00+00:00,cancelled,60.61,0,EUR,2026-07-22T01:49:00+00:00
51312,1039,2026-07-02T21:06:00+00:00,paid,115.96,10,EUR,2026-07-06T07:06:00+00:00
51313,1127,2026-08-05T09:02:00+00:00,paid,44.81,0,EUR,2026-08-08T21:02:00+00:00
51314,1182,2026-07-23T20:37:00+00:00,paid,111.88,0,EUR,2026-07-26T21:37:00+00:00
51315,1174,2026-07-15T03:17:00+00:00,paid,48.82,15,PLN,2026-07-17T23:17:00+00:00
51316,1122,2026-07-19T11:24:00+00:00,shipped,29.3,0,EUR,2026-07-22T21:24:00+00:00
51317,1083,2026-07-24T12:41:00+00:00,cancelled,73.95,5,EUR,2026-07-25T23:41:00+00:00
51318,1171,2026-07-10T21:17:00+00:00,paid,48.04,20,EUR,2026-07-14T10:17:00+00:00
51319,1153,2026-07-11T23:00:00+00:00,shipped,78.97,0,EUR,2026-07-15T12:00:00+00:00
51320,1185,2026-07-16T21:48:00+00:00,paid,91.83,0,EUR,2026-07-17T19:48:00+00:00
51321,1114,2026-07-10T19:49:00+00:00,shipped,18.65,0,EUR,2026-07-11T02:49:00+00:00
51322,1208,2026-07-29T19:12:00+00:00,paid,52.18,0,EUR,2026-07-31T21:12:00+00:00
51323,1170,2026-07-04T22:40:00+00:00,paid,74.0,0,EUR,2026-07-07T22:40:00+00:00
51324,1014,2026-08-01T09:52:00+00:00,paid,117.9,0,EUR,2026-08-04T18:52:00+00:00
51325,1065,2026-07-14T05:51:00+00:00,shipped,108.92,15,EUR,2026-07-14T18:51:00+00:00
51326,1176,2026-07-22T07:50:00+00:00,paid,37.77,5,PLN,2026-07-23T19:50:00+00:00
51327,1026,2026-07-06T23:52:00+00:00,paid,62.72,0,EUR,2026-07-10T00:52:00+00:00
51328,1156,2026-07-15T15:27:00+00:00,shipped,94.95,0,EUR,2026-07-15T20:27:00+00:00
51329,1075,2026-07-29T16:11:00+00:00,shipped,59.72,5,EUR,2026-08-01T13:11:00+00:00
51330,1046,2026-07-11T06:52:00+00:00,paid,40.65,15,EUR,2026-07-12T09:52:00+00:00
51331,1119,2026-07-06T00:38:00+00:00,shipped,68.16,0,EUR,2026-07-06T02:38:00+00:00
51332,1205,2026-07-20T19:59:00+00:00,cancelled,89.21,0,EUR,2026-07-21T18:59:00+00:00
51333,1198,2026-07-07T04:11:00+00:00,paid,34.99,15,EUR,2026-07-10T03:11:00+00:00
51334,1089,2026-07-12T23:03:00+00:00,shipped,101.64,15,EUR,2026-07-16T10:03:00+00:00
51335,1001,2026-07-18T02:49:00+00:00,paid,76.95,15,EUR,2026-07-18T09:49:00+00:00
51336,1196,2026-07-22T10:27:00+00:00,shipped,104.01,0,EUR,2026-07-24T06:27:00+00:00
51337,1198,2026-07-25T07:06:00+00:00,paid,67.13,0,EUR,2026-07-26T02:06:00+00:00
51338,1134,2026-07-26T17:06:00+00:00,shipped,191.78,0,PLN,2026-07-29T10:06:00+00:00
51339,1139,2026-08-02T01:59:00+00:00,paid,88.09,0,EUR,2026-08-05T03:59:00+00:00
51340,1116,2026-07-03T12:15:00+00:00,paid,111.57,15,EUR,2026-07-07T08:15:00+00:00
51341,1003,2026-07-14T18:26:00+00:00,refunded,101.38,0,EUR,2026-07-16T04:26:00+00:00
51342,1036,2026-07-01T00:58:00+00:00,paid,62.15,5,EUR,2026-07-02T04:58:00+00:00
51343,1032,2026-07-01T08:36:00+00:00,cancelled,83.0,15,EUR,2026-07-02T13:36:00+00:00
51344,1202,2026-07-09T01:35:00+00:00,refunded,45.59,20,EUR,2026-07-12T02:35:00+00:00
51345,1011,2026-07-23T17:30:00+00:00,cancelled,183.36,5,EUR,2026-07-25T11:30:00+00:00
51346,1123,2026-08-03T23:47:00+00:00,paid,94.48,15,EUR,2026-08-04T01:47:00+00:00
51347,1080,2026-07-30T09:28:00+00:00,shipped,38.84,0,PLN,2026-08-03T03:28:00+00:00
51348,1002,2026-07-25T13:25:00+00:00,paid,158.31,0,EUR,2026-07-25T22:25:00+00:00
51349,1203,2026-07-30T13:41:00+00:00,paid,64.36,0,EUR,2026-08-03T06:41:00+00:00
51350,1005,2026-07-07T12:49:00+00:00,cancelled,121.56,20,EUR,2026-07-08T03:49:00+00:00
51351,1189,2026-08-01T21:55:00+00:00,shipped,18.2,15,EUR,2026-08-04T00:55:00+00:00
51352,1172,2026-08-03T19:55:00+00:00,paid,140.83,0,EUR,2026-08-05T00:55:00+00:00
51353,1175,2026-07-04T14:41:00+00:00,paid,91.99,0,EUR,2026-07-07T07:41:00+00:00
51354,1036,2026-07-18T20:35:00+00:00,shipped,36.5,0,EUR,2026-07-20T10:35:00+00:00
51355,1194,2026-08-01T12:59:00+00:00,shipped,90.96,0,EUR,2026-08-02T23:59:00+00:00
51356,1132,2026-07-19T02:11:00+00:00,paid,172.23,10,EUR,2026-07-20T23:11:00+00:00
51357,1089,2026-08-01T22:30:00+00:00,cancelled,46.59,0,PLN,2026-08-05T19:30:00+00:00
51358,1150,2026-08-05T13:12:00+00:00,paid,46.14,10,EUR,2026-08-06T12:12:00+00:00
51359,1076,2026-07-19T00:53:00+00:00,paid,61.5,0,EUR,2026-07-19T21:53:00+00:00
51360,1062,2026-07-03T06:15:00+00:00,shipped,73.53,0,PLN,2026-07-03T12:15:00+00:00
51361,1064,2026-07-13T22:07:00+00:00,refunded,126.57,0,EUR,2026-07-16T20:07:00+00:00
51362,1126,2026-07-09T04:14:00+00:00,paid,95.3,20,EUR,2026-07-11T21:14:00+00:00
51363,1133,2026-07-19T00:23:00+00:00,paid,61.46,0,EUR,2026-07-21T10:23:00+00:00
51364,1053,2026-07-23T06:13:00+00:00,paid,85.35,0,EUR,2026-07-23T08:13:00+00:00
51365,1055,2026-07-18T15:04:00+00:00,cancelled,189.45,0,EUR,2026-07-21T18:04:00+00:00
51366,1209,2026-07-08T10:17:00+00:00,paid,105.96,15,EUR,2026-07-11T15:17:00+00:00
51367,1114,2026-07-12T10:39:00+00:00,paid,66.05,10,EUR,2026-07-16T04:39:00+00:00
51368,1190,2026-07-26T19:43:00+00:00,refunded,60.22,10,EUR,2026-07-30T12:43:00+00:00
51369,1073,2026-07-02T00:36:00+00:00,paid,82.09,0,EUR,2026-07-03T01:36:00+00:00
51370,1064,2026-07-09T03:15:00+00:00,shipped,125.6,15,EUR,2026-07-11T23:15:00+00:00
51371,1063,2026-08-03T21:48:00+00:00,paid,41.89,0,EUR,2026-08-05T11:48:00+00:00
51372,1117,2026-07-04T18:25:00+00:00,shipped,115.09,5,EUR,2026-07-07T03:25:00+00:00
51373,1172,2026-07-16T18:14:00+00:00,paid,65.16,0,EUR,2026-07-18T01:14:00+00:00
51374,1111,2026-07-08T20:46:00+00:00,paid,71.82,0,EUR,2026-07-11T11:46:00+00:00
51375,1065,2026-07-04T23:26:00+00:00,paid,281.27,20,EUR,2026-07-08T18:26:00+00:00
51376,1212,2026-07-17T01:32:00+00:00,shipped,107.88,20,EUR,2026-07-19T15:32:00+00:00
51377,1126,2026-07-20T19:33:00+00:00,shipped,49.13,0,EUR,2026-07-24T11:33:00+00:00
51378,1087,2026-07-07T16:38:00+00:00,paid,91.82,0,EUR,2026-07-11T09:38:00+00:00
51379,1003,2026-07-03T22:56:00+00:00,paid,129.52,15,EUR,2026-07-04T09:56:00+00:00
51380,1124,2026-07-06T02:50:00+00:00,cancelled,108.63,20,EUR,2026-07-09T22:50:00+00:00
51381,1137,2026-07-25T18:12:00+00:00,paid,10.89,10,EUR,2026-07-29T00:12:00+00:00
51382,1205,2026-08-02T16:34:00+00:00,paid,69.84,0,PLN,2026-08-04T08:34:00+00:00
51383,1051,2026-07-07T20:25:00+00:00,shipped,94.41,0,EUR,2026-07-10T05:25:00+00:00
51384,1036,2026-07-13T04:12:00+00:00,paid,89.6,15,EUR,2026-07-15T15:12:00+00:00
51385,1220,2026-07-14T01:33:00+00:00,paid,52.0,10,EUR,2026-07-17T04:33:00+00:00
51386,1122,2026-07-14T17:00:00+00:00,paid,109.8,10,EUR,2026-07-17T22:00:00+00:00
51387,1006,2026-07-10T06:48:00+00:00,paid,141.2,5,EUR,2026-07-10T15:48:00+00:00
51388,1024,2026-07-03T02:24:00+00:00,paid,19.19,0,EUR,2026-07-03T02:24:00+00:00
51389,1105,2026-07-20T22:56:00+00:00,shipped,17.62,0,PLN,2026-07-21T21:56:00+00:00
51390,1136,2026-07-14T13:55:00+00:00,shipped,91.3,10,EUR,2026-07-16T15:55:00+00:00
51391,1054,2026-07-14T00:08:00+00:00,paid,115.51,0,EUR,2026-07-17T09:08:00+00:00
51392,1081,2026-07-11T01:30:00+00:00,cancelled,46.73,5,EUR,2026-07-13T15:30:00+00:00
51393,1162,2026-08-05T07:33:00+00:00,paid,11.56,5,EUR,2026-08-05T20:33:00+00:00
51394,1213,2026-07-24T04:45:00+00:00,shipped,70.63,10,EUR,2026-07-27T00:45:00+00:00
51395,1109,2026-07-16T21:50:00+00:00,paid,90.46,0,EUR,2026-07-18T17:50:00+00:00
51396,1092,2026-07-08T19:18:00+00:00,shipped,58.12,10,EUR,2026-07-10T06:18:00+00:00
51397,1080,2026-07-31T10:37:00+00:00,paid,131.5,0,EUR,2026-08-03T12:37:00+00:00
51398,1030,2026-08-03T18:11:00+00:00,paid,86.96,0,PLN,2026-08-04T22:11:00+00:00
51399,1012,2026-07-02T05:28:00+00:00,paid,43.16,0,EUR,2026-07-04T16:28:00+00:00
51400,1184,2026-08-05T07:51:00+00:00,paid,46.47,0,EUR,2026-08-06T00:51:00+00:00
51401,1009,2026-07-27T13:52:00+00:00,paid,71.66,15,PLN,2026-07-29T01:52:00+00:00
51402,1181,2026-07-04T19:02:00+00:00,shipped,55.42,15,EUR,2026-07-07T00:02:00+00:00
51403,1055,2026-07-29T14:52:00+00:00,cancelled,16.62,0,EUR,2026-08-01T01:52:00+00:00
51404,1153,2026-07-05T01:57:00+00:00,paid,82.2,10,EUR,2026-07-08T17:57:00+00:00
51405,1210,2026-07-02T22:23:00+00:00,cancelled,47.36,0,EUR,2026-07-04T01:23:00+00:00
51406,1165,2026-07-05T09:10:00+00:00,shipped,53.29,5,EUR,2026-07-08T23:10:00+00:00
51407,1161,2026-07-18T11:22:00+00:00,cancelled,32.03,15,EUR,2026-07-21T17:22:00+00:00
51408,1059,2026-07-24T13:02:00+00:00,shipped,174.95,0,EUR,2026-07-25T23:02:00+00:00
51409,1132,2026-07-16T11:28:00+00:00,shipped,103.91,0,PLN,2026-07-17T00:28:00+00:00
51410,1142,2026-07-05T15:14:00+00:00,paid,201.18,0,PLN,2026-07-06T15:14:00+00:00
51411,1094,2026-07-08T13:38:00+00:00,shipped,57.92,0,EUR,2026-07-11T04:38:00+00:00
51412,1009,2026-08-02T09:22:00+00:00,cancelled,107.64,15,EUR,2026-08-05T12:22:00+00:00
51413,1201,2026-08-06T13:54:00+00:00,paid,83.14,0,EUR,2026-08-08T23:54:00+00:00
51414,1044,2026-07-29T15:53:00+00:00,paid,44.4,0,EUR,2026-08-01T12:53:00+00:00
51415,1215,2026-07-04T22:18:00+00:00,paid,57.51,0,EUR,2026-07-05T07:18:00+00:00
51416,1206,2026-08-01T03:39:00+00:00,refunded,103.79,15,EUR,2026-08-03T03:39:00+00:00
51417,1005,2026-07-27T07:05:00+00:00,paid,31.99,0,EUR,2026-07-30T18:05:00+00:00
51418,1163,2026-07-20T23:46:00+00:00,shipped,132.31,5,EUR,2026-07-22T12:46:00+00:00
51419,1140,2026-07-06T10:38:00+00:00,cancelled,78.74,5,EUR,2026-07-10T00:38:00+00:00
51420,1051,2026-08-07T20:58:00+00:00,refunded,121.75,0,EUR,2026-08-08T07:58:00+00:00
51421,1179,2026-07-17T19:39:00+00:00,paid,90.69,0,EUR,2026-07-21T16:39:00+00:00
51422,1025,2026-07-02T16:17:00+00:00,shipped,19.32,0,EUR,2026-07-05T19:17:00+00:00
51423,1055,2026-07-08T23:29:00+00:00,cancelled,69.88,0,PLN,2026-07-11T11:29:00+00:00
51424,1209,2026-07-16T05:57:00+00:00,paid,134.07,5,EUR,2026-07-18T16:57:00+00:00
51425,1164,2026-07-03T08:50:00+00:00,shipped,77.98,10,EUR,2026-07-07T01:50:00+00:00
51426,1025,2026-07-13T07:25:00+00:00,paid,71.09,0,EUR,2026-07-14T19:25:00+00:00
51427,1032,2026-07-18T19:11:00+00:00,shipped,77.93,0,EUR,2026-07-19T10:11:00+00:00
51428,1057,2026-08-06T01:09:00+00:00,paid,15.44,0,EUR,2026-08-09T17:09:00+00:00
51429,1016,2026-07-04T06:46:00+00:00,paid,142.59,0,EUR,2026-07-04T15:46:00+00:00
51430,1041,2026-07-22T22:05:00+00:00,paid,8.77,10,EUR,2026-07-25T13:05:00+00:00
51431,1126,2026-08-04T19:10:00+00:00,paid,160.82,10,EUR,2026-08-05T20:10:00+00:00
51432,1002,2026-07-31T15:14:00+00:00,paid,55.08,10,EUR,2026-08-04T08:14:00+00:00
51433,1064,2026-08-05T03:32:00+00:00,shipped,94.77,0,EUR,2026-08-09T00:32:00+00:00
51434,1070,2026-07-07T11:21:00+00:00,paid,14.2,0,PLN,2026-07-09T08:21:00+00:00
51435,1214,2026-07-31T10:49:00+00:00,paid,114.73,0,EUR,2026-08-02T13:49:00+00:00
51436,1215,2026-08-07T04:30:00+00:00,shipped,102.82,20,EUR,2026-08-08T23:30:00+00:00
51437,1187,2026-07-13T09:20:00+00:00,shipped,98.92,5,EUR,2026-07-15T01:20:00+00:00
51438,1076,2026-07-19T22:45:00+00:00,paid,13.59,15,EUR,2026-07-23T15:45:00+00:00
51439,1117,2026-07-21T04:07:00+00:00,cancelled,40.08,0,EUR,2026-07-22T07:07:00+00:00
51440,1111,2026-07-19T18:13:00+00:00,paid,91.0,0,PLN,2026-07-23T14:13:00+00:00
51441,1190,2026-07-12T00:16:00+00:00,cancelled,140.23,10,EUR,2026-07-14T14:16:00+00:00
51442,1165,2026-08-06T21:26:00+00:00,paid,35.67,0,PLN,2026-08-10T17:26:00+00:00
51443,1200,2026-08-06T08:19:00+00:00,shipped,36.44,5,EUR,2026-08-08T18:19:00+00:00
51444,1122,2026-07-15T11:13:00+00:00,refunded,87.2,0,EUR,2026-07-18T17:13:00+00:00
51445,1203,2026-07-31T14:25:00+00:00,cancelled,266.3,20,EUR,2026-08-02T13:25:00+00:00
51446,1164,2026-07-16T02:32:00+00:00,shipped,44.99,0,PLN,2026-07-17T22:32:00+00:00
51447,1163,2026-07-31T04:52:00+00:00,shipped,54.62,15,EUR,2026-08-01T04:52:00+00:00
51448,1146,2026-07-23T05:17:00+00:00,paid,49.05,0,EUR,2026-07-24T01:17:00+00:00
51449,1074,2026-07-18T20:47:00+00:00,shipped,65.26,0,EUR,2026-07-18T23:47:00+00:00
51450,1134,2026-07-05T20:47:00+00:00,shipped,147.06,0,EUR,2026-07-07T08:47:00+00:00
51451,1079,2026-07-25T20:59:00+00:00,refunded,67.64,0,EUR,2026-07-29T18:59:00+00:00
51452,1143,2026-07-13T04:49:00+00:00,paid,281.7,20,EUR,2026-07-16T22:49:00+00:00
51453,1057,2026-07-09T05:46:00+00:00,paid,76.13,15,EUR,2026-07-11T23:46:00+00:00
51454,1176,2026-07-08T08:12:00+00:00,shipped,155.75,20,EUR,2026-07-09T18:12:00+00:00
51455,1126,2026-08-07T07:28:00+00:00,paid,57.52,20,EUR,2026-08-09T08:28:00+00:00
51456,1157,2026-07-04T22:11:00+00:00,paid,26.83,5,EUR,2026-07-07T22:11:00+00:00
51457,1049,2026-07-31T08:15:00+00:00,paid,67.57,0,EUR,2026-07-31T08:15:00+00:00
51458,1175,2026-08-02T21:55:00+00:00,shipped,99.86,15,PLN,2026-08-06T13:55:00+00:00
51459,1177,2026-07-02T04:19:00+00:00,paid,40.35,0,EUR,2026-07-05T15:19:00+00:00
51460,1033,2026-07-23T09:28:00+00:00,paid,140.97,10,EUR,2026-07-27T06:28:00+00:00
51461,1078,2026-07-22T22:35:00+00:00,paid,50.78,0,EUR,2026-07-23T07:35:00+00:00
51462,1150,2026-07-14T15:06:00+00:00,cancelled,32.04,5,EUR,2026-07-18T09:06:00+00:00
51463,1193,2026-07-26T08:02:00+00:00,shipped,250.17,0,EUR,2026-07-28T18:02:00+00:00
51464,1163,2026-07-16T12:42:00+00:00,paid,38.77,0,EUR,2026-07-18T17:42:00+00:00
51465,1104,2026-07-17T16:59:00+00:00,paid,49.71,0,EUR,2026-07-18T09:59:00+00:00
51466,1066,2026-07-17T09:32:00+00:00,shipped,110.4,0,EUR,2026-07-19T08:32:00+00:00
51467,1201,2026-07-31T10:12:00+00:00,paid,56.14,0,EUR,2026-08-01T20:12:00+00:00
51468,1193,2026-07-25T01:25:00+00:00,shipped,32.97,0,EUR,2026-07-28T23:25:00+00:00
51469,1198,2026-07-15T09:41:00+00:00,paid,46.21,0,EUR,2026-07-16T17:41:00+00:00
51470,1068,2026-08-05T05:12:00+00:00,cancelled,209.26,0,EUR,2026-08-06T01:12:00+00:00
51471,1097,2026-07-31T11:28:00+00:00,paid,102.12,0,EUR,2026-08-04T05:28:00+00:00
51472,1054,2026-08-05T10:41:00+00:00,shipped,115.09,10,PLN,2026-08-06T04:41:00+00:00
51473,1210,2026-07-28T18:13:00+00:00,paid,84.45,0,EUR,2026-08-01T08:13:00+00:00
51474,1191,2026-07-15T21:02:00+00:00,refunded,93.95,0,EUR,2026-07-19T17:02:00+00:00
51475,1039,2026-07-30T08:55:00+00:00,refunded,53.17,0,PLN,2026-07-31T13:55:00+00:00
51476,1055,2026-07-13T12:17:00+00:00,shipped,77.66,0,EUR,2026-07-16T06:17:00+00:00
51477,1122,2026-07-11T07:05:00+00:00,paid,12.45,0,PLN,2026-07-14T11:05:00+00:00
51478,1092,2026-07-18T03:21:00+00:00,paid,128.8,5,EUR,2026-07-20T06:21:00+00:00
51479,1102,2026-08-06T20:00:00+00:00,shipped,52.83,0,EUR,2026-08-09T14:00:00+00:00
51480,1081,2026-07-22T13:57:00+00:00,shipped,28.79,0,EUR,2026-07-23T01:57:00+00:00
51481,1149,2026-07-15T13:55:00+00:00,paid,80.63,0,EUR,2026-07-17T14:55:00+00:00
51482,1198,2026-07-18T13:10:00+00:00,paid,62.06,0,PLN,2026-07-20T14:10:00+00:00
51483,1202,2026-07-12T01:35:00+00:00,paid,125.97,0,EUR,2026-07-14T07:35:00+00:00
51484,1101,2026-07-26T00:46:00+00:00,cancelled,68.59,5,EUR,2026-07-29T18:46:00+00:00
51485,1183,2026-07-14T07:35:00+00:00,shipped,45.47,0,EUR,2026-07-17T14:35:00+00:00
51486,1153,2026-07-22T01:36:00+00:00,shipped,69.72,10,EUR,2026-07-24T10:36:00+00:00
51487,1044,2026-07-15T01:16:00+00:00,shipped,166.69,0,EUR,2026-07-16T15:16:00+00:00
51488,1175,2026-07-13T04:29:00+00:00,paid,128.57,0,EUR,2026-07-14T18:29:00+00:00
51489,1078,2026-08-06T20:51:00+00:00,paid,101.95,0,EUR,2026-08-06T21:51:00+00:00
51490,1139,2026-07-14T03:18:00+00:00,paid,132.03,0,EUR,2026-07-16T07:18:00+00:00
51491,1159,2026-07-03T16:18:00+00:00,shipped,106.97,0,PLN,2026-07-04T16:18:00+00:00
51492,1208,2026-07-15T09:16:00+00:00,paid,36.64,10,EUR,2026-07-18T22:16:00+00:00
51493,1209,2026-07-21T05:18:00+00:00,paid,115.68,10,EUR,2026-07-24T07:18:00+00:00
51494,1177,2026-07-04T14:18:00+00:00,paid,141.77,0,EUR,2026-07-08T05:18:00+00:00
51495,1112,2026-07-12T14:47:00+00:00,paid,146.69,0,EUR,2026-07-16T13:47:00+00:00
51496,1089,2026-07-07T07:26:00+00:00,shipped,30.79,15,EUR,2026-07-08T21:26:00+00:00
51497,1098,2026-07-20T00:35:00+00:00,paid,49.81,0,EUR,2026-07-21T17:35:00+00:00
51498,1210,2026-07-28T11:28:00+00:00,paid,44.56,0,EUR,2026-07-30T21:28:00+00:00
51499,1046,2026-08-06T19:15:00+00:00,shipped,57.13,15,EUR,2026-08-08T12:15:00+00:00
51500,1116,2026-07-15T18:51:00+00:00,paid,95.28,0,EUR,2026-07-16T20:51:00+00:00
51501,1150,2026-08-02T19:17:00+00:00,paid,79.29,0,EUR,2026-08-05T14:17:00+00:00
51502,1005,2026-07-09T03:39:00+00:00,paid,79.31,0,PLN,2026-07-10T22:39:00+00:00
51503,1140,2026-07-30T15:48:00+00:00,shipped,24.45,0,EUR,2026-08-03T09:48:00+00:00
51504,1058,2026-07-22T09:09:00+00:00,paid,48.47,0,EUR,2026-07-23T06:09:00+00:00
51505,1062,2026-07-29T19:27:00+00:00,shipped,153.34,5,EUR,2026-07-31T13:27:00+00:00
51506,1137,2026-07-29T17:03:00+00:00,cancelled,141.39,0,EUR,2026-07-31T20:03:00+00:00
51507,1002,2026-07-21T05:34:00+00:00,shipped,67.8,0,EUR,2026-07-24T20:34:00+00:00
51508,1035,2026-07-10T18:46:00+00:00,paid,115.87,0,EUR,2026-07-13T01:46:00+00:00
51509,1101,2026-07-20T23:52:00+00:00,shipped,89.84,10,EUR,2026-07-21T05:52:00+00:00
51510,1129,2026-08-01T10:01:00+00:00,paid,123.88,0,EUR,2026-08-02T18:01:00+00:00
51511,1025,2026-08-06T21:14:00+00:00,paid,119.05,10,EUR,2026-08-10T10:14:00+00:00
51512,1080,2026-08-05T05:53:00+00:00,paid,71.53,0,EUR,2026-08-06T07:53:00+00:00
51513,1068,2026-07-07T21:29:00+00:00,paid,102.35,0,EUR,2026-07-09T05:29:00+00:00
51514,1118,2026-07-23T16:49:00+00:00,paid,93.67,0,EUR,2026-07-24T06:49:00+00:00
51515,1067,2026-07-04T23:23:00+00:00,paid,72.81,0,EUR,2026-07-07T20:23:00+00:00
51516,1001,2026-07-26T10:04:00+00:00,paid,62.64,0,EUR,2026-07-26T23:04:00+00:00
51517,1117,2026-08-07T17:00:00+00:00,paid,192.14,10,EUR,2026-08-09T04:00:00+00:00
51518,1187,2026-07-02T23:56:00+00:00,shipped,72.87,15,EUR,2026-07-05T19:56:00+00:00
51519,1129,2026-07-25T22:47:00+00:00,cancelled,111.44,10,EUR,2026-07-29T11:47:00+00:00
51520,1080,2026-08-05T22:18:00+00:00,paid,183.33,0,PLN,2026-08-06T19:18:00+00:00
51521,1107,2026-08-02T04:37:00+00:00,shipped,102.24,0,EUR,2026-08-03T11:37:00+00:00
51522,1031,2026-07-15T21:56:00+00:00,paid,99.36,5,EUR,2026-07-16T08:56:00+00:00
51523,1053,2026-07-04T22:46:00+00:00,paid,73.15,0,EUR,2026-07-06T16:46:00+00:00
51524,1097,2026-08-05T02:35:00+00:00,paid,94.75,10,EUR,2026-08-09T01:35:00+00:00
51525,1131,2026-08-05T00:14:00+00:00,paid,59.07,15,EUR,2026-08-06T05:14:00+00:00
51526,1107,2026-07-23T00:01:00+00:00,paid,303.46,0,EUR,2026-07-24T00:01:00+00:00
51527,1212,2026-08-07T04:45:00+00:00,paid,24.93,15,EUR,2026-08-08T18:45:00+00:00
51528,1141,2026-07-01T04:12:00+00:00,paid,65.34,10,EUR,2026-07-04T18:12:00+00:00
51529,1006,2026-07-24T10:20:00+00:00,paid,103.31,0,EUR,2026-07-26T14:20:00+00:00
51530,1116,2026-07-02T11:09:00+00:00,paid,99.42,15,EUR,2026-07-04T21:09:00+00:00
51531,1129,2026-08-05T13:21:00+00:00,paid,59.0,0,EUR,2026-08-08T15:21:00+00:00
51532,1010,2026-07-26T20:32:00+00:00,paid,17.79,0,EUR,2026-07-29T16:32:00+00:00
51533,1085,2026-08-04T17:02:00+00:00,shipped,28.47,0,EUR,2026-08-07T02:02:00+00:00
51534,1192,2026-07-22T09:09:00+00:00,paid,82.95,0,EUR,2026-07-24T14:09:00+00:00
51535,1079,2026-07-04T03:56:00+00:00,shipped,13.25,0,EUR,2026-07-06T06:56:00+00:00
51536,1101,2026-07-02T00:11:00+00:00,paid,107.92,15,EUR,2026-07-02T17:11:00+00:00
51537,1049,2026-07-13T18:02:00+00:00,paid,148.73,0,EUR,2026-07-15T09:02:00+00:00
51538,1017,2026-07-29T06:02:00+00:00,refunded,120.07,0,EUR,2026-08-01T15:02:00+00:00
51539,1071,2026-07-06T17:44:00+00:00,paid,135.01,5,EUR,2026-07-06T20:44:00+00:00
51540,1171,2026-08-02T09:09:00+00:00,paid,13.76,0,PLN,2026-08-05T16:09:00+00:00
51541,1217,2026-07-10T02:24:00+00:00,paid,60.64,5,PLN,2026-07-12T08:24:00+00:00
51542,1146,2026-07-19T20:43:00+00:00,refunded,34.46,0,EUR,2026-07-21T05:43:00+00:00
51543,1183,2026-07-08T17:12:00+00:00,shipped,20.59,20,EUR,2026-07-09T03:12:00+00:00
51544,1143,2026-07-18T16:46:00+00:00,shipped,52.1,5,EUR,2026-07-21T17:46:00+00:00
51545,1145,2026-07-18T04:22:00+00:00,refunded,180.61,0,EUR,2026-07-18T04:22:00+00:00
51546,1094,2026-07-01T04:59:00+00:00,paid,210.83,0,EUR,2026-07-03T08:59:00+00:00
51547,1014,2026-07-22T13:50:00+00:00,refunded,38.03,0,EUR,2026-07-23T04:50:00+00:00
51548,1091,2026-07-30T21:25:00+00:00,paid,76.35,20,EUR,2026-08-03T12:25:00+00:00
51549,1191,2026-08-05T13:53:00+00:00,shipped,93.89,5,EUR,2026-08-06T06:53:00+00:00
51550,1118,2026-07-13T13:36:00+00:00,paid,60.94,0,EUR,2026-07-16T18:36:00+00:00
51551,1168,2026-08-03T11:05:00+00:00,paid,155.27,0,EUR,2026-08-05T18:05:00+00:00
51552,1012,2026-08-03T09:25:00+00:00,cancelled,52.67,15,EUR,2026-08-03T12:25:00+00:00
51553,1045,2026-08-07T13:24:00+00:00,paid,46.53,0,EUR,2026-08-10T10:24:00+00:00
51554,1066,2026-07-15T04:13:00+00:00,refunded,39.6,5,EUR,2026-07-18T16:13:00+00:00
51555,1080,2026-08-02T08:00:00+00:00,paid,60.64,10,EUR,2026-08-03T05:00:00+00:00
51556,1218,2026-07-22T11:21:00+00:00,shipped,5.4,0,EUR,2026-07-26T07:21:00+00:00
51557,1102,2026-07-03T05:08:00+00:00,refunded,62.67,0,EUR,2026-07-06T09:08:00+00:00
51558,1146,2026-07-11T06:33:00+00:00,paid,79.49,0,EUR,2026-07-14T05:33:00+00:00
51559,1142,2026-07-26T12:54:00+00:00,cancelled,82.83,0,EUR,2026-07-27T20:54:00+00:00
51560,1093,2026-07-07T02:27:00+00:00,shipped,32.83,20,EUR,2026-07-07T13:27:00+00:00
51561,1213,2026-07-17T12:28:00+00:00,shipped,81.79,5,EUR,2026-07-19T05:28:00+00:00
51562,1049,2026-07-30T10:42:00+00:00,paid,80.67,10,EUR,2026-08-02T15:42:00+00:00
51563,1008,2026-07-06T16:34:00+00:00,paid,81.85,0,EUR,2026-07-09T00:34:00+00:00
51564,1164,2026-07-19T20:53:00+00:00,shipped,121.53,0,EUR,2026-07-22T10:53:00+00:00
51565,1144,2026-07-09T03:57:00+00:00,paid,31.75,5,PLN,2026-07-12T05:57:00+00:00
51566,1058,2026-07-21T09:16:00+00:00,paid,61.45,0,EUR,2026-07-22T17:16:00+00:00
51567,1191,2026-07-10T03:31:00+00:00,paid,16.71,0,EUR,2026-07-10T06:31:00+00:00
51568,1036,2026-08-06T16:27:00+00:00,cancelled,114.57,0,EUR,2026-08-10T04:27:00+00:00
51569,1056,2026-07-03T21:57:00+00:00,paid,35.82,5,EUR,2026-07-06T07:57:00+00:00
51570,1034,2026-08-06T14:47:00+00:00,shipped,133.29,10,PLN,2026-08-08T20:47:00+00:00
51571,1041,2026-07-31T02:11:00+00:00,refunded,136.19,0,EUR,2026-08-02T09:11:00+00:00
51572,1161,2026-08-02T12:20:00+00:00,paid,65.69,15,EUR,2026-08-05T21:20:00+00:00
51573,1155,2026-08-02T08:34:00+00:00,paid,63.34,0,EUR,2026-08-05T09:34:00+00:00
51574,1142,2026-07-08T03:05:00+00:00,shipped,23.1,0,EUR,2026-07-10T19:05:00+00:00
51575,1190,2026-08-05T09:09:00+00:00,paid,74.71,0,EUR,2026-08-08T12:09:00+00:00
51576,1016,2026-07-23T13:58:00+00:00,shipped,120.87,10,EUR,2026-07-24T16:58:00+00:00
51577,1137,2026-08-06T13:29:00+00:00,shipped,88.61,0,EUR,2026-08-09T09:29:00+00:00
51578,1026,2026-08-03T08:52:00+00:00,shipped,166.76,0,EUR,2026-08-07T05:52:00+00:00
51579,1211,2026-07-23T00:36:00+00:00,paid,56.53,0,EUR,2026-07-23T22:36:00+00:00
51580,1140,2026-07-15T05:30:00+00:00,shipped,56.48,5,EUR,2026-07-17T11:30:00+00:00
51581,1168,2026-07-05T10:57:00+00:00,shipped,37.73,10,EUR,2026-07-08T03:57:00+00:00
51582,1126,2026-07-04T20:12:00+00:00,paid,234.6,0,EUR,2026-07-06T21:12:00+00:00
51583,1085,2026-07-15T19:24:00+00:00,shipped,22.91,15,EUR,2026-07-19T16:24:00+00:00
51584,1151,2026-07-31T19:35:00+00:00,cancelled,115.47,0,EUR,2026-08-02T09:35:00+00:00
51585,1184,2026-07-20T04:52:00+00:00,shipped,122.43,0,EUR,2026-07-21T00:52:00+00:00
51586,1040,2026-07-19T07:22:00+00:00,paid,119.19,0,EUR,2026-07-19T20:22:00+00:00
51587,1192,2026-07-10T06:56:00+00:00,paid,40.2,5,EUR,2026-07-13T15:56:00+00:00
51588,1160,2026-07-22T10:43:00+00:00,paid,65.66,0,EUR,2026-07-25T03:43:00+00:00
51589,1019,2026-07-25T05:55:00+00:00,paid,105.21,0,EUR,2026-07-27T12:55:00+00:00
51590,1206,2026-08-07T07:42:00+00:00,paid,47.16,0,EUR,2026-08-09T00:42:00+00:00
51591,1040,2026-07-28T17:13:00+00:00,refunded,59.44,0,EUR,2026-07-30T08:13:00+00:00
51592,1133,2026-07-24T01:46:00+00:00,paid,47.76,5,EUR,2026-07-27T18:46:00+00:00
51593,1029,2026-08-04T13:59:00+00:00,shipped,78.14,20,EUR,2026-08-07T06:59:00+00:00
51594,1044,2026-07-17T03:34:00+00:00,paid,74.76,0,EUR,2026-07-20T23:34:00+00:00
51595,1142,2026-08-05T12:40:00+00:00,paid,185.04,5,EUR,2026-08-08T16:40:00+00:00
51596,1150,2026-07-15T01:25:00+00:00,paid,106.68,0,EUR,2026-07-18T02:25:00+00:00
51597,1152,2026-07-05T20:32:00+00:00,paid,27.63,0,EUR,2026-07-08T01:32:00+00:00
51598,1076,2026-07-16T20:52:00+00:00,shipped,29.49,0,EUR,2026-07-17T19:52:00+00:00
51599,1181,2026-07-05T21:26:00+00:00,refunded,116.76,20,EUR,2026-07-08T11:26:00+00:00
51600,1011,2026-07-05T11:58:00+00:00,cancelled,74.22,0,EUR,2026-07-08T07:58:00+00:00
50311,1033,2026-07-03T07:17:00+00:00,refunded,78.46,0,EUR,2026-07-07 06:17:00+00:00
50051,1151,2026-07-15T01:19:00+00:00,paid,165.23,0,EUR,2026-07-15T11:19:00+00:00
